Disease ID,Disease Name,P-values for each orbit,,,,,,,,,,,,,,,,,,,,,,,,,,,,,,,,,,,,,,,,,,,,,,,,,,,,,,,,,,,,,,,,,,,,,,,,
C0036095,Salivary Gland Neoplasms,0.2868,0.1406,1,0.9996,0.1822,0.9994,0.2686,0.9998,0.999,0.7764,0.9996,0.9994,0.9908,0.9996,0.9882,0.2066,0.9998,0.994,0.281,0.5106,1,0.9998,0.701,0.9998,0.4702,1,1,0.2292,1,0.9984,0.9994,0.9114,1,0.9998,0.9994,0.454,0.9996,0.991,0.9998,0.995,0.9994,1,1,0.9998,1,0.8428,0.9948,0.9998,1,0.9768,0.9988,0.9996,0.9998,1,0.9984,1,0.9666,0.9984,0.999,0.9996,1,0.9998,0.9984,0.9992,1,0.9988,0.9978,0.9996,0.9998,1,0.9908,0.998,0.9944
C0033941,"Psychoses, Substance-Induced",0.6732,0.2918,0.9986,0.9854,0.4228,0.9984,0.0696,0.997,0.993,0.1442,0.9936,0.9976,0.9586,0.9918,0.9844,0.3496,0.9974,0.9974,0.4938,0.367,0.9998,0.9998,0.3186,0.9994,0.3458,0.9954,0.9998,0.5154,1,0.986,0.999,0.0878,0.9862,0.9998,0.998,0.2356,0.9976,0.9802,0.9996,0.4758,0.918,0.9966,0.9996,0.993,0.9998,0.2776,0.9734,0.9988,0.9932,0.9746,0.9992,0.999,0.995,0.9946,0.8686,0.998,0.939,0.9748,0.9896,0.9776,0.9862,0.9972,0.9934,0.9872,0.9862,0.9308,0.9812,0.9788,0.966,0.9962,0.9724,0.973,0.9844
C0043459,Zellweger Syndrome,0.5018,0.4802,0.7728,0.7928,0.264,0.8392,0.416,0.732,0.6118,0.6306,0.8632,0.695,0.8348,0.9092,0.8944,0.2646,0.8958,0.8948,0.211,0.5428,0.7648,0.7674,0.8484,0.6962,0.5246,0.7638,0.6144,0.1998,0.9832,0.9096,0.7786,0.9824,0.5894,0.7022,0.9502,0.6182,0.7212,0.534,0.6672,0.968,0.6712,0.7724,0.6544,0.6554,0.8678,0.7172,0.7944,0.8818,0.7692,0.3748,0.5652,0.8206,0.8246,0.6078,0.8698,0,0.954,0.8298,0.9052,0.8986,0.601,0,0.5826,0.704,0.593,0.862,0.8434,0.836,0.6456,0,0.8376,0.9066,0
C0033860,Psoriasis,0.0034,0,0.9802,0.9884,0,0.9894,0.0446,0.9944,0.9046,0.0298,0.8496,0.9984,0.927,0.9704,0.9848,0.0002,0.9976,0.977,0.0002,0.1486,0.999,0.9928,0.6294,0.9974,0.0364,0.8504,0.9822,0,0.988,0.9012,0.985,0.383,0.994,0.9926,0.98,0.0048,0.9488,0.9522,0.982,0.4834,0.9332,0.9864,0.9646,0.863,0.9896,0.0642,0.8614,0.9744,0.9764,0.9302,0.9,0.9866,0.7138,0.9586,0.973,0.9462,0.8406,0.9448,0.9768,0.7512,0.9712,0.9896,0.943,0.9486,0.9218,0.9586,0.9618,0.9618,0.8456,0,0.8756,0,0
C0027726,Nephrotic Syndrome,0.3848,0.0756,1,0.9894,0.1678,0.9984,0.386,0.9988,0.98,0.2922,0.9976,0.9912,0.9744,0.9952,0.9856,0.1858,0.999,0.9084,0.3464,0.0934,0.9998,0.9954,0.8226,0.998,0.2542,0.9876,0.999,0.2208,0.9974,0.9956,0.985,0.3962,0.999,0.9988,0.9592,0.0236,0.9382,0.9584,0.98,0.469,0.9714,0.9968,0.9986,0.9962,0.9906,0.3908,0.9824,0.9988,0.9972,0.9708,0.9754,0.9138,0.969,0.9788,0.966,0.997,0.6488,0.9812,0.9944,0.9808,0.9928,0.9982,0.9818,0.9918,0.9834,0.9722,0.9866,0.9956,0.994,0.9966,0.9492,0.9898,0.972
C0338480,Common Migraine,0.603,0.23,0.6274,0.678,0.2414,0.7034,0.1982,0.8382,0.6296,0.2916,0.626,0.8216,0.5358,0.6806,0.7358,0.2716,0.7188,0.5548,0.3146,0.2102,0.5946,0.7178,0.5108,0.787,0.2014,0.7554,0.6948,0.2694,0.8784,0.5976,0.7674,0.4656,0.8692,0.8692,0.668,0.1372,0.6644,0.294,0.673,0.337,0.5994,0.6514,0.6778,0.7104,0.7908,0.3542,0.629,0.6636,0.5474,0.6584,0.491,0.5496,0.7814,0.4476,0.5762,0.7228,0.4512,0.6862,0.8026,0.6336,0.5384,0,0.633,0.4468,0.5428,0.5366,0.7504,0,0.5254,0,0.6722,0,0
C0026636,Mouth Diseases,0.2474,0.1386,0.9308,0.9632,0.1888,0.9662,0.317,0.9654,0.9304,0.5356,0.9782,0.9898,0.96,0.9926,0.997,0.193,0.9474,0.9808,0.2682,0.6144,0.9898,0.9856,0.6752,0.9774,0.594,0.992,0.9922,0.2732,0.9808,0.9764,0.995,0.7874,0.9874,0.9912,0.9874,0.431,0.9692,0.9634,0.9702,0.8004,0.9864,0.988,0.9922,0.9864,0.9968,0.692,0.9764,0.9916,0.9946,0.93,0.9416,0.9856,0.9938,0.9876,0.9914,0.9844,0.76,0.9962,0.9968,0.9784,0.9912,0.9944,0.9512,0.9812,0.9868,0.979,0.9956,0.9956,0.9826,0.9906,0.9842,0.9964,0.9958
C1838979,MITOCHONDRIAL COMPLEX I DEFICIENCY,0.9892,0.6794,1,1,0.7138,1,0.0152,0.9998,1,0.9662,1,1,1,1,1,0.726,0.9998,0.9996,0.9478,0.1708,1,1,0.0912,0.999,0.8954,1,1,0.8664,1,1,1,0.4012,1,1,0.9992,0.5852,0.9992,0.9954,1,0.9536,0.999,1,1,1,1,0.9032,1,1,1,0.9924,0.9996,0.9994,1,1,0.9986,1,1,1,1,1,1,1,0.9998,1,1,1,1,1,1,1,1,1,1
C0236969,Substance-Related Disorders,0.5164,0.292,0.7328,0.3968,0.4758,0.7332,0.1556,0.7414,0.5638,0.306,0.4972,0.675,0.6618,0.5934,0,0.473,0.6628,0.909,0.7,0.277,0.8346,0.7262,0.1746,0.7392,0.2252,0.6768,0.7528,0.6406,0.8808,0.7072,0.75,0.076,0.6832,0.739,0.9182,0.3186,0.8002,0.7378,0.7668,0.069,0.556,0.6824,0.788,0.684,0,0.1282,0.7604,0.7306,0.6392,0.6394,0.86,0.688,0.7762,0.671,0.6374,0,0.1876,0,0,0.6048,0.6308,0,0.4936,0.6988,0.5692,0.5966,0,0,0,0,0,0,0
C0002878,"Anemia, Hemolytic",0.2116,0.0824,0.9248,0.9452,0.106,0.9648,0.5006,0.9836,0.9182,0.3564,0.9364,0.9704,0.8278,0.9524,0.9498,0.102,0.9648,0.9262,0.1616,0.438,0.9886,0.9758,0.9518,0.9824,0.5672,0.9478,0.9712,0.1268,0.938,0.972,0.956,0.9754,0.9176,0.97,0.9706,0.4972,0.9474,0.9012,0.943,0.8226,0.9558,0.966,0.978,0.9712,0.973,0.7776,0.9402,0.92,0.9722,0.7882,0.9278,0.9442,0.9738,0.9494,0.8978,0.9634,0.669,0.9342,0.9482,0.9704,0.9656,0.9758,0.8924,0.9098,0.9566,0.9174,0.9008,0.9278,0.9372,0.9812,0.8742,0.9414,0.9088
C0003873,Rheumatoid Arthritis,0.2186,0.0394,1,1,0.0504,1,0.357,1,1,0.7986,1,1,1,1,1,0.0444,1,1,0.1196,0.739,1,1,0.82,1,0.5514,1,1,0.0718,1,1,1,0.9878,1,1,1,0.7322,1,1,1,0.9986,1,1,1,1,1,0.9614,1,1,1,1,1,1,1,1,1,1,0.998,1,1,1,1,1,1,1,1,1,1,1,1,0,1,1,0
C0003872,"Arthritis, Psoriatic",0.461,0.2034,0.9992,0.9876,0.3848,0.981,0.063,0.9684,0.9618,0.1404,0.994,0.9924,0.9754,0.996,0.9964,0.2728,0.9906,0.9808,0.5834,0.3174,0.98,0.9802,0.082,0.9808,0.1774,0.9696,0.9802,0.3502,0.9494,0.9938,0.9712,0.5018,0.9596,0.9762,0.9744,0.2004,0.966,0.907,0.9544,0.4628,0.9254,0.9824,0.9864,0.9854,0.9874,0.3728,0.9812,0.9792,0.9748,0.9104,0.9468,0.9508,0.9834,0.9612,0.9584,0.991,0.82,0.9956,0.9944,0.963,0.9724,0.9896,0.8696,0.9816,0.9918,0.9206,0.9904,0.9984,0.9816,0.9888,0.9848,0.9748,0.9972
C0002871,Anemia,0.4138,0.329,0.9058,0.9896,0.3896,0.9292,0.1378,0.9736,0.6008,0.089,0.9568,0.9618,0.7374,0.9646,0.7336,0.306,0.9248,0.8414,0.2732,0.0348,0.8876,0.9344,0.6066,0.9612,0.0958,0.7484,0.8608,0.1388,0.7192,0.935,0.9444,0.3626,0.8512,0.9566,0.854,0.2216,0.7886,0.5598,0.9158,0.3304,0.7174,0.8928,0.9406,0.9068,0.922,0.2066,0.7928,0.806,0.8936,0.5454,0.7844,0.9006,0.9094,0.8924,0.6998,0.8846,0.2718,0.7138,0.7766,0.7052,0.7866,0.9694,0.8352,0.8802,0.8812,0.7326,0.7178,0,0.9102,0,0,0,0
C0206698,Cholangiocarcinoma,0.1436,0.0112,0.999,0.992,0.018,1,0.2162,1,0.9968,0.235,0.9994,0.9998,0.9986,1,0.9992,0.0202,0.9994,1,0.0212,0.292,1,1,0.9456,1,0.1906,1,1,0.022,1,0.9986,1,0.8168,1,1,1,0.2296,0.997,0.9998,1,0.8414,1,1,1,1,1,0.3474,0.9994,1,1,0.9944,0.9994,1,1,1,0.9998,1,0.8616,0.9996,1,0.9988,1,1,0.9994,0.999,1,0.9998,1,1,0.9996,0.9998,1,0.9994,0.999
C0206754,Neuroendocrine Tumors,0.3064,0.209,0.9394,0.9938,0.2564,0.9964,0.4906,0.996,0.9988,0.722,0.9978,0.9984,0.9912,0.9984,0.996,0.2274,0.9924,0.9994,0.3162,0.734,0.9978,0.9986,0.7316,0.9964,0.8676,0.9964,0.9994,0.264,0.9954,0.9988,0.999,0.8852,0.9828,0.9986,0.9998,0.8472,0.9996,0.9982,0.9992,0.869,0.989,0.995,0.999,0.9964,0.999,0.9132,0.9976,0.9988,0.9972,0.9804,0.9984,0.999,0.9992,0.9994,0.9878,0.9958,0.8472,0.995,0.9984,0.9946,0.9964,0.998,0.995,0.9992,0.9982,0.9796,0.9932,0.9958,0.9964,0.9992,0.9876,0.997,0.9924
C0024530,Malaria,0.8166,0.8408,0.925,0.9494,0.8718,0.9296,0.5604,0.9518,0.9506,0.4858,0.9344,0.976,0.8576,0.9322,0.7796,0.8878,0.933,0.9614,0.9268,0.7118,0.9502,0.9406,0.282,0.9482,0.7222,0.9116,0.9612,0.8924,0.8782,0.9416,0.9226,0.2396,0.9552,0.9722,0.9368,0.7228,0.9412,0.9054,0.9674,0.2314,0.81,0.8586,0.9698,0.8786,0.9778,0.6194,0.8162,0.9098,0.915,0.8118,0.9676,0.9388,0.8548,0.947,0.8308,0.8962,0.305,0.8792,0.8742,0.7514,0.9222,0.9652,0.8658,0.8796,0.8092,0.7298,0.8274,0.926,0.874,0,0.7906,0,0
C0598608,Hyperhomocysteinemia,0.7396,0.8198,0.9682,0.9818,0.7918,0.9878,0.2152,0.9584,0.9542,0.2314,0.9934,0.988,0.9496,0.9728,0.9688,0.7872,0.9852,0.989,0.5432,0.632,0.9212,0.9804,0.4406,0.9496,0.4818,0.9934,0.9824,0.546,0.986,0.9834,0.9844,0.502,0.9738,0.9696,0.99,0.7054,0.9808,0.9554,0.9586,0.5474,0.9776,0.9212,0.9694,0.9384,0.9836,0.327,0.971,0.986,0.9598,0.872,0.9652,0.9844,0.9814,0.9706,0.897,0.9576,0.5982,0.981,0.9792,0.975,0.9692,0.9812,0.9214,0.9638,0.9528,0.9182,0.9706,0.956,0.9246,0.9626,0.94,0.9762,0.942
C0019693,HIV Infections,0.0024,0,1,1,0,1,0,1,1,0.6652,1,1,1,1,1,0,1,1,0.0002,0.0192,1,1,0.9832,1,0.1746,1,1,0.0002,1,1,1,0.8044,1,1,1,0.0114,1,1,1,0.9898,1,1,1,1,1,0.8032,1,1,1,1,1,1,1,1,1,1,1,1,1,1,1,1,1,1,1,1,1,1,1,1,1,1,1
C0038013,Ankylosing spondylitis,0.5178,0.6542,0.832,0.9412,0.5092,0.751,0.2224,0.706,0.8894,0.7722,0.8122,0.8904,0.9112,0.9704,0.7882,0.5116,0.8306,0.8886,0.4962,0.2464,0.8136,0.7358,0.1322,0.6926,0.5154,0.824,0.7576,0.6412,0.8734,0.966,0.9048,0.42,0.818,0.7896,0.9696,0.1794,0.946,0.9354,0.9012,0.7024,0.7828,0.8514,0.8928,0.8178,0.8772,0.6824,0.8558,0.7612,0.8966,0.9302,0.914,0.8984,0.893,0.6942,0.7114,0.8628,0.4412,0.7994,0,0.8582,0.9042,0.816,0.9712,0.8388,0.8502,0.8762,0.8198,0.886,0.8826,0,0,0,0
C0010606,Adenoid Cystic Carcinoma,0.1304,0.0186,1,1,0.0482,1,0.207,1,1,0.8672,1,1,1,1,1,0.04,1,1,0.1006,0.5446,1,1,0.8336,1,0.4636,1,1,0.0942,1,1,1,0.997,1,1,1,0.321,1,1,1,1,1,1,1,1,1,0.9586,1,1,1,1,1,1,1,1,1,1,1,1,1,1,1,1,1,1,1,1,1,1,1,1,1,1,1
C3495559,Juvenile arthritis,0.0236,0.0002,0.9922,0.9964,0.0004,0.9966,0.4506,0.9992,0.9992,0.023,0.9998,0.9998,0.999,0.9998,0.9998,0.0006,0.999,0.9996,0.0054,0.0886,1,0.9994,0.9946,0.9952,0.0942,1,1,0.0036,1,0.998,1,0.9842,1,1,0.9998,0.009,0.9996,0.9998,1,0.9138,1,1,1,1,1,0.148,1,1,1,0.9974,1,1,1,1,1,1,0.9262,0.9998,1,1,0.9998,1,0.9994,1,1,1,0.9998,0.9998,1,1,1,0.9998,1
C0027659,"Neoplasms, Experimental",0.0648,0.0044,1,0.998,0.0104,0.9998,0.0428,1,0.9992,0.2542,1,1,1,1,1,0.011,1,1,0.0202,0.0542,1,1,0.9514,1,0.1324,1,1,0.0124,1,1,1,0.8246,1,1,0.9998,0.0292,0.9998,1,1,0.8738,1,1,1,1,1,0.5216,0.9998,1,1,1,0.9996,1,1,1,0.9996,1,0.99,1,1,1,1,1,1,1,1,1,1,1,0.9998,1,0.9996,1,0.9996
C0027658,"Neoplasms, Germ Cell and Embryonal",0.4812,0.3812,0.741,0.8732,0.5742,0.8352,0.3394,0.8488,0.5974,0.3504,0.5148,0.883,0.7068,0.9108,0.9114,0.5462,0.824,0.6816,0.726,0.5312,0.7196,0.8824,0.6152,0.916,0.351,0.5216,0.8562,0.6226,0.799,0.5906,0.8948,0.8156,0.803,0.8716,0.7076,0.4382,0.6706,0.7362,0.8344,0.4116,0.5426,0.8312,0.9424,0.646,0.9266,0.7464,0.7284,0.8382,0.9178,0.5062,0.8468,0.75,0.563,0.8196,0.6462,0.968,0.5388,0.8264,0.9168,0.7032,0.8324,0.9476,0.7088,0.7754,0.853,0.6966,0.8276,0.9578,0.8262,0.9358,0.812,0.9382,0.9516
C0002171,Alopecia Areata,0.8852,0.8776,0.976,0.9906,0.9644,0.975,0.0852,0.9568,0.9456,0.0246,0.8872,0.9832,0.7394,0.957,0,0.9348,0.9204,0.529,0.9694,0.016,0.6094,0.8066,0.0432,0.9098,0.029,0.4608,0.6688,0.8644,0.4732,0.6676,0.811,0.0142,0.3534,0.8962,0.4228,0.0188,0.761,0.569,0.9204,0.0554,0.4024,0.8012,0.789,0.3088,0,0.0292,0.4146,0.6518,0.7882,0.745,0.9188,0.6008,0.5402,0.9142,0.4496,0,0.0498,0,0,0.3618,0.8016,0,0.65,0.7658,0.885,0.4398,0,0,0.9156,0,0,0,0
C0002170,Alopecia,0.4378,0.3592,0.962,0.9936,0.274,0.9948,0.1854,0.9692,0.9952,0.6286,0.9964,0.9984,0.9952,0.9908,0.9968,0.3614,0.9638,0.9936,0.2552,0.4734,0.9898,0.9734,0.592,0.9766,0.4112,0.986,0.9892,0.2152,0.9958,0.994,0.9998,0.838,0.9916,0.9896,0.9756,0.2368,0.9818,0.9814,0.9874,0.886,0.9982,0.9614,0.9928,0.9972,0.9946,0.3056,0.998,0.9992,0.9682,0.929,0.9938,0.9898,0.9388,0.9876,0.995,0.979,0.9486,0.996,0.9996,0.997,0.9932,0.9878,0.9954,0.9988,0.99,0.9986,0.996,0.9972,0.999,0.9644,0.9988,0.9954,0.9978
C0428977,Bradycardia,0.9768,0.938,0.9484,0.6092,0.9476,0.8274,0.2106,0.7874,0.3076,0.907,0.5902,0.739,0.3294,0.6732,0,0.925,0.8234,0.3314,0.9626,0.9342,0.6174,0.6932,0.1,0.789,0.952,0.3684,0.6788,0.9476,0.7532,0.7196,0.6632,0.2452,0.4638,0.7218,0.502,0.744,0.3736,0.3268,0.5042,0.3248,0.3826,0.5716,0.6562,0.622,0.7706,0.9756,0.2618,0.5546,0.6414,0.2268,0.4886,0.3428,0.4232,0.4734,0.363,0,0.812,0,0,0.3184,0.5168,0,0.2,0.5716,0.5564,0.3396,0,0,0.4678,0,0,0,0
C0009447,Common Variable Immunodeficiency,0.3774,0.2982,0.9292,0.9696,0.2792,0.9024,0.9786,0.8816,0.9,0.727,0.9816,0.9312,0.9942,0.9082,0.965,0.2654,0.8788,0.9644,0.396,0.9694,0.9504,0.9174,0.5602,0.8938,0.8652,0.951,0.918,0.2632,0.9462,0.9792,0.9502,0.6276,0.9426,0.9258,0.9294,0.8326,0.896,0.9392,0.9134,0.863,0.9934,0.8854,0.8974,0.9186,0.9584,0.7056,0.9918,0.962,0.8908,0.9468,0.8656,0.9524,0.9442,0.918,0.9984,0.7642,0.9026,0.9724,0.9248,0.9746,0.9364,0.9074,0.962,0.9234,0.8798,0.9668,0.9752,0.9308,0.951,0.9676,0.9776,0.8542,0.952
C0017658,Glomerulonephritis,0.802,0.3792,0.9938,0.998,0.3774,0.9958,0.4594,0.9886,0.9886,0.1572,0.9858,0.997,0.973,0.9914,0.9804,0.382,0.9972,0.9168,0.5452,0.6858,0.9872,0.9884,0.51,0.9856,0.3856,0.9784,0.9702,0.4824,0.9674,0.9928,0.9924,0.4602,0.9714,0.9922,0.8996,0.5214,0.9572,0.954,0.9652,0.4954,0.9668,0.956,0.995,0.9918,0.9952,0.2778,0.9832,0.974,0.965,0.9738,0.9672,0.9734,0.997,0.9742,0.916,0.9794,0.676,0.9804,0.9832,0.9908,0.9722,0.958,0.9798,0.972,0.9764,0.942,0.9644,0.9782,0.979,0,0.9244,0,0
C0001973,"Alcoholic Intoxication, Chronic",0.9944,0.86,0.9984,0.988,0.9106,0.967,0.0498,0.9894,0.8694,0.7146,0.9656,0.9494,0.842,0.9764,0,0.9064,0.9766,0.8928,0.9756,0.6542,0.749,0.952,0.0154,0.9724,0.9672,0.683,0.9178,0.9454,0.8864,0.9564,0.8992,0.0894,0.8346,0.954,0.8822,0.7208,0.8242,0.8756,0.8866,0.406,0.6744,0.856,0.935,0.8936,0.9392,0.822,0.7446,0.8872,0.953,0.6824,0.7824,0.881,0.715,0.7602,0.654,0.8516,0.7268,0,0,0.6296,0.8916,0.8678,0.8446,0.9592,0.8958,0.5528,0,0,0.8554,0,0,0,0
C0273115,Lung Injury,0.3948,0.243,0.9998,0.997,0.3794,0.9968,0.1158,0.9988,0.9958,0.6452,0.9728,0.9998,0.9738,1,0.9972,0.3074,0.9966,0.9414,0.5546,0.0814,0.9882,0.9902,0.3804,0.9964,0.7214,0.9588,0.998,0.3508,0.9676,0.9926,0.9994,0.6564,0.9876,0.9988,0.925,0.1434,0.991,0.9384,0.9928,0.915,0.9724,0.9928,0.9996,0.987,0.9998,0.6016,0.9688,0.9926,0.99,0.9222,0.9966,0.9402,0.9728,0.9824,0.939,0.9996,0.7236,0.9986,0.9994,0.9716,0.966,0.9972,0.9192,0.982,0.9962,0.9624,0.9924,0.9986,0.9716,0.999,0.989,0.998,0.9974
C1136249,"Mental Retardation, X-Linked",0.2812,0.0858,0.8396,0.8466,0.0802,0.7858,0.5094,0.6526,0.5144,0.1792,0.6028,0.6044,0.5154,0.605,0,0.0898,0.747,0.798,0.1342,0.446,0.6502,0.6632,0.608,0.61,0.163,0.615,0.6874,0.0898,0.812,0.6074,0.5396,0.7916,0.7006,0.616,0.675,0.464,0.7038,0.4498,0.5188,0.206,0.5706,0.6494,0.6512,0.709,0.6128,0.268,0.4008,0.718,0.6158,0.3456,0.5584,0.6138,0.6356,0.4882,0.6584,0,0.3748,0,0,0.5188,0.6428,0,0.3242,0.4084,0.5882,0.5038,0,0,0.5312,0,0,0,0
C0038454,Cerebrovascular accident,0.4762,0.225,0.9978,0.999,0.3438,0.9996,0.0898,0.9998,0.994,0.7058,0.9998,1,0.9974,1,1,0.2698,0.9998,0.9988,0.5394,0.4696,1,0.9998,0.6894,0.9998,0.9056,0.996,1,0.3536,0.9996,0.9988,1,0.9318,1,0.9998,0.9988,0.4758,0.9952,0.9978,0.9998,0.9924,0.9982,1,1,0.9998,1,0.8926,0.997,1,1,0.9908,0.9996,0.9992,0.999,1,0.9998,1,0.9204,1,1,0.999,0.9998,1,0.9966,0.9988,0.9994,0.9922,1,1,0.9968,1,0.9998,1,0.9994
C0019284,Diaphragmatic Hernia,0.4734,0.5394,1,0.9978,0.4412,0.9994,0.2142,0.9998,0.9974,0.9238,0.9994,0.999,0.9958,0.9994,0.9942,0.402,0.9998,0.9982,0.4718,0.979,0.9908,0.9998,0.6912,0.9998,0.9892,0.9862,0.9998,0.374,0.9996,0.998,0.999,0.9172,0.9982,0.9998,0.9994,0.9562,0.999,0.9706,0.9982,0.9958,0.98,0.9978,0.9996,0.9968,0.9988,0.95,0.9908,0.9934,0.988,0.989,0.9986,0.992,0.9924,0.9878,0.9952,1,0.8692,0.9942,0.9972,0.9892,0.9856,0.9998,0.9962,0.9958,0.9832,0.9722,0.992,0.9988,0.9768,0,0.9888,0.9908,0
C0282612,Prostatic Intraepithelial Neoplasias,0.1582,0.1004,0.9928,0.9994,0.127,0.9998,0.197,1,0.9996,0.498,1,1,0.9998,1,0.9996,0.0916,0.9998,1,0.1578,0.3952,1,1,0.8546,1,0.4346,1,1,0.1232,1,0.9998,1,0.7226,1,1,1,0.3088,0.9998,1,1,0.8642,1,1,1,1,1,0.5084,0.9996,1,1,0.9988,0.9998,1,1,1,0.9996,1,0.764,0.9998,1,1,1,1,1,1,1,0.9986,0.9998,1,1,1,0.9994,0.9998,0.9998
C0751617,Semilobar Holoprosencephaly,0.9206,0.8618,0.838,0.9562,0.849,0.723,0.4646,0.6934,0.7212,0.2794,0.87,0.7792,0.839,0.7814,0.8846,0.8756,0.7146,0.4742,0.7724,0.3844,0.3936,0.6416,0.3958,0.6566,0.5606,0.731,0.7878,0.6984,0.4666,0.94,0.7636,0.5564,0.7974,0.734,0.5014,0.5094,0.747,0.6904,0.5306,0.48,0.6074,0.7792,0.6344,0.746,0.5968,0.3092,0.871,0.6882,0.8194,0.7688,0.6292,0.583,0.7836,0.6974,0.6004,0.8712,0.2912,0.9322,0.828,0.5914,0.7722,0.6624,0.6534,0.7568,0.7856,0.5242,0.8972,0.8324,0.8424,0,0.7062,0.8548,0
C0035258,Restless Legs Syndrome,0,0,0,0,0,0,0,0,0,0,0,0,0,0,0,0,0,0,0,0,0,0,0,0,0,0,0,0,0,0,0,0,0,0,0,0,0,0,0,0,0,0,0,0,0,0,0,0,0,0,0,0,0,0,0,0,0,0,0,0,0,0,0,0,0,0,0,0,0,0,0,0,0
C1142166,Brugada Syndrome (disorder),0.6526,0.6406,0.7804,0.8046,0.6884,0.7778,0.968,0.797,0.7754,0.9926,0.6468,0.7612,0.7462,0.7744,0.7754,0.5864,0.8294,0.8068,0.6696,0.9962,0.7716,0.8412,0.3602,0.8824,0.9978,0.8042,0.6772,0.6912,0.8638,0.6976,0.7,0.9732,0.5654,0.8496,0.8634,0.986,0.6518,0.7934,0.7594,0.9996,0.8104,0.6374,0.6884,0.8164,0.705,0.9812,0.6916,0.893,0.6232,0.7408,0.7856,0.7122,0.7938,0.6518,0.8488,0,0.955,0.7038,0.804,0.76,0.7004,0,0.6662,0.751,0.5648,0.9608,0.7866,0.8384,0.6962,0,0.7458,0,0
C0013990,Pathological accumulation of air in tissues,0.1704,0.1648,0.9818,0.9472,0.1738,0.9918,0.1024,0.9954,0.9772,0.333,0.9988,0.9972,0.9858,0.9984,0.9946,0.1802,0.9986,0.9832,0.1986,0.426,0.9968,0.9984,0.1426,0.9984,0.362,0.9948,0.9962,0.1838,0.9982,0.994,0.9946,0.569,0.984,0.9962,0.9932,0.3894,0.988,0.979,0.9926,0.8152,0.9622,0.9984,0.9972,0.9962,0.9978,0.3768,0.9914,0.9934,0.9996,0.9056,0.9932,0.9978,0.9968,0.9976,0.9246,0.9996,0.6794,0.9986,0.9992,0.9888,0.9986,0.9994,0.9816,0.9922,0.9944,0.9496,0.9984,0.9998,0.9868,0.997,0.9836,0.999,0.9946
C0018671,Head and Neck Neoplasms,0.3638,0.0674,1,1,0.1074,1,0.037,1,1,0.553,0.9992,1,0.9992,0.9998,0.9988,0.1062,1,1,0.1804,0.5478,0.9996,1,0.3556,1,0.578,0.9968,1,0.1566,0.9996,0.9982,1,0.4338,0.9878,1,1,0.519,1,0.9978,0.9998,0.8022,0.998,0.9996,0.9996,0.9976,0.9996,0.7394,0.9998,1,0.9996,0.9924,0.9998,1,0.9998,0.9998,0.9924,0.998,0.8658,0.9994,0.9998,0.9982,0.9986,0.9992,0.9994,0.9998,1,0.9994,1,1,0.9994,0.999,0.9984,0.9996,0.9992
C0006118,Brain Neoplasms,0.2526,0.1926,1,1,0.3492,1,0.0462,1,1,0.669,1,1,1,1,1,0.2776,1,1,0.445,0.5494,1,1,0.3838,1,0.6724,0.9998,1,0.3536,1,1,1,0.5416,0.9994,1,1,0.484,1,1,1,0.8278,0.9982,1,1,1,1,0.7442,1,1,1,0.9974,1,1,1,1,0.9924,1,0.9556,0.9988,0.9998,0.9992,1,1,1,1,1,0.9996,1,1,1,1,0.9998,1,0.9972
C0018772,"Hearing Loss, Partial",0.9392,0.6878,0.7858,0.8102,0.719,0.7366,0.1132,0.8404,0.6684,0.1052,0.5974,0.7976,0.4774,0,0,0.7676,0.7682,0.4274,0.8652,0.725,0.5842,0.6736,0.0114,0.6496,0.2202,0.1994,0.7074,0.8426,0.5138,0.7788,0.6096,0.0178,0.147,0.7684,0.3806,0.6414,0.537,0.5132,0.745,0.0156,0.1436,0,0,0.2244,0,0.368,0.1842,0.6276,0,0.451,0.596,0.2802,0.2064,0.3782,0.2244,0,0.0062,0,0,0.1694,0,0,0.4376,0.554,0,0.1952,0,0,0,0,0,0,0
C0008625,Chromosome Aberrations,0.5224,0.3486,0.9438,0.993,0.422,0.9962,0.133,0.9944,0.993,0.7906,0.9988,0.9982,0.999,0.9988,0.9952,0.434,0.99,0.998,0.6176,0.6576,0.9972,0.9968,0.4698,0.9974,0.7106,0.9984,0.9992,0.5734,0.9962,0.9988,0.9984,0.7224,0.9934,0.9986,0.9992,0.652,0.9968,0.994,0.997,0.9652,0.9934,0.999,0.9984,0.9996,0.997,0.8736,0.9982,0.9992,0.9992,0.9386,0.992,0.9974,0.9998,0.9994,0.997,0.9976,0.9584,0.9994,0.9988,0.9998,0.9998,0.9986,0.9874,0.9984,0.9996,0.9986,0.9996,0.9986,0.9996,0.9984,0.9984,0.9986,0.9946
C0023434,Chronic Lymphocytic Leukemia,0.0256,0.014,0.9722,0.9912,0.0156,0.996,0.015,0.9986,0.9838,0.0308,0.9998,0.9976,0.9956,0.9982,0.9942,0.0156,0.9964,0.9992,0.0182,0.2938,0.9982,0.9906,0.091,0.9952,0.1874,1,0.9998,0.0182,0.9972,0.9992,0.9986,0.456,0.9996,0.9932,0.998,0.184,0.9902,0.996,0.999,0.8176,0.9976,0.9878,0.996,0.9992,0.9996,0.1758,0.9974,0.9992,0.9676,0.9694,0.9978,0.9978,1,0.9958,0.983,0.9904,0.8484,0.9984,0.9978,0.9974,0.9966,0.9836,0.9896,1,0.9838,0.9838,0.9988,0.9948,0.9998,0,0.9998,0.9988,0.9966
C0034951,Refractive Errors,0.698,0.8014,0.9182,0.8776,0.5688,0.9704,0.5788,0.858,0.9928,0.9746,0.8878,0.9146,0.9618,0.9586,0.8906,0.5776,0.9346,0.985,0.6216,0.8952,0.9292,0.94,0.6818,0.8474,0.9542,0.9688,0.952,0.5516,0.8754,0.9042,0.96,0.8046,0.9708,0.9176,0.9962,0.9768,0.9962,0.9838,0.9898,0.9442,0.9,0.9116,0.9712,0.9054,0.7006,0.736,0.8954,0.9856,0.9666,0.918,0.9934,0.9928,0.9404,0.9718,0.8766,0.9464,0.6128,0.8284,0.896,0.8622,0.9242,0.9338,0.9786,0.9768,0.9974,0.8286,0.8546,0.9568,0.9282,0,0.9444,0.9238,0
C0019196,Hepatitis C,0.693,0.6816,0.9322,0.9528,0.7366,0.9656,0.6012,0.8976,0.8242,0.9898,0.942,0.9116,0.9292,0.9564,0.9142,0.6684,0.9562,0.9842,0.8456,0.4892,0.9532,0.9118,0.3476,0.915,0.9894,0.9746,0.9396,0.6504,0.9354,0.9606,0.94,0.764,0.9174,0.9386,0.9466,0.806,0.8714,0.7722,0.844,0.7662,0.9384,0.9404,0.894,0.9328,0.9684,0.9528,0.9726,0.9582,0.872,0.6986,0.8142,0.8736,0.9798,0.8818,0.8768,0.8868,0.6782,0.894,0.9172,0.9732,0.9306,0.8892,0.919,0.8026,0.8124,0.9184,0.8808,0.8986,0.9358,0,0.86,0,0
C0025500,Mesothelioma,0.1508,0.0342,1,0.9996,0.0734,1,0.2776,1,1,0.6898,1,1,1,1,1,0.0798,1,1,0.135,0.3942,1,1,0.829,1,0.54,1,1,0.0962,1,1,1,0.9462,1,1,1,0.3054,1,1,1,0.9846,1,1,1,1,1,0.8346,1,1,1,1,1,1,1,1,1,1,0.9888,1,1,1,1,1,1,1,1,1,1,1,1,1,1,1,1
C0242379,Malignant neoplasm of lung,0.228,0.1874,0.9924,0.9976,0.2572,0.997,0.2572,0.9942,0.9936,0.7256,0.9996,0.9998,0.9962,1,0.9988,0.2246,0.9964,0.9986,0.3302,0.8124,0.9996,0.9988,0.5932,0.9978,0.8472,0.9996,0.9998,0.2996,0.9986,0.9998,0.9998,0.7598,0.9994,0.9998,0.999,0.5502,0.9962,0.999,0.9994,0.9322,0.9998,0.9998,0.9998,0.9998,1,0.3448,0.9988,0.9998,0.9998,0.9834,0.999,0.9988,1,0.9998,0.9904,0.9998,0.8418,0.9994,1,0.999,0.9998,0.9998,0.998,0.999,0.9998,0.9974,0.9996,0.9998,0.9998,0.9996,0.999,0.9996,0.9984
C3875321,Inflammatory dermatosis,0.0194,0.011,0.66,0.7488,0.0136,0.6772,0.2512,0.8934,0.796,0.3642,0.7618,0.827,0.7802,0.845,0,0.0148,0.7592,0.8404,0.0188,0.5248,0.9876,0.9118,0.488,0.9224,0.369,0.8582,0.9192,0.0144,0.9546,0.8742,0.8534,0.906,0.917,0.9074,0.8658,0.5672,0.579,0.9676,0.9462,0.9498,0.8676,0.8066,0.8994,0.9414,0.908,0.6868,0.7758,0.818,0.854,0.8508,0.92,0.9338,0.878,0.866,0.9092,0.9,0.7484,0,0,0.8864,0.8058,0.9236,0.9626,0.7908,0.8574,0.8528,0,0,0.8878,0,0,0,0
C0162809,Kallmann Syndrome,0.927,0.9382,0.8062,0.823,0.9534,0.6648,0.2882,0.436,0.952,0.9418,0.8312,0.681,0.9282,0,0,0.9292,0.5288,0.7904,0.9112,0.9698,0.6276,0.5082,0.1754,0.3808,0.7342,0.29,0.5428,0.9616,0.67,0.7714,0.6728,0.6068,0.2198,0.4372,0.3296,0.8744,0.5666,0.7308,0.4896,0.9104,0.377,0,0,0.2344,0,0.8704,0.6884,0.3958,0,0.8238,0.572,0.7466,0.3794,0.6056,0.67,0,0.5506,0,0,0.4532,0,0,0.5968,0.9462,0,0.3094,0,0,0,0,0,0,0
C0023794,Lipoidosis,0.083,0.073,0.7786,0.779,0.0658,0.7886,0.737,0.9416,0.6818,0.4732,0.816,0.8952,0.7844,0.8606,0.8106,0.0692,0.8806,0.7964,0.093,0.4356,0.9714,0.9436,0.9566,0.943,0.3528,0.8806,0.8902,0.0888,0.925,0.7342,0.9488,0.9848,0.9684,0.911,0.8728,0.6662,0.7442,0.8558,0.8658,0.912,0.9212,0.9378,0.863,0.9332,0.9228,0.8648,0.8406,0.894,0.7354,0.608,0.7714,0.8822,0.8262,0.8286,0.8606,0.9322,0.9224,0.8172,0.871,0.8368,0.9194,0.8026,0.881,0.8308,0.6362,0.8022,0.8272,0.8876,0.868,0,0.8726,0,0
C0011849,Diabetes Mellitus,0.3716,0.046,0.9624,0.997,0.0988,0.9976,0.231,0.9984,0.9978,0.5578,0.999,0.9994,0.9984,0.996,0.9988,0.0942,0.996,0.9998,0.173,0.4568,0.9998,1,0.6604,0.9994,0.4562,0.998,0.9998,0.1678,0.9956,0.9988,1,0.4398,0.9998,1,0.9946,0.2808,0.9936,0.9998,0.9998,0.8928,0.9988,0.999,0.9994,1,0.9998,0.708,0.9998,0.9998,1,0.998,0.999,0.9948,0.9998,0.9998,0.9974,0.9994,0.8832,0.999,0.9998,0.9992,0.9996,0.9996,0.9996,0.998,0.9998,0.9942,0.9974,0.9994,0.999,0.999,0.9978,0.9992,0.9966
C0016059,Fibrosis,0.3396,0.0864,1,0.9988,0.0862,0.9986,0.4622,0.9994,0.9392,0.0798,0.9998,0.9998,0.9644,0.9996,0.9988,0.0794,0.9998,0.998,0.2056,0.0268,1,0.9996,0.7398,0.9994,0.0838,0.9968,0.9998,0.0636,0.9998,0.9982,0.9992,0.5084,0.9998,0.9998,0.9872,0.0288,0.9874,0.9908,0.9988,0.4776,0.9786,0.9998,1,0.9994,0.9998,0.226,0.9512,0.993,0.9998,0.9806,0.9906,0.9864,0.9906,0.9988,0.9422,1,0.7092,0.9998,0.9984,0.965,0.9976,1,0.9962,0.9878,0.9988,0.9208,0.9912,0.9994,0.9924,0.9998,0.9836,0.9992,0.9946
C0020443,Hypercholesterolemia,0.6068,0.328,0.9676,0.9318,0.3916,0.9734,0.5822,0.9776,0.8078,0.9828,0.9596,0.9404,0.8612,0.926,0.9052,0.3676,0.9796,0.967,0.5076,0.9618,0.977,0.9754,0.4406,0.9708,0.9888,0.9638,0.985,0.3862,0.978,0.9446,0.9526,0.6814,0.969,0.9742,0.9188,0.9542,0.9152,0.8804,0.9528,0.9212,0.9638,0.9722,0.9616,0.9472,0.9568,0.9588,0.8416,0.9366,0.9442,0.7612,0.9474,0.9608,0.9284,0.941,0.8668,0.9474,0.8582,0.8434,0.9724,0.9062,0.9382,0.9622,0.9142,0.9046,0.9392,0.9134,0.7906,0.9172,0.9286,0.9834,0.7942,0.886,0.9374
C0025958,Microcephaly,0.0676,0.0312,0.9974,0.998,0.0284,0.9998,0.0832,1,0.993,0.5384,0.9994,0.9998,0.9976,0.9996,0.9998,0.0232,0.9998,1,0.0156,0.0828,1,1,0.8262,1,0.2874,1,1,0.0226,1,0.9972,1,0.879,1,1,1,0.1442,0.9998,1,1,0.9016,1,1,0.9998,1,1,0.594,0.999,0.9998,1,0.9988,0.9988,1,1,1,0.9984,1,0.9976,1,1,0.9992,1,1,1,0.9994,1,0.9988,0.9988,1,0.9978,1,0.9922,0.9998,0.9998
C0040411,Tongue Neoplasms,0.1974,0.0394,0.9952,0.9822,0.0712,0.9992,0.1044,0.9998,0.9874,0.3112,0.9876,0.9994,0.9744,0.9964,0.9862,0.088,0.9988,0.9972,0.1188,0.2124,0.9996,0.9998,0.7458,0.9996,0.2818,0.9882,0.9996,0.1144,0.999,0.9858,0.9992,0.6634,0.9982,0.9996,0.9982,0.1584,0.997,0.9918,0.9994,0.6498,0.9276,0.995,0.999,0.9778,0.9994,0.4674,0.984,0.9984,0.9928,0.934,0.9984,0.99,0.9916,0.9988,0.9866,0.9928,0.8834,0.9876,0.9984,0.9736,0.9866,0.9966,0.9764,0.9914,0.9918,0.9724,0.9806,0.9882,0.9792,0.9944,0.9774,0.992,0.9886
C0027720,Nephrosis,0.5368,0.2518,1,0.9974,0.2772,0.9988,0.4632,1,0.9892,0.8964,0.9988,1,0.9804,0.9996,0.986,0.2702,0.9998,0.9946,0.4904,0.8158,0.9992,0.999,0.568,1,0.928,0.9992,0.9998,0.2752,0.9996,0.9974,0.9972,0.8318,0.9994,1,0.9976,0.8256,0.9942,0.9998,0.9986,0.9952,0.9924,0.9998,0.9998,0.9998,1,0.9168,0.9938,0.9992,0.999,0.991,0.9944,0.9996,0.9998,0.9994,0.94,0.9996,0.9658,0.994,0.9982,0.9966,0.9996,0.9996,0.9994,0.9984,0.9998,0.9874,0.9708,0.9982,0.9964,0.9988,0.9612,0.9952,0.9666
C0007273,Carotid Artery Diseases,0.1014,0.1122,0.825,0.8252,0.078,0.8436,0.7206,0.9194,0.6956,0.662,0.8244,0.8628,0.6584,0.8502,0.8326,0.0876,0.9084,0.8768,0.0356,0.6882,0.9746,0.9296,0.956,0.9504,0.4346,0.9192,0.928,0.0722,0.953,0.8852,0.8458,0.8456,0.976,0.9298,0.858,0.6682,0.7902,0.8886,0.842,0.923,0.738,0.927,0.9134,0.9246,0.9298,0.7398,0.7298,0.7464,0.8168,0.9056,0.9066,0.8772,0.8696,0.7668,0.6454,0.8996,0.7106,0.8466,0.8342,0.7762,0.8238,0.902,0.8746,0.8832,0.7508,0.6926,0.7602,0.8588,0.837,0.9114,0.698,0.8272,0
C0018273,Growth Disorders,0.599,0.278,0.9742,0.9814,0.6278,0.9982,0.377,0.9882,0.9962,0.7278,0.9636,0.9776,0.8362,0.9902,0.957,0.6468,0.9942,0.9982,0.6706,0.3282,0.9708,0.979,0.4314,0.9812,0.6058,0.9018,0.9928,0.7176,0.9724,0.9912,0.993,0.8522,0.9722,0.9736,0.9986,0.436,0.9964,0.9616,0.9908,0.8662,0.773,0.946,0.9854,0.9434,0.9948,0.8374,0.8718,0.9792,0.9778,0.9884,0.999,0.9362,0.7594,0.9754,0.727,0.99,0.8398,0.9172,0.9772,0.8176,0.9162,0.9888,0.9452,0.984,0.969,0.8208,0.8374,0.9778,0.9076,0,0.9284,0.9446,0
C0014553,Absence Epilepsy,0.919,0.9026,0.9618,0.785,0.843,0.9398,0.7768,0.8784,0.9878,0.7292,0.6444,0.7684,0.7446,0.7298,0.7336,0.8892,0.9298,0.8486,0.7964,0.8244,0.7138,0.8096,0.1888,0.8118,0.8568,0.5166,0.6936,0.8612,0.612,0.7174,0.8386,0.1478,0.597,0.7994,0.7946,0.9172,0.964,0.824,0.9008,0.4798,0.5568,0.773,0.7016,0.6758,0.7908,0.606,0.697,0.654,0.742,0.943,0.9296,0.835,0.6382,0.7228,0.6294,0.7012,0.3312,0.6656,0.7728,0.6892,0.7612,0.7268,0.6962,0.8714,0.6542,0.4936,0.5716,0.7978,0.7004,0,0.646,0.8036,0
C0014556,"Epilepsy, Temporal Lobe",0.7872,0.9278,0.9778,0.7272,0.5526,0.9258,0.9548,0.9362,0.9632,0.7566,0.8438,0.9142,0.8684,0.8656,0.8306,0.5938,0.9102,0.9004,0.7372,0.9032,0.9368,0.9492,0.4346,0.9186,0.8186,0.9376,0.9406,0.5542,0.7838,0.7312,0.907,0.3502,0.6762,0.9258,0.778,0.6632,0.8622,0.9062,0.8928,0.5688,0.9742,0.857,0.9182,0.705,0.9564,0.6368,0.9484,0.9336,0.9144,0.9958,0.9094,0.7622,0.8752,0.8314,0.9924,0.876,0.207,0.8876,0.9024,0.8898,0.9574,0.9298,0.963,0.9726,0.9178,0.9338,0.879,0.8944,0.871,0,0.9464,0,0
C0025261,Memory Disorders,0.238,0.1346,0.9932,0.95,0.1218,0.992,0.1758,0.9968,0.8562,0.2468,0.872,0.9908,0.8296,0.888,0.751,0.1216,0.9878,0.9854,0.1818,0.3046,0.996,0.9966,0.477,0.9986,0.2896,0.8636,0.989,0.1124,0.9826,0.8842,0.989,0.5794,0.7836,0.9916,0.9478,0.2972,0.9418,0.9508,0.9888,0.5344,0.6882,0.9278,0.9872,0.6436,0.989,0.247,0.7358,0.9664,0.9092,0.9618,0.9368,0.8866,0.7068,0.9652,0.6902,0.9566,0.9238,0.7478,0.8218,0.6658,0.8548,0.9446,0.9438,0.9554,0.9228,0.7594,0.7848,0.861,0.94,0,0.867,0,0
C0007370,Catalepsy,0.9734,0.7898,0.9856,0.9416,0.8952,0.8538,0.2376,0.9088,0.588,0.939,0.5128,0.8496,0.6446,0.6566,0,0.9028,0.9056,0.6228,0.953,0.9466,0.7164,0.7904,0.2234,0.8786,0.9914,0.3764,0.6844,0.952,0.8674,0.723,0.7932,0.3016,0.459,0.7804,0.744,0.8288,0.6556,0.4534,0.8278,0.6182,0.4608,0.5588,0.7386,0.6796,0.8214,0.953,0.6652,0.742,0.6044,0.5376,0.5988,0.5706,0.4372,0.5226,0.5942,0,0.8186,0,0,0.3562,0.5322,0,0.671,0.61,0.573,0.5658,0,0,0,0,0,0,0
C1333990,Hereditary Nonpolyposis Colorectal Cancer,0.1498,0.0658,0.9814,0.9792,0.1144,0.9966,0.2042,0.9986,0.9922,0.3724,0.9968,0.9988,0.9808,0.9988,0.9952,0.1144,0.9974,0.9974,0.1306,0.383,0.9998,0.999,0.954,0.999,0.3018,0.9998,0.999,0.1776,0.9968,0.9942,0.9982,0.8198,1,0.9988,0.997,0.3578,0.9946,0.9976,0.9968,0.7288,0.9976,0.9998,0.9994,0.9982,0.9984,0.5314,0.9902,0.997,0.9994,0.983,0.997,0.9936,0.9978,0.9986,0.9944,0.9998,0.866,0.9984,0.998,0.995,0.9996,0.9996,0.9936,0.998,0.9992,0.991,0.9978,0.9994,0.997,0.9996,0.9926,0.9992,0.993
C0023487,Acute Promyelocytic Leukemia,0.2256,0.0762,0.9724,0.9982,0.0694,0.9944,0.1416,0.9982,0.9946,0.3688,1,0.9996,0.9978,0.9998,0.9986,0.068,0.9904,0.9998,0.102,0.4462,0.9996,1,0.5186,1,0.1682,1,1,0.1034,0.9992,1,0.9994,0.8176,1,0.9998,0.9998,0.1818,0.9954,1,0.9996,0.8498,1,1,1,0.9998,0.9998,0.5284,0.998,0.9998,1,0.999,0.9992,0.9978,0.9998,0.9998,0.9988,1,0.7508,0.9998,0.9986,0.9992,1,1,0.9926,0.9998,1,0.9892,1,1,0.9996,1,0.9994,0.9996,0.9984
C0023485,Precursor B-Cell Lymphoblastic Leukemia-Lymphoma,0.5588,0.4246,0.9982,0.9912,0.453,0.9998,0.1914,1,0.9992,0.9756,0.996,0.9994,0.994,0.9922,0.9944,0.4756,0.9998,1,0.3624,0.367,0.9982,0.9996,0.6446,0.9996,0.866,0.9984,0.999,0.4536,0.9998,0.998,0.9996,0.5158,0.9942,0.9982,0.9998,0.639,0.9994,0.999,0.9994,0.781,0.987,0.9948,0.9992,0.9966,0.996,0.8234,0.9982,0.9988,0.996,0.9858,0.9994,0.9996,0.9984,0.9994,0.9706,0.9906,0.875,0.9926,0.9996,0.9978,0.9962,0.9962,0.9966,0.9964,0.9938,0.981,0.9904,0.9918,0.9946,0.9916,0.9964,0.983,0.9982
C0018099,Gout,0.1212,0.0282,0.5334,0.532,0.0388,0.6348,0.4796,0.6032,0.67,0.0908,0.5126,0.5976,0.599,0.6464,0.4974,0.0468,0.3674,0.6594,0.0594,0.1632,0.8508,0.703,0.995,0.6958,0.0428,0.4606,0.7208,0.04,0.6108,0.4674,0.7298,0.5966,0.8488,0.7036,0.4552,0.1478,0.5546,0.8092,0.754,0.383,0.5144,0.7566,0.715,0.6342,0.7508,0.0766,0.6016,0.7414,0.6894,0.7182,0.8068,0.5774,0.5004,0.6682,0.5194,0.7226,0.455,0.508,0.5532,0.593,0.6596,0.654,0.67,0.6842,0.6382,0.7002,0.5174,0.603,0.6722,0,0.5392,0,0
C1956346,Coronary Artery Disease,0.2234,0.04,0.927,0.7916,0.0772,0.925,0.7728,0.9686,0.9278,0.4774,0.9302,0.9524,0.9548,0.9694,0.9608,0.0664,0.9504,0.9594,0.0968,0.7678,0.998,0.9804,0.9362,0.9836,0.653,0.9636,0.9852,0.109,0.9944,0.8536,0.9682,0.9242,0.998,0.9822,0.9604,0.5646,0.9708,0.9596,0.962,0.9854,0.9926,0.9886,0.9822,0.9898,0.9866,0.7396,0.9908,0.979,0.9756,0.8502,0.9306,0.9746,0.9758,0.9624,0.968,0.9882,0.8472,0.9612,0.9836,0.9888,0.9918,0.9824,0.9754,0.9588,0.9692,0.968,0.9626,0.9854,0.9884,0,0.9458,0,0
C1861172,Venous Thromboembolism,0.9432,0.6128,0.9658,0.8182,0.582,0.983,0.1466,0.9474,0.8466,0.1548,0.3656,0.9244,0.4502,0.8276,0.8068,0.6666,0.986,0.7518,0.6752,0.3418,0.8814,0.9268,0.2034,0.9018,0.3812,0.4864,0.703,0.672,0.8404,0.439,0.8848,0.168,0.342,0.8924,0.6452,0.3762,0.6936,0.585,0.8324,0.3974,0.304,0.6062,0.8902,0.3038,0.7844,0.3152,0.3806,0.6914,0.7788,0.46,0.801,0.4154,0.4852,0.7572,0.3378,0,0.0872,0.7802,0.8966,0.3256,0.734,0.8208,0.3792,0.6294,0.757,0.3218,0.7522,0.8834,0.6448,0,0,0,0
C0032927,Precancerous Conditions,0,0,0.975,0.9754,0,0.9974,0.0036,0.9952,0.9898,0.0008,0.9992,0.9982,0.9524,0.999,0.9968,0,0.9964,0.9962,0,0.0012,1,0.9998,0.6168,0.9996,0.0006,0.9996,1,0,0.9958,0.9946,0.9992,0.0272,0.9988,0.9996,0.9952,0.0014,0.995,0.9998,0.9998,0.4512,0.995,0.9998,1,0.9954,0.9998,0.0046,0.9354,0.9998,0.9988,0.9986,0.9996,0.9984,0.9898,1,0.977,0.9998,0.428,0.995,0.9994,0.9544,0.9998,0.9988,0.9992,0.997,0.9974,0.9412,0.9964,0.9994,0.9988,0,0.9806,0,0.9996
C0010346,Crohn Disease,0.2174,0.1038,0.9664,0.9612,0.1746,0.8052,0.0956,0.8694,0.8544,0.6886,0.9982,0.9756,0.965,0.9822,0.9934,0.1918,0.9372,0.9614,0.1882,0.3606,0.9602,0.8908,0.0884,0.8508,0.131,0.9248,0.986,0.0792,0.9212,0.987,0.9734,0.1284,0.9562,0.8954,0.9818,0.1298,0.8802,0.8728,0.918,0.5656,0.9592,0.9892,0.9782,0.9024,0.9944,0.2298,0.9646,0.9908,0.9542,0.846,0.8982,0.9746,0.9844,0.9738,0.8564,0,0.7216,0.9896,0.9754,0.9792,0.994,0,0.8862,0.9722,0.972,0.924,0.9976,0,0.9842,0,0.976,0,0
C0007873,Uterine Cervical Neoplasm,0.1182,0.0612,1,0.9998,0.0752,1,0.056,1,0.999,0.1396,1,0.9998,0.9998,1,1,0.0776,1,1,0.089,0.3194,1,1,0.6786,1,0.1216,0.999,1,0.0904,0.9994,1,1,0.2388,0.9996,1,1,0.0834,1,0.9976,1,0.5048,0.9998,0.9998,1,1,0.9998,0.2052,0.9998,1,1,0.9892,0.9998,1,1,1,0.9946,1,0.866,1,1,1,1,1,0.9998,0.9998,0.9998,0.9968,1,1,1,1,0.9998,1,0.9998
C0013386,"Dyskinesia, Drug-Induced",0.7498,0.6116,0.9824,0.9708,0.6148,0.9124,0.7782,0.9518,0.8448,0.8546,0.8802,0.9418,0.8698,0.9474,0.958,0.5898,0.9278,0.9548,0.688,0.9612,0.949,0.9372,0.4148,0.9456,0.945,0.875,0.9322,0.6556,0.962,0.8822,0.9742,0.69,0.8176,0.9448,0.9314,0.9582,0.9774,0.933,0.9624,0.8818,0.9028,0.869,0.9148,0.8268,0.9758,0.9014,0.9126,0.9628,0.9056,0.758,0.9566,0.96,0.859,0.9292,0.9088,0.9546,0.7616,0.8624,0.9732,0.9248,0.9216,0.8882,0.922,0.9528,0.7834,0.9168,0.7998,0.9576,0.9054,0,0.8478,0,0.9626
C0022336,Creutzfeldt-Jakob disease,0.9914,0.4664,0.7372,0.8754,0.7628,0.591,0.0066,0.4758,0.0836,0.3328,0.9336,0.706,0.765,0.8564,0.6248,0.8034,0.4624,0.2138,0.768,0.0026,0.0742,0.243,0.001,0,0.1938,0.3362,0.4466,0.8722,0.4484,0.9252,0.6602,0.0156,0.3064,0,0.1516,0.0506,0.0826,0.0384,0.1088,0.0174,0.4312,0,0.814,0.572,0,0.3028,0.7566,0.449,0.8266,0,0,0.0374,0.3712,0.1976,0.3556,0,0.056,0.5898,0,0.5322,0.5894,0,0,0,0.5502,0.3006,0.6042,0,0,0,0.618,0,0
C0087012,"Ataxia, Spinocerebellar",0.1756,0.0362,0.994,0.9166,0.085,0.9988,0.1122,0.9992,0.9988,0.378,0.9896,0.9988,0.9588,0.9962,0.9812,0.076,0.9986,1,0.1164,0.0972,0.9998,0.9994,0.8846,1,0.3418,0.9988,0.9998,0.0832,1,0.9756,0.9988,0.8762,0.9972,0.9998,1,0.2794,0.9992,0.9996,0.9994,0.8516,0.996,0.999,0.9992,0.9988,0.9964,0.6178,0.9488,0.9996,0.9994,0.9992,0.999,1,0.9972,0.9994,0.9868,0.9992,0.9836,0.9932,0.997,0.9942,0.9992,0.9992,1,0.9982,0.9994,0.9992,0.9944,0.997,0.9966,0.9994,0.9946,0.9948,0.9854
C0917796,"Optic Atrophy, Hereditary, Leber",0.9982,0.9544,0.992,1,0.9828,0.953,0.0424,0.8776,0.9974,0.7086,1,0.9998,1,1,1,0.9882,0.9652,0.6822,0.9904,0.4482,0.736,0.7112,0.0292,0.7722,0.7194,0.9746,0.9898,0.995,0.8068,1,0.9998,0.0644,0.94,0.9598,0.7972,0.4072,0.91,0.8648,0.8384,0.3088,0.9884,0.9958,0.9986,0.9982,0.8822,0.4222,1,0.9886,0.9992,0.9618,0.9954,0.8222,0.9994,0.9976,0.9882,0.9998,0.2358,1,1,0.9988,0.9996,0.9644,0.9796,0.9998,1,0.996,1,1,1,0,1,1,1
C0023891,"Liver Cirrhosis, Alcoholic",0.7168,0.3122,0.9988,0.9902,0.3858,0.995,0.0828,0.9972,0.9358,0.3292,0.9834,0.9978,0.957,0.989,0.9942,0.3572,0.9958,0.9708,0.5478,0.254,0.999,0.998,0.2986,0.9988,0.6428,0.97,0.995,0.404,0.9994,0.9832,0.9928,0.3594,0.9244,0.997,0.9726,0.4578,0.9656,0.9922,0.99,0.5988,0.9526,0.9676,0.9942,0.9572,0.9952,0.452,0.9454,0.9964,0.979,0.9822,0.9674,0.975,0.969,0.9946,0.9582,0.9858,0.8612,0.9642,0.997,0.9738,0.9806,0.991,0.9906,0.9732,0.986,0.9528,0.9898,0.9668,0.9764,0.9934,0.9774,0.9574,0.998
C0242488,Acute Lung Injury,0.4182,0.3724,1,0.9826,0.3474,0.9998,0.168,1,0.9652,0.7096,0.995,1,0.9866,0.9992,0.9982,0.3646,0.9998,0.9992,0.4548,0.332,0.9998,1,0.6676,1,0.7168,0.9982,1,0.367,0.9986,0.9922,0.9998,0.3724,0.9996,1,0.996,0.4678,0.977,0.9962,0.9998,0.626,0.9796,0.9996,1,0.9974,1,0.723,0.9896,0.9998,0.9994,0.9578,0.9882,0.9792,0.9922,0.9992,0.9838,0.9996,0.7114,0.9984,1,0.9778,0.9982,0.9996,0.9932,0.9914,0.998,0.959,0.9982,0.9994,0.998,0.9994,0.9938,0.9992,0.9984
C0023893,"Liver Cirrhosis, Experimental",0.8746,0.2466,1,1,0.4134,1,0.0414,1,0.9992,0.8704,0.9998,1,0.9996,1,1,0.3342,1,0.9946,0.7772,0.3742,0.9988,1,0.0724,1,0.8794,0.9966,0.9992,0.323,1,1,1,0.417,0.9902,1,0.9958,0.487,1,0.9726,0.9992,0.914,0.9864,0.999,0.9992,0.9998,1,0.9076,1,0.9992,0.998,0.992,0.996,0.9986,0.9994,0.9992,0.9928,0.9998,0.935,0.9996,0.9998,0.9954,0.999,0.9992,0.992,0.9978,0.995,0.9862,0.9998,0.9998,0.9996,0,0.9998,0,0
C0263454,Chloracne,0.059,0.1394,0.9994,0.997,0.1718,0.9992,0.6264,0.9996,1,0.431,0.9998,0.998,1,0.9994,0.997,0.1624,0.9998,0.9998,0.167,0.9244,1,1,0.855,0.9998,0.5082,1,1,0.1664,1,0.9998,0.9998,0.9836,0.9994,0.9998,0.9998,0.8838,1,1,1,0.996,1,0.9974,0.9998,1,0.9998,0.8576,1,1,0.999,1,1,1,0.9998,1,1,0.9992,0.9894,0.998,0.9988,1,0.9998,0.9988,1,1,0.9998,1,1,0.9992,0.9998,0.9986,1,0.9992,0.9972
C0023895,Liver diseases,0.95,0.3208,1,1,0.5022,0.9996,0.015,0.9998,0.9932,0.8546,0.9996,0.9998,0.9926,0.9998,1,0.3682,0.9998,0.9618,0.8162,0.3854,0.983,0.9986,0.201,0.9994,0.6144,0.9774,0.9952,0.728,0.9978,1,0.9992,0.8192,0.9822,1,0.9742,0.1624,0.994,0.948,0.9886,0.9316,0.8818,0.9836,0.9972,0.9928,0.9992,0.748,0.9914,0.9888,0.9914,0.9254,0.9806,0.966,0.9498,0.9964,0.7222,0.91,0.9516,0.9998,0.9996,0.946,0.965,0.9708,0.9548,0.9912,0.993,0.9248,0.9986,0.9992,0.9948,0,0.9998,0.9876,0
C0022661,"Kidney Failure, Chronic",0.6032,0.25,0.9998,0.9976,0.3046,0.9998,0.6232,0.9998,0.9868,0.67,0.998,0.9998,0.9972,0.999,0.9958,0.2842,0.9998,0.9984,0.4548,0.7302,1,0.9998,0.569,0.9998,0.6606,0.9858,0.9994,0.3296,1,0.9988,0.999,0.9854,0.999,0.9998,0.996,0.731,0.9926,0.9944,0.999,0.9602,0.9974,0.998,0.9994,0.9986,0.999,0.863,0.9966,0.9996,0.9992,0.9852,0.996,0.9974,0.9972,0.9946,0.9978,0.9962,0.884,0.9976,0.9984,0.9998,0.9916,0.9984,0.997,0.9876,0.99,0.9964,0.9984,0.998,0.9906,0.9998,0.9962,0.996,0.9974
C1262477,Weight decreased,0.8786,0.6512,0.8976,0.9608,0.5176,0.8498,0.8328,0.892,0.8398,0.4058,0.9514,0.9432,0.912,0.8844,0.9038,0.5502,0.837,0.8968,0.34,0.337,0.9746,0.9394,0.7454,0.9346,0.5128,0.9286,0.945,0.3006,0.8866,0.9146,0.91,0.7212,0.9448,0.9378,0.835,0.4666,0.8086,0.9022,0.9106,0.705,0.9132,0.9224,0.8788,0.8762,0.934,0.3316,0.8114,0.9348,0.8496,0.9582,0.8276,0.8446,0.9018,0.8394,0.9324,0.8288,0.5144,0.7896,0.8786,0.8874,0.8752,0.8754,0.8304,0.92,0.8458,0.8552,0.8144,0.7828,0.9262,0,0.821,0,0
C0023264,Leigh Disease,0.8556,0.3086,0.9962,1,0.2498,0.9896,0.0192,0.987,0.9976,0.6588,1,1,1,1,1,0.3104,0.9944,0.9842,0.398,0.1218,0.9876,0.9918,0.0414,0.9936,0.2826,0.997,0.999,0.3442,0.9998,1,1,0.3168,0.9964,0.9996,0.9918,0.2284,0.9894,0.9984,0.9906,0.936,0.9968,1,0.9992,1,1,0.6816,0.9998,1,1,0.9964,0.9996,0.9978,0.9998,0.9994,0.9996,1,0.9988,1,1,1,0.9998,1,0.9996,1,1,1,1,1,0.9998,0.9994,1,1,1
C0007570,Celiac Disease,0.0006,0,0.151,0.09,0,0.1836,0.0138,0.1234,0.0608,0.0014,0.154,0.1402,0.0512,0,0,0,0.2158,0.0092,0.001,0.0054,0.0084,0.048,0.0284,0.0874,0.0046,0.0386,0.144,0.0004,0.0848,0.1336,0.1236,0.0038,0.0856,0,0.0512,0.0078,0.0738,0.0082,0.0414,0.022,0.0594,0,0,0.1,0,0.01,0.062,0,0,0.01,0,0.0174,0.0494,0.1114,0.071,0,0.0018,0,0,0.0664,0,0,0.0714,0,0,0.082,0,0,0,0,0,0,0
C0017601,Glaucoma,0.7512,0.802,0.8598,0.9452,0.7148,0.7932,0.5774,0.8522,0.6566,0.573,0.819,0.9014,0.8092,0.8142,0.952,0.7414,0.8954,0.8168,0.6796,0.7682,0.8004,0.8638,0.3784,0.8878,0.7988,0.6116,0.904,0.705,0.7772,0.8538,0.8702,0.1148,0.7582,0.8968,0.8078,0.7924,0.6942,0.6528,0.834,0.9162,0.5352,0.8746,0.8382,0.7254,0.9322,0.7836,0.9088,0.8584,0.879,0.54,0.7574,0.584,0.7102,0.8092,0.6976,0.8458,0.5074,0.9022,0.929,0.721,0.747,0.8592,0.6048,0.7802,0.7918,0.7176,0.893,0.8854,0.8036,0,0.9462,0.8904,0.9732
C0039231,Tachycardia,0.7774,0.8216,0.9274,0.8972,0.8908,0.8826,0.8662,0.8636,0.6792,0.7964,0.7784,0.8426,0.8592,0.7206,0.7412,0.8614,0.8572,0.8882,0.9182,0.9758,0.7968,0.8436,0.3378,0.8694,0.9454,0.826,0.8542,0.8236,0.8306,0.8276,0.886,0.5188,0.6068,0.8738,0.8444,0.9162,0.667,0.634,0.6738,0.7484,0.828,0.5822,0.8114,0.7116,0.8484,0.8512,0.8338,0.922,0.7366,0.6462,0.678,0.7342,0.8656,0.8558,0.9096,0,0.6854,0.6788,0.8516,0.8408,0.6986,0,0.7494,0.8578,0.7226,0.8582,0.708,0,0.75,0,0.8116,0,0
C0346153,"Breast Cancer, Familial",0.2108,0.0268,1,0.9994,0.0704,1,0.0078,1,0.9996,0.1352,1,1,0.9994,1,0.9996,0.0562,1,1,0.1276,0.0056,1,1,0.317,1,0.11,1,1,0.0848,1,1,1,0.32,1,1,1,0.0354,1,1,1,0.5038,1,1,1,1,1,0.3064,1,1,1,0.9986,1,1,1,1,0.9984,1,0.8116,0.9998,1,1,1,1,1,0.9998,1,0.9992,0.9998,1,0.9998,0.9998,0.9994,0.9998,0.9996
C0022116,Ischemia,0.4212,0.0844,1,0.9906,0.1352,0.9996,0.2512,1,0.9926,0.3524,0.9842,1,0.9844,0.9986,0.9908,0.1236,0.9994,0.9972,0.2012,0.2814,0.999,0.9994,0.7588,0.9998,0.2464,0.9702,0.99,0.1816,0.9958,0.9976,0.95,0.7094,0.9992,0.9996,0.9994,0.151,0.9984,0.9704,0.9984,0.6926,0.9852,0.994,0.9974,0.9846,0.9912,0.7966,0.988,0.9766,0.9218,0.8942,0.9998,0.9626,0.9976,0.9886,0.9084,0.977,0.761,0.9786,0.9994,0.9976,0.9394,0.9824,0.9974,0.986,0.9574,0.9942,0.973,0.9962,0.961,0.9844,0.9832,0.9824,0
C0032580,Adenomatous Polyposis Coli,0.2464,0.038,0.7552,0.9134,0.0914,0.8478,0.2076,0.871,0.8522,0.3268,0.9468,0.928,0.947,0.9144,0.962,0.1014,0.8168,0.912,0.131,0.1006,0.981,0.9314,0.4924,0.9242,0.2272,0.9676,0.9626,0.1622,0.9518,0.9494,0.9634,0.1952,0.9766,0.9584,0.909,0.0494,0.8816,0.9788,0.9214,0.5516,0.9488,0.9612,0.9446,0.9754,0.9848,0.4272,0.9612,0.981,0.9546,0.9558,0.8438,0.9672,0.9842,0.9348,0.9614,0.9322,0.9332,0.9694,0.9758,0.98,0.9716,0.9402,0.986,0.9566,0.959,0.9864,0.9626,0.9552,0.9716,0.9358,0.9774,0.948,0.983
C0040128,Thyroid Diseases,0.6536,0.4198,0.855,0.8616,0.434,0.8304,0.6018,0.7896,0.795,0.7132,0.8064,0.8044,0.8164,0.862,0.8842,0.4468,0.865,0.878,0.548,0.6382,0.9356,0.854,0.5802,0.8334,0.8488,0.9298,0.8674,0.5382,0.7984,0.8166,0.8316,0.8702,0.971,0.8308,0.8406,0.7328,0.7958,0.8586,0.8214,0.6332,0.8898,0.9238,0.8396,0.8926,0.8716,0.789,0.782,0.8844,0.8892,0.788,0.8686,0.8282,0.8538,0.8538,0.8726,0.867,0.514,0.8742,0.8218,0.8478,0.892,0.881,0.7828,0.8718,0.9224,0.8366,0.8786,0.8848,0.8676,0.889,0.8608,0.8642,0.8964
C0030319,Panic Disorder,0.0338,0.0074,0.4302,0.4494,0.008,0.5902,0.3704,0.5684,0.5832,0.009,0.7036,0.6904,0.6066,0,0.7102,0.0144,0.5256,0.7524,0.0084,0.0204,0.7562,0.6408,0.3038,0.618,0.004,0.7064,0.8092,0.01,0.6318,0.5226,0.7198,0.2734,0.6332,0.6936,0.5766,0.013,0.4236,0.699,0.6414,0.0398,0.6724,0,0,0.6652,0.8118,0.0102,0.5342,0.9122,0,0.5982,0.4312,0.6148,0.6432,0.7502,0.8408,0,0.3266,0.749,0.7768,0.634,0,0,0.6628,0.6724,0,0.733,0.7928,0,0,0,0.8064,0,0
C0009404,Colorectal Neoplasms,0.0068,0.0002,1,1,0.0006,1,0.0714,1,0.9996,0.299,1,1,1,1,1,0.0004,1,1,0.0006,0.1734,1,1,0.9484,1,0.0742,1,1,0.0008,1,1,1,0.9808,1,1,0.9998,0.0668,1,1,1,0.9988,0.9998,1,1,1,1,0.2804,1,1,1,1,1,1,1,1,1,1,0.9608,1,1,1,1,1,1,1,1,1,1,1,1,0,1,1,1
C0001624,Adrenal Gland Neoplasms,0.235,0.0488,0.9998,0.995,0.0622,1,0.0698,1,0.9996,0.343,0.9998,1,0.9936,1,0.995,0.0768,1,1,0.1028,0.3038,1,1,0.4412,1,0.1766,0.9998,1,0.0734,1,0.9968,1,0.496,1,1,1,0.3098,0.9998,0.9996,1,0.7118,0.9984,1,1,0.9986,1,0.2694,0.9982,1,1,0.9932,1,1,0.9968,1,0.9932,1,0.7652,0.9994,1,0.9988,1,1,0.999,1,0.9998,0.9954,0.9994,0.9998,1,1,0.9986,0.9994,0.9958
C0038644,Sudden infant death syndrome,0.6838,0.5402,0.929,0.7892,0.4368,0.7358,0.364,0.778,0.643,0.017,0.6406,0.8662,0.4734,0.8688,0.6514,0.4452,0.73,0.7538,0.6246,0.0288,0.7482,0.8208,0.3504,0.8666,0.0748,0.327,0.5226,0.4406,0.6748,0.663,0.8042,0.6174,0.2422,0.8266,0.6448,0.0874,0.6446,0.7392,0.7432,0.2358,0.3908,0.5746,0.8706,0.2978,0.614,0.2586,0.5884,0.5638,0.684,0.5864,0.7716,0.6854,0.3936,0.5386,0.5626,0.8596,0.1974,0.6644,0.6652,0.4634,0.6662,0.718,0.6572,0.7114,0.6728,0.5154,0.7242,0.7404,0.6654,0,0.7288,0,0
C0027819,Neuroblastoma,0.0458,0.0144,1,1,0.0168,1,0.143,1,1,0.8358,1,1,1,1,1,0.0144,1,1,0.045,0.6038,1,1,0.6566,1,0.3368,1,1,0.0234,1,1,1,0.9716,1,1,1,0.311,1,1,1,0.9936,1,1,1,1,1,0.8608,1,1,1,1,1,1,1,1,1,1,0.9994,1,1,1,1,1,1,1,1,1,1,1,1,1,1,1,1
C2931456,"Prostate cancer, familial",0.2886,0.2032,0.9832,0.9882,0.2204,0.9946,0.5682,0.993,0.9828,0.872,0.9974,0.9948,0.9774,0.9968,0.9916,0.2198,0.992,0.9928,0.2728,0.7438,0.9934,0.993,0.7966,0.9946,0.6742,0.9936,0.9942,0.2436,0.992,0.9952,0.9942,0.8072,0.9996,0.9934,0.9888,0.636,0.9716,0.97,0.9896,0.9454,0.998,0.9994,0.9914,0.999,0.9928,0.6392,0.982,0.9958,0.9844,0.866,0.9732,0.9784,0.9964,0.9914,0.9902,0.9966,0.7246,0.9986,0.9954,0.9964,0.9984,0.9902,0.9436,0.9862,0.97,0.9722,0.9972,0.9966,0.9986,0.9666,0.993,0.9966,0.9932
C0024667,Animal Mammary Neoplasms,0.0068,0.0004,1,1,0.001,1,0.0488,1,1,0.8494,1,1,1,1,1,0.0016,1,1,0.0026,0.3694,1,1,0.929,1,0.6434,1,1,0.0022,1,1,1,0.9962,1,1,1,0.3186,1,1,1,0.9998,1,1,1,1,1,0.944,1,1,1,1,1,1,1,1,1,1,1,1,1,1,1,1,1,1,1,1,1,1,1,1,1,1,1
C0029422,Osteochondrodysplasias,0.5026,0.408,0.8612,0.9842,0.3586,0.8674,0.6062,0.9578,0.6978,0.5836,0.935,0.9504,0.8442,0.9294,0.9892,0.3576,0.8506,0.839,0.5206,0.366,0.993,0.9722,0.3734,0.983,0.587,0.9838,0.9742,0.3932,0.9448,0.9462,0.96,0.761,0.9942,0.977,0.8062,0.1352,0.783,0.8742,0.94,0.506,0.9502,0.9766,0.9866,0.9302,0.9734,0.7528,0.918,0.9628,0.9638,0.8314,0.8616,0.8778,0.8744,0.9364,0.8566,0.9656,0.7976,0.967,0.9404,0.944,0.9664,0.9774,0.855,0.9334,0.925,0.831,0.9504,0.9548,0.8632,0.9892,0.9028,0.9478,0.9232
C0041755,Adverse reaction to drug,0.9636,0.7784,0.9998,0.9986,0.864,0.9978,0.0648,0.9994,0.9528,0.5122,0.9838,0.9984,0.9934,0.9914,0.9902,0.8658,0.9998,0.9618,0.9244,0.5366,0.9774,0.9936,0.0664,0.9972,0.5352,0.9592,0.9966,0.604,0.9574,0.995,0.9954,0.3216,0.9778,0.9954,0.9748,0.312,0.9896,0.8928,0.9892,0.5206,0.8836,0.9866,0.9954,0.95,0.9988,0.716,0.996,0.994,0.9796,0.9266,0.9284,0.9328,0.9652,0.979,0.8052,0.9662,0.3822,0.9878,0.9936,0.8908,0.9584,0.9934,0.9658,0.9508,0.9414,0.926,0.9914,0.969,0.9884,0,0.9824,0.9832,0
C0015625,Fanconi Anemia,0.241,0.0944,0.9718,0.9956,0.17,0.9918,0.2272,0.9974,0.9658,0.5498,0.9996,0.9998,0.993,1,0.9998,0.1696,0.9846,0.9944,0.2236,0.5322,0.9992,0.9986,0.9332,0.9988,0.7884,0.9988,0.998,0.162,0.9974,0.9996,0.9988,0.8916,0.9998,0.9976,0.9968,0.5852,0.9898,0.9872,0.9968,0.8704,0.9976,0.9986,0.9982,1,0.9968,0.9486,0.9992,0.9966,1,0.9334,0.994,0.9976,1,0.998,0.9958,0.9992,0.9218,1,1,0.9974,0.999,0.999,0.9858,0.988,0.9974,0.9946,1,1,0.9916,0.9994,0.9986,1,1
C0751778,"Myoclonic Epilepsies, Progressive",0.5288,0.4712,0.9352,0.8646,0.4334,0.9478,0.3646,0.9564,0.914,0.7526,0.7948,0.8832,0.8656,0.822,0.7574,0.432,0.9488,0.9644,0.5498,0.6832,0.8802,0.931,0.6848,0.9282,0.733,0.913,0.851,0.5108,0.9346,0.8548,0.887,0.8528,0.7792,0.8848,0.9578,0.7518,0.921,0.8934,0.9174,0.8478,0.9024,0.8176,0.8356,0.9014,0.8614,0.8868,0.8048,0.831,0.8498,0.8714,0.8882,0.9644,0.9424,0.847,0.8254,0.8778,0.8712,0.7062,0.806,0.9256,0.857,0.8592,0.9028,0.8004,0.8548,0.9018,0.795,0.799,0.7736,0.9112,0.7734,0,0
C0206762,"Limb Deformities, Congenital",0.3316,0.4692,0.7844,0.744,0.4414,0.8274,0.2536,0.8966,0.672,0.3014,0.8906,0.8236,0.8404,0.903,0.8918,0.43,0.7762,0.6582,0.4672,0.2034,0.8384,0.8266,0.6018,0.9046,0.5098,0.9362,0.828,0.3752,0.5636,0.7944,0.8614,0.274,0.9604,0.7828,0.634,0.1836,0.6274,0.6354,0.8362,0.168,0.8846,0.9496,0.882,0.9022,0.835,0.4092,0.8276,0.852,0.9164,0.7086,0.8042,0.5794,0.816,0.764,0.9138,0.9078,0.0612,0.8816,0.8158,0.873,0.9392,0.944,0.6312,0.8216,0.8488,0.7864,0.9418,0.9256,0.9144,0.916,0.9412,0.8536,0.8968
C0429087,Electrocardiogram: P-R interval,0.4484,0.5504,0.8846,0.899,0.4624,0.8142,0.3258,0.7698,0.7022,0.8014,0.7154,0.7672,0.6326,0.8668,0.786,0.5072,0.8108,0.64,0.343,0.8592,0.5932,0.727,0.5466,0.7042,0.4886,0.7924,0.5728,0.2792,0.7008,0.7894,0.7278,0.7,0.7078,0.6494,0.7588,0.8682,0.8164,0.5328,0.6774,0.8674,0.5454,0.7402,0.8414,0.7302,0,0.6042,0.5384,0.431,0.8402,0.5636,0.611,0.8096,0.7264,0.5964,0.5514,0.8102,0.5488,0.6476,0.705,0.6374,0.734,0.735,0.5882,0.6064,0.7776,0.5196,0.6492,0.8312,0.7816,0,0.7408,0.7116,0
C0024668,"Mammary Neoplasms, Experimental",0.0156,0.0002,1,1,0.0006,1,0.0054,1,1,0.8664,1,1,1,1,1,0.0002,1,1,0.0026,0.3846,1,1,0.9158,1,0.7436,1,1,0.0016,1,1,1,0.9974,1,1,1,0.3688,1,1,1,0.9998,1,1,1,1,1,0.951,1,1,1,1,1,1,1,1,1,1,1,1,1,1,1,1,1,1,1,1,1,1,1,1,1,1,1
C0018824,Heart valve disease,0.7568,0.3106,0.9984,0.9808,0.409,0.9976,0.3076,0.9976,0.971,0.6286,0.9796,0.9962,0.971,0.9964,0.9778,0.3752,0.9982,0.9814,0.5526,0.6214,0.9902,0.9962,0.5076,0.9962,0.8602,0.976,0.9954,0.3908,0.9814,0.9878,0.9848,0.4884,0.9848,0.9932,0.992,0.752,0.9904,0.9574,0.9848,0.6164,0.9454,0.9898,0.9956,0.984,0.9948,0.8324,0.9892,0.9944,0.99,0.9168,0.9666,0.9802,0.992,0.99,0.9392,0.996,0.753,0.982,0.9948,0.9782,0.9856,0.997,0.9874,0.9886,0.9812,0.9498,0.9838,0.9902,0.967,0.996,0.965,0.9906,0.9814
C0079744,Diffuse Large B-Cell Lymphoma,0.0528,0.0032,1,0.9996,0.0134,0.9998,0.234,0.9998,1,0.662,1,1,1,1,1,0.0156,0.9998,1,0.0284,0.5256,1,0.9998,0.8332,1,0.3894,1,1,0.0282,1,1,1,0.9714,1,1,1,0.3328,0.9998,1,0.9998,0.9788,1,1,1,1,1,0.8034,1,1,1,1,1,1,1,1,1,1,0.9866,1,1,1,1,1,1,1,1,1,1,1,1,1,1,1,1
C0019158,Hepatitis,0.7134,0.2638,0.9942,0.987,0.27,0.9814,0.1396,0.9902,0.8156,0.3304,0.9932,0.997,0.9178,0.965,0.9934,0.2792,0.9908,0.9596,0.3858,0.1086,0.988,0.9932,0.484,0.9848,0.2082,0.9612,0.9818,0.29,0.9798,0.9966,0.9952,0.4628,0.9186,0.9888,0.9606,0.0928,0.9422,0.9278,0.9796,0.5882,0.9348,0.9716,0.9836,0.9708,0.992,0.5768,0.9418,0.9532,0.9752,0.8964,0.9086,0.889,0.9734,0.934,0.9056,0.9336,0.8268,0.9922,0.9962,0.9306,0.9382,0.9626,0.858,0.9326,0.864,0.8158,0.9668,0.9762,0.9644,0.9306,0.9218,0.972,0.9882
C0271650,Impaired glucose tolerance,0.0224,0.0208,0.568,0.5784,0.0332,0.7648,0.0988,0.8762,0.8476,0.195,0.8284,0.8068,0.795,0.8,0.821,0.0264,0.723,0.905,0.0234,0.0554,0.9796,0.9442,0.9014,0.9388,0.1324,0.9438,0.9266,0.0256,0.779,0.7864,0.8792,0.39,0.9368,0.9146,0.854,0.1184,0.7454,0.9582,0.908,0.7506,0.9316,0.9022,0.892,0.92,0.8988,0.256,0.8458,0.896,0.8856,0.9366,0.8752,0.9438,0.959,0.9448,0.949,0.896,0.7332,0.8142,0.8432,0.959,0.8972,0.9102,0.9634,0.8768,0.9252,0.883,0.8844,0.84,0.9254,0.9384,0.888,0.854,0.8994
C0162666,Mitochondrial Encephalomyopathies,0.0192,0.0268,0.6414,0.662,0.0048,0.7428,0.0954,0.5532,0.8024,0.0436,0.3072,0.5518,0.5976,0.4882,0,0.007,0.7938,0.8046,0.0094,0.0802,0.4806,0.529,0.3394,0.4972,0.0546,0.3406,0.3814,0.01,0.6872,0.3566,0.5736,0.5634,0.6736,0.5116,0.887,0.0628,0.6486,0.9512,0.462,0.647,0.3578,0.4702,0.4946,0.4582,0,0.1058,0.318,0.5828,0.523,0.8862,0.7788,0.6998,0.3436,0.56,0.3996,0,0.7106,0,0,0.4506,0.4906,0,0.8986,0.368,0.9692,0.545,0,0,0.6244,0,0,0,0
C0019151,Hepatic Encephalopathy,0.758,0.5952,0.9802,0.987,0.5874,0.9662,0.3228,0.9296,0.9974,0.5406,0.9838,0.9936,0.9896,0.9972,0.9932,0.5598,0.9772,0.9686,0.7924,0.776,0.9466,0.9562,0.4892,0.9584,0.9142,0.877,0.976,0.6164,0.9746,0.9928,0.9834,0.4946,0.9298,0.945,0.9646,0.6226,0.9958,0.9478,0.9962,0.7646,0.9574,0.9824,0.9792,0.9572,0.9962,0.7228,0.9904,0.9908,0.9934,0.9966,0.9992,0.9432,0.9678,0.9906,0.9546,0.9974,0.7664,0.9814,0.992,0.9638,0.974,0.977,0.9962,0.9998,0.9978,0.9504,0.9956,0.9946,0.9986,0.9782,0.9858,0.9938,0.9788
C0026769,Multiple Sclerosis,0.0044,0.0032,0.9264,0.9418,0.015,0.9412,0.047,0.9736,0.7468,0.003,0.9654,0.9728,0.9104,0.9666,0.939,0.0178,0.927,0.8976,0.0078,0.018,0.9728,0.9706,0.0156,0.9832,0.0046,0.7294,0.9764,0.0054,0.9248,0.92,0.9708,0.1002,0.969,0.9832,0.8396,0.0012,0.7534,0.9582,0.8836,0.0202,0.744,0.9778,0.9708,0.8552,0.9722,0.0048,0.7996,0.9048,0.956,0.8448,0.9202,0.7462,0.6832,0.9722,0.722,0,0.296,0.9346,0.9524,0.6676,0.9368,0.9696,0.8634,0.8546,0.8976,0.6218,0.9642,0.965,0.8686,0,0.9682,0,0
C0600467,Neurogenic Inflammation,0.428,0.1482,0.8322,0.8226,0.1908,0.8204,0.0702,0.8958,0.5836,0.2128,0.5614,0.89,0.5098,0.6532,0.7184,0.1986,0.8404,0.3578,0.1852,0.0284,0.7562,0.7554,0.611,0.832,0.1782,0.4354,0.719,0.1616,0.705,0.5174,0.8542,0.1346,0.729,0.8612,0.392,0.0614,0.5254,0.2956,0.6986,0.2062,0.4672,0.7854,0.6778,0.5144,0.9054,0.2492,0.5048,0.7252,0.5452,0.356,0.4732,0.264,0.4228,0.411,0.5042,0.7264,0.1768,0.5346,0.7152,0.5798,0.6462,0,0.5,0.6522,0.5662,0.5478,0.6868,0,0.5374,0,0.7218,0,0
C0024141,"Lupus Erythematosus, Systemic",0.1856,0.054,0.9746,0.8992,0.0276,0.8944,0.0484,0.8968,0.8038,0.1202,0.9582,0.9666,0.9584,0.9738,0.9006,0.0368,0.9284,0.8022,0.0326,0.3182,0.917,0.8514,0.3268,0.9004,0.2046,0.7912,0.9174,0.0248,0.9156,0.9882,0.9494,0.5796,0.8098,0.9302,0.8606,0.1398,0.7524,0.7992,0.749,0.794,0.8396,0.9234,0.942,0.879,0.9702,0.207,0.9244,0.8856,0.9248,0.7472,0.8148,0.94,0.9354,0.911,0.9348,0,0.7896,0.8466,0.8858,0.9682,0.9334,0.9568,0.8914,0.8786,0.9116,0.9636,0.8332,0,0.9178,0,0,0,0
C2931673,"Ceroid lipofuscinosis, neuronal 1, infantile",0.1124,0.0612,0.9344,0.9372,0.0746,0.9868,0.4112,0.9892,0.9942,0.319,0.9918,0.9882,0.9598,0.989,0.9634,0.0766,0.9874,0.9968,0.0946,0.2652,0.9974,0.9952,0.952,0.993,0.2706,0.9998,0.998,0.0852,0.9876,0.9884,0.9922,0.7324,0.9992,0.9948,0.9986,0.1652,0.997,0.9998,0.9968,0.879,0.9944,0.9992,0.9958,0.9882,0.9962,0.5014,0.9758,0.9934,0.997,0.9934,0.998,0.9982,0.998,0.9988,0.9458,0.9964,0.9356,0.9824,0.9882,0.9896,0.9964,0.9978,0.9974,0.9962,0.9974,0.9622,0.9708,0.9924,0.9958,0.9962,0.9616,0.9768,0.9272
C0152013,Adenocarcinoma of lung (disorder),0.0192,0.0002,0.9994,1,0.0042,1,0.0556,1,1,0.2398,1,1,1,1,1,0.005,1,1,0.0108,0.1556,1,1,0.9902,1,0.1066,1,1,0.0058,1,1,1,0.9768,1,1,1,0.0946,1,1,1,0.9674,1,1,1,1,1,0.5606,1,1,1,1,1,1,1,1,1,1,0.9864,1,1,1,1,1,1,1,1,1,1,1,1,1,1,1,1
C0175702,Williams Syndrome,0.147,0.1182,0.9696,0.9916,0.1408,0.9908,0.2664,0.9894,0.916,0.714,0.9658,0.9996,0.9166,0.9962,0.9494,0.1314,0.9786,0.9598,0.1572,0.4726,0.9924,0.9864,0.8072,0.9922,0.6402,0.9946,0.9992,0.1908,0.983,0.9366,0.9958,0.9306,0.9992,0.9986,0.9182,0.3386,0.9498,0.9786,0.9808,0.9488,0.9716,0.9976,0.999,0.9854,0.9994,0.5744,0.8828,0.988,0.9946,0.9266,0.9622,0.9392,0.9512,0.988,0.971,0.9986,0.9672,0.9648,0.9924,0.9796,0.9884,0.9992,0.9278,0.9554,0.9788,0.997,0.955,0.9936,0.955,0.9984,0.9292,0.9874,0.9342
C0268362,Osteogenesis imperfecta type III (disorder),0.598,0.152,0.9594,0.9724,0.1926,0.9688,0.351,0.978,0.9028,0.6998,0.8842,0.9778,0.8258,0.9904,0.9528,0.1678,0.9824,0.8914,0.1884,0.4218,0.9824,0.9598,0.9018,0.959,0.414,0.743,0.9452,0.1646,0.9944,0.9714,0.9376,0.9444,0.8952,0.9694,0.9854,0.3926,0.9662,0.8616,0.9332,0.9076,0.5594,0.97,0.9814,0.9074,0.95,0.7774,0.7,0.9064,0.9744,0.8012,0.871,0.904,0.7758,0.9268,0.5834,0.9924,0.8584,0.9306,0.9476,0.6554,0.952,0.9848,0.8298,0.8128,0.9598,0.75,0.8742,0.9866,0.908,0.9864,0.8598,0.9564,0.925
C0268363,Osteogenesis imperfecta type IV (disorder),0.693,0.5574,0.9222,0.9096,0.5162,0.878,0.3886,0.9412,0.645,0.7832,0.8222,0.9366,0.5642,0.9714,0.818,0.5012,0.8782,0.7808,0.6768,0.6234,0.771,0.8956,0.6244,0.9256,0.8442,0.631,0.8848,0.511,0.8066,0.8426,0.905,0.919,0.614,0.9168,0.7414,0.8796,0.7898,0.7554,0.8006,0.819,0.492,0.9054,0.952,0.8478,0.9156,0.8956,0.72,0.763,0.923,0.764,0.7234,0.7188,0.7566,0.8748,0.5376,0.9654,0.4892,0.856,0.86,0.6336,0.8648,0.942,0.738,0.7304,0.849,0.6662,0.752,0.9422,0.7674,0.9516,0.6484,0.8976,0.8534
C0241910,"Hepatitis, Autoimmune",0.8514,0.8222,0.9428,0.933,0.8848,0.8682,0.7556,0.866,0.8116,0.9374,0.8076,0.9328,0.6704,0.9,0.911,0.8536,0.858,0.6432,0.9458,0.9812,0.792,0.802,0.2746,0.7672,0.989,0.7972,0.8542,0.8746,0.794,0.8742,0.7774,0.4094,0.8888,0.8746,0.8002,0.9802,0.8264,0.4798,0.7238,0.7884,0.8182,0.8358,0.8038,0.9192,0.9498,0.8526,0.7202,0.7854,0.8626,0.455,0.644,0.7874,0.9028,0.7894,0.7674,0,0.5782,0.908,0.8786,0.9642,0.8818,0.8576,0.62,0.7968,0.7828,0.88,0.8934,0.9062,0.9178,0,0.8592,0,0
C0033578,Prostatic Neoplasms,0.0022,0,1,1,0,1,0.0002,1,1,0.5352,1,1,1,1,1,0,1,1,0,0.2542,1,1,0.9818,1,0.2876,1,1,0,1,1,1,0.9998,1,1,1,0.1212,1,1,1,0.9998,1,1,1,1,1,0.5,1,1,1,1,1,1,1,1,1,1,1,1,1,1,1,1,1,1,1,1,1,1,1,1,1,1,1
C2936907,NADH:Q(1) Oxidoreductase deficiency,0.949,0.4434,1,1,0.6254,1,0.02,1,0.9984,0.9418,1,1,1,1,1,0.6208,1,0.9968,0.831,0.1716,1,1,0.4108,0.9998,0.8402,0.9992,1,0.8338,1,1,1,0.6706,0.9996,1,0.9986,0.6002,0.9964,0.9928,0.9996,0.9568,0.9954,1,1,1,1,0.955,0.9998,1,1,0.9796,0.9964,0.9998,1,1,0.9904,1,1,1,1,1,1,1,0.9984,1,1,0.9998,1,1,1,1,1,1,1
C0848558,Hypospadias,0.1056,0.1978,0.451,0.6498,0.2122,0.6318,0.9266,0.7096,0.5058,0.3806,0.8286,0.6066,0.6938,0.698,0.6758,0.2464,0.5134,0.694,0.2208,0.301,0.5692,0.7538,0.6554,0.6616,0.4878,0.912,0.7756,0.2884,0.6986,0.7904,0.5944,0.7508,0.7628,0.7608,0.6692,0.9408,0.4664,0.6786,0.5768,0.499,0.819,0.8426,0.7614,0.656,0.7364,0.4386,0.7382,0.6744,0.7778,0.7806,0.3996,0.7744,0.709,0.6586,0.7702,0.8936,0.7518,0.757,0.7516,0.7846,0.8232,0,0.6408,0.6328,0.7908,0.6642,0.7372,0,0.7102,0,0,0,0
C0026764,Multiple Myeloma,0.4994,0.2056,0.9978,0.9996,0.3032,0.9992,0.2872,0.9998,0.999,0.6214,1,0.9998,0.9986,0.9994,0.9988,0.2584,0.9998,0.9996,0.4458,0.6392,0.9998,0.9998,0.629,0.9998,0.8914,1,0.9998,0.311,1,1,0.9988,0.8408,0.9998,0.9998,0.9998,0.695,0.9996,0.9998,0.9996,0.9292,0.9996,1,0.9996,1,0.9992,0.8338,0.9996,1,1,0.9968,0.9996,1,1,1,0.9994,1,0.9754,1,0.9992,1,1,1,1,0.9988,0.9994,0.995,1,0.9996,0.9998,0.9998,1,1,0.9988
C0015695,Fatty Liver,0.0582,0.0066,0.9984,0.9972,0.0102,0.9992,0.0254,0.9988,0.84,0.0482,0.9888,0.9972,0.913,0.9912,0.9976,0.0154,0.998,0.9836,0.0088,0.0048,0.9996,0.9992,0.3988,0.9994,0.1452,0.8368,0.9996,0.0122,0.9998,0.9984,0.992,0.0924,0.9534,0.999,0.9774,0.142,0.9656,0.837,0.9876,0.2312,0.8776,0.9144,0.9968,0.9776,0.9992,0.1278,0.9578,0.9982,0.9722,0.4876,0.9032,0.9816,0.9854,0.9786,0.9374,0.9686,0.529,0.9986,0.9962,0.7756,0.9828,0.9932,0.8358,0.9854,0.9228,0.79,0.9894,0.9796,0.9518,0,0.9868,0.9904,0
C0023290,"Leishmaniasis, Visceral",0.5706,0.4376,0.7808,0.8946,0.5214,0.8338,0.5174,0.795,0.6664,0.9862,0.9458,0.8912,0.9016,0.8572,0.8702,0.4778,0.9004,0.8336,0.54,0.9874,0.928,0.8436,0.4624,0.79,0.9966,0.8796,0.8794,0.5134,0.8646,0.9568,0.8392,0.6714,0.9044,0.8554,0.8028,0.9916,0.83,0.8138,0.8036,0.9196,0.8972,0.8514,0.7968,0.9254,0.878,0.9778,0.9594,0.8708,0.8224,0.7882,0.68,0.8716,0.9744,0.7966,0.8132,0.724,0.684,0.8968,0.8382,0.9626,0.8922,0.8176,0.8186,0.828,0.7562,0.878,0.873,0.838,0.8744,0,0.8118,0,0
C0393706,Early infantile epileptic encephalopathy with suppression bursts,0.2744,0.0904,0.9594,0.8856,0.125,0.9262,0.2322,0.9156,0.821,0.2834,0.8052,0.958,0.7164,0.9034,0.9462,0.1254,0.895,0.8064,0.1136,0.4686,0.913,0.911,0.9628,0.9278,0.2084,0.8192,0.92,0.0544,0.9292,0.7756,0.9378,0.8936,0.9838,0.9144,0.867,0.1602,0.874,0.9616,0.9188,0.7348,0.9452,0.9612,0.894,0.9586,0.8504,0.2664,0.6716,0.9276,0.9186,0.8772,0.9332,0.9246,0.726,0.922,0.9032,0.9218,0.7378,0.9234,0.981,0.8418,0.9542,0.9234,0.944,0.878,0.9664,0.8332,0.888,0.9542,0.945,0.9582,0.889,0.971,0.9734
C0022521,Kartagener Syndrome,0.5126,0.5686,0.0392,0,0.559,0.0214,0.363,0,0.0442,0.118,0,0,0,0,0,0.5888,0.0354,0.0284,0.3222,0.2028,0.0322,0,0.1614,0,0.0632,0,0,0.5186,0.0288,0,0,0.1294,0,0,0.0664,0.7694,0.1692,0.0438,0,0.1506,0,0,0,0,0,0.063,0,0,0,0.0546,0,0.1024,0,0,0,0,0.0198,0,0,0,0,0,0.0736,0,0,0,0,0,0,0,0,0,0
C0005586,Bipolar Disorder,0.585,0.2532,0.9898,0.9646,0.13,0.9942,0.258,0.987,0.9756,0.4444,0.8788,0.9792,0.8556,0.891,0.8752,0.1804,0.9668,0.9594,0.154,0.7322,0.9472,0.983,0.388,0.993,0.1788,0.754,0.8728,0.1378,0.948,0.7484,0.9304,0.222,0.8832,0.9058,0.7942,0.7378,0.9896,0.916,0.958,0.549,0.7474,0.8206,0.9108,0.818,0.8938,0.1724,0.8052,0.7656,0.8138,0.848,0.939,0.8378,0.7744,0.7346,0.8004,0.9036,0.3636,0.8582,0,0.7154,0.7492,0,0.8436,0.9408,0.794,0.7496,0.795,0,0.7364,0,0.8324,0,0
C0242350,Erectile dysfunction,0.6204,0.3628,0.9188,0.7842,0.4628,0.9358,0.4436,0.9322,0.8266,0.7822,0.891,0.8428,0.9214,0.8694,0.7914,0.4454,0.9576,0.9622,0.5816,0.7628,0.9772,0.943,0.6338,0.945,0.8614,0.9216,0.9028,0.5184,0.974,0.9084,0.8738,0.6178,0.9116,0.902,0.9366,0.7024,0.9058,0.9152,0.9046,0.773,0.9072,0.895,0.8522,0.8518,0.8758,0.8416,0.944,0.9202,0.9026,0.8468,0.8224,0.9628,0.941,0.8332,0.9062,0.8104,0.8514,0.8478,0.8342,0.9158,0.8842,0.9116,0.9746,0.8546,0.8594,0.9286,0.8542,0.8798,0.8986,0.83,0.8576,0.8582,0
C0265215,Meckel-Gruber syndrome,0.9006,0.635,1,0.9994,0.7524,1,0.0078,1,1,0.7436,0.9946,1,0.9964,0.9988,0.9952,0.73,1,0.9992,0.8914,0.3386,0.9992,1,0.0558,1,0.8306,0.929,0.9996,0.8478,1,0.9964,0.9998,0.2734,0.9012,1,1,0.6828,1,0.9958,1,0.5686,0.9568,0.9988,0.9998,0.9952,0.9998,0.9474,0.998,0.9998,0.9946,0.9802,1,0.9996,0.9794,0.9994,0.938,0.999,0.9654,0.9934,0.9998,0.9956,0.998,0.9974,0.9968,0.9998,0.9916,0.9972,0.9908,0.9984,0.9964,0.9922,0.9984,0.9952,0.9956
C0005612,Birth Weight,0.8342,0.9196,0.7342,0.8266,0.843,0.7126,0.6306,0.6894,0.488,0.5856,0.7722,0.6304,0.74,0.7266,0.5494,0.8162,0.7412,0.6964,0.887,0.9292,0.6518,0.6478,0.2524,0.651,0.8788,0.6012,0.5856,0.8394,0.6216,0.8324,0.63,0.61,0.6082,0.621,0.612,0.8372,0.5266,0.4508,0.5556,0.428,0.6564,0.6178,0.5268,0.6414,0.7202,0.8562,0.8388,0.5926,0.665,0.5502,0.4096,0.5268,0.5106,0.6448,0.5754,0.5792,0.4026,0.5176,0.5956,0.5566,0.6312,0.661,0.4434,0.48,0.63,0.5766,0.5348,0,0.4688,0,0.6122,0,0
C0004352,Autistic Disorder,0.465,0.049,1,1,0.1134,1,0.541,1,0.9996,0.8774,1,1,1,1,1,0.1006,1,1,0.3498,0.9388,1,1,0.35,1,0.9142,0.9996,1,0.148,1,1,1,0.7448,1,1,1,0.9076,1,1,1,0.9962,0.9998,1,1,1,1,0.7494,1,1,1,0.998,1,1,0.9998,1,1,1,0.8628,1,1,0.9996,1,0.9998,0.9998,1,1,0.9998,1,1,1,0,1,0,0
C0023904,"Liver Neoplasms, Experimental",0,0,0,0,0,0.0008,0,0,0,0,0,0,0,0,0,0,0,0.001,0,0,0,0,0,0,0,0,0,0,0.0002,0,0,0,0,0,0.004,0,0,0,0,0,0,0,0,0,0,0,0,0,0,0,0,0,0,0,0,0,0,0,0,0,0,0,0,0,0,0,0,0,0,0,0,0,0
C1961099,Precursor T-Cell Lymphoblastic Leukemia-Lymphoma,0.192,0.0994,0.9994,1,0.1806,1,0.2082,1,1,0.8616,1,1,0.9998,1,0.9998,0.179,1,1,0.2468,0.2868,1,1,0.6948,1,0.6958,1,1,0.2316,1,1,1,0.7078,1,1,1,0.3598,1,1,1,0.9036,1,1,1,1,1,0.794,1,1,1,0.9996,1,1,1,1,0.9996,1,0.957,1,1,0.9998,1,1,1,1,1,0.9998,0.9998,1,1,1,0.9998,1,0.9998
C0027404,Narcolepsy,0.3704,0.329,0.5952,0.4028,0.3304,0.255,0,0,0.0128,0.132,0.3168,0.186,0.1536,0,0,0.3644,0.3678,0.0388,0.3414,0.0004,0.0392,0,0,0,0.193,0.1234,0.2024,0.3068,0.0584,0.643,0.2276,0.002,0.4248,0,0.0372,0.064,0.0198,0.0208,0,0.0008,0.1528,0,0,0.4344,0,0.1068,0.1864,0.1824,0,0,0,0.02,0.1466,0.1858,0.1552,0,0.0006,0,0,0.1382,0,0,0,0,0,0,0,0,0,0,0,0,0
C0015967,Fever,0.8268,0.7154,0.9402,0.9972,0.611,0.8638,0.23,0.8558,0.7744,0.4552,0.9676,0.9488,0.7654,0.973,0.8918,0.6708,0.9074,0.7036,0.85,0.7406,0.9506,0.7904,0.3862,0.8264,0.4928,0.6722,0.841,0.7874,0.8702,0.9816,0.7906,0.3124,0.8496,0.8918,0.8496,0.58,0.8466,0.644,0.7868,0.469,0.6084,0.8442,0.881,0.8754,0.899,0.293,0.8438,0.682,0.8678,0.5708,0.7788,0.8562,0.7026,0.7952,0.5752,0.857,0.3126,0.9326,0.8202,0.7088,0.8216,0.8902,0.7688,0.8242,0.834,0.5286,0.8546,0.8806,0.9158,0,0.8826,0,0
C0001418,Adenocarcinoma,0.0734,0.0082,1,1,0.0144,1,0.0078,1,1,0.606,1,1,1,1,1,0.0162,1,1,0.0444,0.46,1,1,0.8576,1,0.6256,1,1,0.0228,1,1,1,0.8938,1,1,1,0.1802,1,1,1,0.972,1,1,1,1,1,0.4828,1,1,1,1,1,1,1,1,1,1,0.9994,1,1,1,1,1,1,1,1,1,1,1,1,1,1,1,1
C0887833,"Carcinoma, Pancreatic Ductal",0.1218,0.0666,0.991,0.9968,0.0842,0.9986,0.5104,0.9998,0.985,0.4306,0.998,0.997,0.9988,0.9966,0.9974,0.08,0.996,0.998,0.1186,0.5048,1,1,0.8934,1,0.4628,0.9954,0.9996,0.0872,0.9994,0.9974,0.995,0.891,0.9998,0.9992,0.9906,0.2518,0.9886,0.9884,0.997,0.8004,0.9996,0.9984,0.9982,0.9948,0.997,0.5474,0.998,0.9992,0.9962,0.9982,0.9912,0.997,0.989,0.9978,0.9978,0.9948,0.9206,0.9882,0.9918,0.9966,0.9982,0.997,0.9932,0.9954,0.9962,0.9976,0.9956,0.9948,0.9978,0.9924,0.9942,0.988,0.9834
C0740392,"Infarction, Middle Cerebral Artery",0.2886,0.0962,0.998,0.996,0.2178,0.9952,0.6954,0.999,0.9498,0.858,0.9994,0.9996,0.9848,0.998,0.9936,0.1496,0.9978,0.9928,0.2602,0.4516,0.9986,0.9998,0.7354,0.9992,0.9584,0.997,1,0.1226,0.9992,0.9964,0.9976,0.9422,1,1,0.9802,0.463,0.9888,0.9788,0.9968,0.917,0.9904,0.9918,0.9986,0.9994,1,0.8622,0.9942,0.9984,0.9958,0.9304,0.9884,0.985,0.9982,0.9932,0.979,0.9982,0.95,0.9966,0.998,0.9964,0.988,0.9988,0.9664,0.9914,0.99,0.9768,0.996,0.9912,0.992,0.997,0.9814,0.9936,0.9858
C0020538,Hypertensive disease,0.4764,0.0452,1,1,0.175,1,0.3344,1,1,0.7114,1,1,0.9998,1,1,0.1462,1,1,0.3932,0.507,1,1,0.5826,1,0.5612,1,1,0.1812,1,1,1,0.7088,1,1,1,0.3956,1,1,1,0.9424,1,1,1,1,1,0.5096,1,1,1,1,1,1,1,1,1,1,0.98,1,1,1,1,1,1,1,1,0.9998,1,1,1,1,1,1,0
C0349639,Juvenile Myelomonocytic Leukemia,0.1572,0.0214,0.9824,0.983,0.0678,0.9984,0.3706,0.998,0.9966,0.598,0.9928,0.998,0.9998,0.996,0.9836,0.0864,0.9954,0.9982,0.0992,0.266,0.9996,0.9978,0.944,0.9988,0.4076,0.9964,0.9998,0.0512,0.9996,0.9952,0.9974,0.7852,0.9986,0.9996,0.9992,0.092,0.9974,0.9986,0.9986,0.9462,0.9966,0.998,0.9988,0.9996,0.998,0.3794,0.9992,0.9998,0.9976,0.9944,0.9964,0.9998,0.999,0.9982,1,0.9976,0.9618,0.9912,0.9984,1,0.999,0.9972,0.9994,0.9982,0.9992,0.9988,0.9996,0.9864,0.9996,0.985,0.9998,0.9978,0.9944
C0023343,Leprosy,0.0848,0.0284,0.6698,0.6662,0.0326,0.236,0.01,0.299,0.7484,0.1514,0.5926,0.5996,0.3064,0.4474,0,0.0404,0.4458,0.3322,0.0608,0.2074,0.5334,0.3576,0.0258,0.43,0.099,0.327,0.5776,0.073,0.3694,0.7036,0.406,0.0334,0.377,0.534,0.4842,0.112,0.6854,0.5334,0.365,0.1058,0.4522,0.4538,0.528,0.6624,0.6872,0.2266,0.3618,0.4998,0.4252,0.743,0.6192,0.6756,0.4026,0.2928,0.4142,0,0.1812,0,0,0.414,0.4488,0,0.4838,0.3024,0.4634,0.3234,0,0,0.528,0,0,0,0
C0027051,Myocardial Infarction,0.1722,0.0142,1,1,0.0444,1,0.2,1,1,0.676,1,1,1,1,1,0.0394,1,1,0.1292,0.689,1,1,0.8384,1,0.8108,1,1,0.057,1,1,1,0.9864,1,1,1,0.7522,1,1,1,0.9978,1,1,1,1,1,0.9488,1,1,1,1,1,1,1,1,1,1,0.9802,1,1,1,1,1,1,1,1,1,1,1,1,1,1,1,1
C0042109,Urticaria,0.3832,0.1772,0.986,0.9938,0.2858,0.9674,0.1206,0.9272,0.696,0.3188,0.9664,0.9934,0.979,0.956,0.9916,0.2042,0.9802,0.964,0.3802,0.0936,0.9614,0.9458,0.5866,0.9432,0.5582,0.8904,0.948,0.2272,0.902,0.9834,0.9888,0.3176,0.94,0.9654,0.9132,0.4236,0.7534,0.8646,0.8694,0.2044,0.9404,0.8526,0.9608,0.9532,0.9878,0.7052,0.995,0.9936,0.9162,0.81,0.7444,0.7292,0.797,0.8512,0.959,0.8958,0.6126,0.9762,0.995,0.8798,0.837,0.8078,0.6244,0.9156,0.8058,0.9654,0.9944,0.9618,0.9268,0,0.9906,0.9588,0.9936
C0003811,Cardiac Arrhythmia,0.2312,0.1716,0.8322,0.6862,0.1976,0.8158,0.8866,0.93,0.6324,0.5684,0.8176,0.8766,0.8032,0.8578,0.7438,0.1784,0.8206,0.8146,0.268,0.9006,0.9586,0.9506,0.8778,0.9562,0.7112,0.8978,0.8784,0.1898,0.9112,0.7958,0.8892,0.8208,0.8016,0.9148,0.863,0.665,0.7182,0.8766,0.9064,0.8832,0.8222,0.7626,0.9198,0.8284,0.903,0.689,0.9044,0.8826,0.7984,0.7636,0.7934,0.847,0.9066,0.883,0.8852,0.9284,0.6966,0.7872,0.8286,0.8434,0.8,0.8478,0.8688,0.7424,0.776,0.8064,0.7858,0.813,0.8234,0,0.729,0,0
C0018995,Hemochromatosis,0.8932,0.8222,0.8272,0.7688,0.8682,0.6756,0.5004,0.6234,0.5108,0.8434,0.6156,0.5988,0.5464,0,0,0.8718,0.6552,0.5928,0.9402,0.1374,0.4182,0.5382,0.2048,0.5354,0.9122,0.4268,0.5612,0.9402,0.6946,0.6872,0.7076,0.3292,0.3428,0.5108,0.6938,0.3394,0.5772,0.5778,0.537,0.4442,0.5438,0,0,0.42,0.7452,0.5536,0.5918,0.5368,0,0.5142,0.5044,0.6816,0.3856,0.6496,0.5834,0,0.5924,0,0,0.5162,0,0,0.5992,0.588,0,0.6184,0,0,0,0,0,0,0
C0030297,Pancreatic Neoplasm,0.1588,0.0402,1,1,0.041,1,0.0312,1,1,0.503,1,1,1,1,1,0.0374,1,1,0.1056,0.5114,1,1,0.6934,1,0.8418,1,1,0.055,1,1,1,0.6794,1,1,1,0.3174,1,1,1,0.9176,1,1,1,1,1,0.8694,1,1,1,1,1,1,1,1,0.9992,1,0.9682,1,1,1,1,1,1,1,1,1,1,1,1,1,1,1,1
C0020507,Hyperplasia,0.1036,0.0184,0.9998,0.9972,0.0366,1,0.2292,1,0.9986,0.4258,1,1,0.9984,1,0.9996,0.0336,0.9998,1,0.0526,0.3958,1,1,0.7788,1,0.3128,1,1,0.029,0.9998,0.9994,1,0.8842,1,1,1,0.2086,1,0.9996,1,0.907,1,1,1,1,1,0.46,0.9994,1,0.9998,0.994,0.9992,0.9998,1,1,0.9988,1,0.9346,0.9998,1,0.9996,0.9998,1,0.9994,0.9996,0.9998,0.9986,1,0.9998,1,0.9998,0.9998,0.9994,0.9994
C0030354,Papilloma,0.1036,0.0396,0.9998,0.992,0.0892,0.9996,0.1936,1,0.9946,0.276,0.993,1,0.9758,0.999,0.9972,0.077,0.999,0.9978,0.0956,0.1634,1,1,0.9088,1,0.1418,0.9984,0.9996,0.082,0.9998,0.9884,0.9998,0.5822,0.9992,1,0.9982,0.1008,0.9966,0.9992,1,0.653,0.9948,0.9998,0.9998,0.9954,0.9998,0.2802,0.9756,0.9994,0.9988,0.9618,0.9996,0.9964,0.9952,0.9992,0.9874,0.9996,0.9012,0.9974,0.9996,0.9932,0.995,0.9996,0.9946,0.998,0.9978,0.9858,0.9946,0.9984,0.9956,0.998,0.9926,0.9978,0.9986
C0030193,Pain,0.9298,0.807,0.9862,0.9634,0.6872,0.9592,0.1622,0.9584,0.586,0.877,0.884,0.975,0.9528,0.8702,0.8694,0.687,0.9702,0.8118,0.8004,0.4898,0.9536,0.7944,0.0948,0.891,0.9816,0.8712,0.9212,0.776,0.8874,0.9782,0.8932,0.1252,0.816,0.947,0.9176,0.9574,0.688,0.6694,0.7612,0.3462,0.9362,0.728,0.9376,0.9598,0.9388,0.8896,0.96,0.951,0.827,0.3878,0.8298,0.7138,0.966,0.7502,0.9708,0,0.514,0.7482,0.9344,0.9452,0.8128,0.847,0.6632,0.776,0.714,0.9462,0.8014,0,0.6944,0,0.7756,0,0
C0000768,Congenital Abnormality,0.228,0.1426,0.8598,0.9678,0.158,0.9466,0.7094,0.893,0.9548,0.6694,0.9724,0.9032,0.9938,0.9376,0.966,0.1552,0.9432,0.9788,0.1962,0.6768,0.9688,0.9228,0.779,0.904,0.5238,0.9932,0.9578,0.1502,0.91,0.9688,0.9498,0.7502,0.925,0.9352,0.9748,0.355,0.8936,0.9856,0.9592,0.8672,0.9956,0.9564,0.9484,0.9528,0.9396,0.5052,0.9814,0.9714,0.9536,0.9766,0.9142,0.9364,0.9912,0.97,0.9826,0.9346,0.9458,0.9918,0.8992,0.9854,0.9882,0.9472,0.9426,0.9802,0.9696,0.9592,0.9774,0.9382,0.985,0.9748,0.9778,0.9178,0.917
C1834752,"MYCOBACTERIUM TUBERCULOSIS, SUSCEPTIBILITY TO (finding)",0.6942,0.3896,0.9326,0.8122,0.4076,0.8652,0.3686,0.9386,0.8774,0.5778,0.7848,0.8676,0.7138,0.842,0.749,0.3356,0.8642,0.863,0.3436,0.8622,0.9354,0.9208,0.5378,0.9282,0.5184,0.7716,0.7964,0.2576,0.8862,0.8098,0.848,0.6298,0.7254,0.8384,0.8746,0.65,0.8684,0.8752,0.9316,0.8368,0.669,0.806,0.8002,0.7726,0.8104,0.5958,0.7558,0.7808,0.8012,0.709,0.9176,0.8956,0.835,0.844,0.669,0.8504,0.6532,0.6726,0.7246,0.6936,0.8308,0.8242,0.8078,0.9086,0.7792,0.5886,0.7008,0.8218,0.8286,0,0.7388,0,0
C0022658,Kidney Diseases,0.472,0.0568,1,0.9994,0.2362,0.9986,0.0354,1,0.9838,0.3062,0.9998,0.9998,0.9982,1,1,0.1854,0.9998,0.9752,0.4976,0.6184,0.9962,0.9968,0.2348,0.9994,0.5818,0.9962,0.9996,0.2238,0.989,1,0.9992,0.228,0.9986,0.999,0.9916,0.2658,0.9994,0.963,0.9856,0.8604,0.9896,0.9998,0.9986,1,0.9998,0.881,0.9998,0.9992,0.9996,0.8962,0.9908,0.9898,0.9994,0.9974,0.9866,0.9998,0.7634,1,1,0.9974,0.9998,1,0.9764,0.9952,0.9998,0.9926,1,1,0.9994,0,1,1,1
C0206062,"Lung Diseases, Interstitial",0.1346,0.1248,0.9494,0.898,0.1816,0.9052,0.2072,0.9642,0.769,0.4226,0.7634,0.9468,0.7968,0.8728,0.9006,0.1674,0.9028,0.9168,0.2482,0.6304,0.944,0.9162,0.7996,0.951,0.4164,0.7744,0.9154,0.2452,0.844,0.806,0.8826,0.3484,0.9686,0.9476,0.8572,0.5802,0.8446,0.9094,0.8034,0.3838,0.775,0.9534,0.9308,0.861,0.9374,0.273,0.8598,0.7964,0.9172,0.8308,0.694,0.8102,0.8228,0.897,0.812,0.9014,0.5088,0.9226,0.9366,0.781,0.8878,0.9556,0.8022,0.9286,0.883,0.7734,0.8594,0.942,0.8494,0.9704,0.8302,0.9466,0.9208
C0007117,Basal cell carcinoma,0.1504,0.1594,0.8676,0.8136,0.1956,0.5418,0.037,0.8496,0.3582,0.5416,0.4744,0.6216,0.3632,0,0,0.2098,0.6344,0.424,0.2644,0.4764,0.3506,0.6924,0.0542,0.8284,0.7866,0.613,0.6844,0.3094,0.6134,0.7146,0.5468,0.3236,0.6544,0.88,0.4332,0.9252,0.175,0.1396,0.7984,0.3736,0.2994,0,0,0.5234,0.708,0.692,0.388,0.6554,0,0.5832,0.766,0.2902,0.6614,0.639,0.401,0,0.2934,0,0,0.344,0,0,0.4506,0.632,0,0.445,0,0,0,0,0,0,0
C2239176,Liver carcinoma,0.0016,0,1,1,0,1,0.0192,1,1,0.691,1,1,1,1,1,0,1,1,0.0002,0.5896,1,1,0.9982,1,0.3046,1,1,0.0002,1,1,1,0.9998,1,1,1,0.2672,1,1,1,1,1,1,1,1,1,0.9672,1,1,1,1,1,1,1,1,1,1,1,1,1,1,1,1,1,1,1,1,1,1,1,1,1,1,1
C0206726,gliosarcoma,0.1526,0.0448,1,0.9938,0.0666,0.9998,0.1258,0.9998,0.99,0.3176,0.9924,0.9974,0.9956,0.9958,0.9902,0.0578,1,0.9974,0.1006,0.1636,0.9998,1,0.5732,1,0.3668,0.9932,0.9996,0.0734,1,0.9948,0.996,0.761,0.9996,0.9998,0.9992,0.0874,0.999,0.9922,0.9994,0.8112,0.994,0.9996,0.9992,1,0.9952,0.3164,0.9928,0.9912,0.9944,0.9576,0.9932,0.999,0.9842,0.9966,0.9736,0.9988,0.8022,0.992,0.995,0.9812,0.9966,0.9958,0.9984,0.9692,0.9866,0.9932,0.9918,0.9918,0.9894,0.9826,0.9978,0.9932,0.9866
C0948089,Acute Coronary Syndrome,0.0342,0.009,1,1,0.0158,1,0.023,1,1,0.527,1,1,1,1,1,0.017,1,1,0.0224,0.1866,1,1,0.7232,1,0.339,1,1,0.0198,1,1,1,0.8886,1,1,1,0.2986,1,1,1,0.944,1,1,1,1,1,0.8002,1,1,1,1,1,1,1,1,1,1,0.9924,1,1,1,1,1,1,1,1,1,1,1,1,1,1,1,1
C0029927,Ovarian Cysts,0.8484,0.6514,0.997,0.7842,0.6692,0.9892,0.1566,0.981,0.9526,0.7152,0.6792,0.8146,0.5194,0.8486,0.7998,0.7152,0.9942,0.9712,0.6202,0.4656,0.8462,0.9704,0.1242,0.96,0.8864,0.491,0.7754,0.6038,0.9292,0.6714,0.8124,0.2104,0.6788,0.9186,0.9798,0.825,0.9196,0.6752,0.9628,0.7072,0.4432,0.6936,0.6168,0.84,0.8878,0.6926,0.6206,0.8402,0.5502,0.7106,0.9194,0.7772,0.859,0.7888,0.6242,0,0.9764,0.773,0.8618,0.773,0.8368,0,0.749,0.4828,0.6802,0.7714,0.7936,0.928,0.7306,0,0,0,0
C0036346,"Schizophrenia, Childhood",0.0778,0.344,0.5984,0.4738,0.3112,0.7392,0.8392,0.7172,0.6446,0.318,0.5434,0.389,0.4062,0.5704,0.667,0.3068,0.7874,0.824,0.2516,0.379,0.63,0.686,0.5646,0.7286,0.309,0.53,0.5782,0.2062,0.4766,0.4962,0.5828,0.349,0.659,0.5004,0.7786,0.1616,0.632,0.6346,0.6652,0.4388,0.4634,0.5036,0.4934,0.4322,0,0.2198,0.329,0.4874,0.592,0.5002,0.5986,0.5536,0.489,0.4538,0.4112,0.6866,0.2642,0.618,0.6758,0.3118,0.5058,0,0.3782,0.4282,0.458,0.261,0.6126,0,0.4528,0,0,0,0
C0206686,Adrenocortical carcinoma,0.1472,0.0684,0.9992,1,0.1084,1,0.1294,1,1,0.6556,1,1,1,1,1,0.1008,1,1,0.1358,0.3266,1,1,0.5506,1,0.442,1,1,0.12,1,1,1,0.886,1,1,1,0.45,1,1,1,0.9398,1,1,1,1,1,0.767,1,1,1,0.9998,1,1,1,1,1,1,0.9668,1,1,1,1,1,1,1,1,0.9998,1,1,1,1,0.9998,1,1
C0036341,Schizophrenia,0.0288,0.0004,0.9998,0.9996,0.0026,1,0.0734,0.9998,0.9972,0.021,0.9784,1,0.9522,0.9994,1,0.002,1,1,0.0132,0.4104,0.9998,1,0.1466,0.9998,0.0762,0.9724,1,0.0008,1,0.9832,1,0.2968,0.9962,1,1,0.1192,0.9986,0.9998,1,0.3322,0.9804,0.9992,1,0.9954,1,0.0352,0.9614,0.9994,0.9996,0.9928,0.9966,0.9994,0.9614,1,0.9784,0.9972,0.7294,0.9944,1,0.9418,0.9976,0.9996,0.9926,0.9986,0.995,0.9654,0.995,0.9998,0.9916,0,0.998,0,0
C0333641,Atrophic,0.2144,0.0288,0.969,0.945,0.0712,0.9782,0.3146,0.9954,0.9806,0.0814,0.9968,0.9962,0.9578,0.9976,0.9782,0.074,0.987,0.9952,0.1378,0.0524,0.9992,0.9936,0.7902,0.991,0.059,0.9984,0.9988,0.097,0.9834,0.9834,0.9984,0.5102,1,0.9986,0.9954,0.034,0.9888,0.9946,0.996,0.458,0.9912,0.9996,0.999,0.9822,0.9984,0.124,0.9604,0.9952,0.9992,0.964,0.9944,0.9914,0.9916,0.9984,0.9616,0.9986,0.6874,0.9964,0.9952,0.9766,0.9964,0.9992,0.9746,0.995,0.9966,0.926,0.9926,0.9982,0.9916,0.9986,0.9752,0.9946,0.9744
C1800706,Idiopathic Pulmonary Fibrosis,0.4734,0.2196,0.7954,0.9618,0.3254,0.7998,0.1964,0.947,0.4294,0.7456,0.8362,0.929,0.846,0.9168,0.933,0.271,0.8614,0.4028,0.418,0.5806,0.9226,0.9212,0.6214,0.9744,0.5464,0.8132,0.9578,0.3788,0.8654,0.8492,0.894,0.8142,0.9434,0.9692,0.409,0.6404,0.5146,0.6764,0.7698,0.9094,0.793,0.9298,0.957,0.8974,0.9464,0.719,0.906,0.8156,0.895,0.4038,0.6738,0.5482,0.7438,0.7692,0.767,0.852,0.662,0.9216,0.8858,0.7156,0.8254,0.9524,0.374,0.764,0.8096,0.8508,0.8264,0.9114,0.8304,0.9566,0.818,0.8858,0
C0431362,Lobar Holoprosencephaly,0.9206,0.8618,0.838,0.9562,0.849,0.723,0.4646,0.6934,0.7212,0.2794,0.87,0.7792,0.839,0.7814,0.8846,0.8756,0.7146,0.4742,0.7724,0.3844,0.3936,0.6416,0.3958,0.6566,0.5606,0.731,0.7878,0.6984,0.4666,0.94,0.7636,0.5564,0.7974,0.734,0.5014,0.5094,0.747,0.6904,0.5306,0.48,0.6074,0.7792,0.6344,0.746,0.5968,0.3092,0.871,0.6882,0.8194,0.7688,0.6292,0.583,0.7836,0.6974,0.6004,0.8712,0.2912,0.9322,0.828,0.5914,0.7722,0.6624,0.6534,0.7568,0.7856,0.5242,0.8972,0.8324,0.8424,0,0.7062,0.8548,0
C0431363,Alobar Holoprosencephaly,0.9206,0.8618,0.838,0.9562,0.849,0.723,0.4646,0.6934,0.7212,0.2794,0.87,0.7792,0.839,0.7814,0.8846,0.8756,0.7146,0.4742,0.7724,0.3844,0.3936,0.6416,0.3958,0.6566,0.5606,0.731,0.7878,0.6984,0.4666,0.94,0.7636,0.5564,0.7974,0.734,0.5014,0.5094,0.747,0.6904,0.5306,0.48,0.6074,0.7792,0.6344,0.746,0.5968,0.3092,0.871,0.6882,0.8194,0.7688,0.6292,0.583,0.7836,0.6974,0.6004,0.8712,0.2912,0.9322,0.828,0.5914,0.7722,0.6624,0.6534,0.7568,0.7856,0.5242,0.8972,0.8324,0.8424,0,0.7062,0.8548,0
C0021051,Immunologic Deficiency Syndromes,0.4904,0.268,0.9076,0.9074,0.3616,0.9328,0.5564,0.945,0.6798,0.698,0.867,0.9148,0.6986,0.865,0.802,0.3742,0.9374,0.7928,0.3998,0.814,0.9792,0.9584,0.7104,0.9552,0.7732,0.734,0.9464,0.38,0.9356,0.9024,0.8572,0.8274,0.9358,0.9386,0.5514,0.7724,0.6418,0.7388,0.9056,0.922,0.87,0.9264,0.9206,0.9742,0.905,0.9294,0.7038,0.8748,0.8902,0.7858,0.5844,0.5428,0.718,0.825,0.8248,0.8694,0.6304,0.8514,0.8746,0.8704,0.8684,0.9412,0.5892,0.7568,0.781,0.8258,0.869,0.871,0.7912,0,0.7748,0.8884,0
C0004134,Ataxia,0.973,0.8426,0.9098,0.7914,0.8516,0.6858,0.2644,0.8144,0.7364,0.5374,0.6058,0.7548,0.4104,0.6002,0.6742,0.8358,0.5402,0.7008,0.9612,0.3322,0.6322,0.7548,0.157,0.81,0.7962,0.3896,0.678,0.9532,0.7098,0.4852,0.7272,0.1766,0.542,0.795,0.7536,0.6602,0.6142,0.6084,0.7928,0.4926,0.3318,0.4692,0.5208,0.6238,0.7838,0.3954,0.4342,0.5454,0.4692,0.5788,0.604,0.7136,0.5112,0.7174,0.36,0,0.6834,0.6598,0.7136,0.3752,0.5174,0,0.6286,0.5572,0,0.3218,0.6642,0,0,0,0,0,0
C0279628,Adenocarcinoma Of Esophagus,0.0352,0.0484,0.8906,0.9642,0.0624,0.9876,0.676,0.9912,0.974,0.4758,0.9972,0.9964,0.9928,0.9968,0.9956,0.058,0.979,0.99,0.0724,0.377,0.9988,0.9948,0.969,0.9934,0.2902,0.9998,0.9978,0.0596,0.9932,0.9932,0.9978,0.9162,0.9996,0.9968,0.9932,0.336,0.9934,0.9926,0.9906,0.9434,0.9994,0.9994,0.9968,0.9976,0.9992,0.4696,0.9968,0.9984,0.9986,0.968,0.9914,0.9958,0.9978,0.9972,0.9964,0.9982,0.8344,0.9988,0.9982,0.9996,0.9988,0.9986,0.9918,0.9966,0.9976,0.994,0.9978,0.9984,0.998,0.9976,0.9958,0.9974,0.9958
C0035334,Retinitis Pigmentosa,0.7576,0.522,0.9996,0.77,0.6476,0.9142,0.0022,0.8796,0.4692,0.3546,0.7334,0.721,0.884,0.754,0,0.6272,0.8526,0.5186,0.6222,0.037,0.5942,0.7416,0.0128,0.652,0.2486,0.6588,0.8216,0.6056,0.7506,0.6282,0.6696,0.0758,0.4928,0.5332,0.4116,0.0944,0.4286,0.9054,0.6702,0.555,0.5016,0.6338,0.7702,0.598,0,0.1554,0.6572,0.8542,0.7042,0.9214,0.4598,0.5878,0.53,0.7534,0.8764,0,0.589,0,0,0.7348,0.766,0,0.4562,0.7818,0.6134,0.586,0,0,0.7724,0,0,0,0
C0279626,Squamous cell carcinoma of esophagus,0.0128,0.0032,1,1,0.0084,1,0.0092,1,1,0.8854,1,1,1,1,1,0.005,1,1,0.016,0.2702,1,1,0.7986,1,0.533,1,1,0.0126,1,1,1,0.9804,1,1,1,0.2244,1,1,1,0.9856,1,1,1,1,1,0.9714,1,1,1,1,1,1,1,1,1,1,0.9998,1,1,1,1,1,1,1,1,1,1,1,1,1,1,1,1
C0004364,Autoimmune Diseases,0.4346,0.2446,0.9888,1,0.1836,0.9984,0.8054,0.9982,0.9724,0.7104,0.9998,0.999,0.9748,0.9998,1,0.199,0.9988,0.9842,0.3164,0.8182,0.9654,0.9866,0.7522,0.9944,0.6116,0.998,0.997,0.209,0.9702,1,0.9964,0.6084,1,0.9978,0.9396,0.7372,0.9768,0.958,0.9886,0.8804,0.9906,1,0.9992,0.9994,0.9952,0.572,0.995,0.9732,1,0.9302,0.9654,0.9746,0.998,0.9938,0.964,1,0.885,0.9996,0.9986,0.9988,0.9934,0.9988,0.9682,0.9634,0.998,0.9908,0.9948,0.9996,0.9758,0.9996,0.9904,0.9998,0.9992
C0011991,Diarrhea,0.9952,0.9046,0.9958,0.822,0.9512,0.854,0.0762,0.9672,0.7498,0.6344,0.5646,0.8136,0.5588,0.5698,0,0.9312,0.9214,0.622,0.99,0.2412,0.6342,0.8502,0.1,0.8816,0.8384,0.3802,0.6174,0.9494,0.753,0.6454,0.6124,0.118,0.3458,0.7854,0.6102,0.7344,0.6754,0.4682,0.788,0.4102,0.383,0.4166,0.7032,0.4628,0.7156,0.5776,0.4866,0.6452,0.4114,0.396,0.6912,0.526,0.362,0.502,0.4592,0,0.3188,0,0,0.4748,0.452,0,0.5616,0.5818,0.5628,0.424,0,0,0.4614,0,0,0,0
C0151744,Myocardial Ischemia,0.0068,0,1,1,0.0004,1,0.0178,1,1,0.6744,1,1,1,1,1,0,1,1,0.0004,0.1512,1,1,0.9956,1,0.2544,1,1,0.0004,1,1,1,0.9888,1,1,1,0.0486,1,1,1,0.9994,1,1,1,1,1,0.8556,1,1,1,1,1,1,1,1,1,1,1,1,1,1,1,1,1,1,1,1,1,1,1,1,1,1,1
C0085580,Essential Hypertension,0,0,0.0234,0.2286,0,0.0556,0.0468,0.1012,0.0712,0,0.1844,0.2668,0.2948,0.5014,0.7336,0,0.025,0.0946,0,0.0014,0.5684,0.0912,0.046,0.16,0,0.361,0.2658,0,0.0684,0.1962,0.6048,0.1752,0.454,0.2708,0.1072,0,0.046,0.233,0.1216,0.0014,0.3276,0.5064,0.518,0.2198,0,0,0.2278,0.3204,0.4986,0.3414,0.2282,0.1076,0.2574,0.3388,0.417,0,0.003,0.7374,0.7198,0.2284,0.544,0,0.231,0.4676,0.5412,0.332,0.7308,0,0.536,0,0,0.8984,0
C0019209,Hepatomegaly,0.4344,0.2866,0.9522,0.9536,0.3396,0.969,0.32,0.9706,0.9734,0.4708,0.9714,0.9894,0.9426,0.9896,0.9628,0.3338,0.987,0.97,0.4438,0.5086,0.9786,0.97,0.668,0.9584,0.44,0.926,0.979,0.3638,0.985,0.977,0.9958,0.7336,0.9632,0.9824,0.9868,0.3464,0.9868,0.985,0.9748,0.7064,0.917,0.9724,0.9904,0.9486,0.9952,0.6818,0.9412,0.9664,0.988,0.9356,0.977,0.9892,0.9558,0.9868,0.8292,0.9872,0.685,0.9642,0.9936,0.9286,0.973,0.994,0.97,0.9862,0.978,0.861,0.9442,0.9904,0.9664,0.9938,0.9624,0.9776,0.9604
C0026848,Myopathy,0.1002,0.0114,0.8536,0.6236,0.011,0.867,0.11,0.93,0.8032,0.1584,0.8382,0.8986,0.7764,0.8564,0.844,0.0154,0.6938,0.9442,0.0136,0.0224,0.9608,0.9554,0.6948,0.945,0.3044,0.887,0.899,0.0166,0.943,0.7826,0.9352,0.4246,0.8838,0.9434,0.9044,0.22,0.8026,0.9138,0.9618,0.7018,0.818,0.9082,0.9386,0.9518,0.9248,0.6906,0.6052,0.9686,0.899,0.8746,0.8784,0.876,0.851,0.9274,0.8,0.9038,0.7044,0.8966,0.9146,0.697,0.9256,0.9258,0.9078,0.9324,0.8826,0.84,0.8894,0.9114,0.8348,0,0.8734,0.925,0
C0019202,Hepatolenticular Degeneration,0.7876,0.3472,0.9884,0.9892,0.4438,0.9904,0.1456,0.998,0.9742,0.6844,0.9972,0.996,0.9808,0.9892,0.9862,0.4572,0.9964,0.9948,0.55,0.0954,0.988,0.9956,0.4742,0.9982,0.316,0.999,0.9978,0.5248,0.99,0.9962,0.9942,0.577,0.9922,0.9968,0.9858,0.2832,0.9876,0.982,0.9962,0.6374,0.9936,0.9842,0.996,0.9934,0.9972,0.5722,0.9934,0.999,0.9878,0.9654,0.9748,0.9802,0.9964,0.976,0.9484,0.9944,0.8808,0.9988,0.9988,0.9922,0.9924,0.9894,0.9872,0.9876,0.9866,0.9906,0.995,0.9966,0.994,0,0.9858,0.9932,0.988
C0015393,Eye Abnormalities,0.1522,0.012,0.8176,0.9424,0.0268,0.8116,0.0984,0.811,0.74,0.1032,0.872,0.8866,0.8208,0.947,0.9018,0.0244,0.8092,0.7758,0.0464,0.1014,0.6538,0.7656,0.5482,0.7942,0.1342,0.82,0.8478,0.032,0.7294,0.8278,0.8742,0.1718,0.9136,0.8474,0.7718,0.0896,0.7606,0.5152,0.6816,0.2746,0.8422,0.9048,0.9028,0.7282,0.7516,0.0482,0.8496,0.88,0.8658,0.5552,0.7482,0.5366,0.831,0.8058,0.8654,0.946,0.2264,0.9218,0.892,0.8216,0.8574,0.9366,0.419,0.7304,0.8392,0.7582,0.9316,0.8862,0.8774,0,0.9318,0,0.902
C0026846,Muscular Atrophy,0.1346,0.0234,0.9998,0.9822,0.0446,0.9946,0.0842,0.9928,0.9898,0.1354,0.9882,0.9896,0.9936,0.9792,0.9842,0.0268,0.9972,0.9956,0.0392,0.3344,0.9862,0.9938,0.543,0.9906,0.2862,0.9976,0.993,0.0218,0.9892,0.99,0.9896,0.2748,0.9976,0.9914,0.9976,0.0806,0.9982,0.9884,0.9924,0.4842,0.9994,0.9962,0.984,0.998,0.9938,0.3916,0.992,0.9966,0.9888,0.9264,0.9946,0.9916,0.9976,0.9916,0.996,0.98,0.7852,0.9924,0.993,0.9954,0.9918,0.9846,0.9478,0.9956,0.9782,0.9926,0.996,0.9886,0.9856,0.9844,0.9968,0.9888,0.9868
C0004782,Basal Ganglia Diseases,0.5404,0.427,0.836,0.7618,0.3556,0.5478,0.562,0.8284,0.7612,0.4192,0.6644,0.7838,0.6646,0.6812,0,0.3708,0.48,0.6246,0.5792,0.7146,0.894,0.7924,0.9146,0.8666,0.4576,0.4188,0.7526,0.458,0.72,0.5872,0.7024,0.6582,0.4828,0.7908,0.4888,0.3834,0.3792,0.811,0.7982,0.6444,0.3844,0.6318,0.7612,0.5096,0.8626,0.4788,0.664,0.7438,0.6416,0.6846,0.917,0.597,0.5038,0.715,0.4662,0,0.5644,0,0,0.544,0.6828,0.7232,0.7652,0.862,0.6316,0.5192,0,0,0.7246,0,0,0,0
C0019163,Hepatitis B,0.8878,0.8734,0.944,0.9918,0.9022,0.9304,0.7168,0.9004,0.9024,0.4616,0.9338,0.9508,0.8752,0.8876,0.8896,0.9034,0.9628,0.8716,0.9504,0.5198,0.842,0.8816,0.2128,0.8656,0.802,0.7592,0.9196,0.9256,0.9064,0.9754,0.9318,0.3796,0.5982,0.936,0.8956,0.482,0.8746,0.7184,0.8478,0.7554,0.6726,0.747,0.8962,0.8728,0.9366,0.8226,0.9554,0.8968,0.8482,0.5326,0.7868,0.8432,0.874,0.8678,0.7338,0.889,0.6406,0.8854,0.8724,0.8892,0.8036,0.8328,0.7456,0.8424,0.8048,0.8934,0.8292,0.9092,0.9072,0,0.8492,0,0
C0024115,Lung diseases,0.1014,0.003,0.9478,0.7222,0.0032,0.991,0.3048,0.999,0.9546,0.047,0.9682,0.9798,0.8244,0.9832,0.9228,0.0076,0.9948,0.965,0.0162,0.2496,0.9688,0.9836,0.8886,0.9748,0.033,0.997,0.9964,0.009,0.9706,0.908,0.9944,0.8142,0.996,0.991,0.9666,0.0364,0.9742,0.9228,0.9926,0.4836,0.9428,0.9984,0.9994,0.9918,0.9986,0.108,0.917,0.9274,0.9954,0.9272,0.9974,0.9858,0.9928,0.9874,0.9334,0.9964,0.6196,0.9772,0.9942,0.9678,0.9972,0.9956,0.9568,0.9434,0.9896,0.9094,0.9674,0.9918,0.9852,0.9994,0.9626,0.9924,0
C0024117,Chronic Obstructive Airway Disease,0.8256,0.2582,0.9974,0.9816,0.493,0.9964,0.0634,0.9966,0.9604,0.18,0.956,0.9698,0.9344,0.9866,0.9474,0.4152,0.9994,0.9916,0.8898,0.1962,0.9898,0.9926,0.0782,0.996,0.2484,0.9416,0.9884,0.7084,0.9582,0.974,0.9662,0.0926,0.9734,0.99,0.9548,0.1328,0.9668,0.9564,0.9826,0.32,0.9384,0.9526,0.9766,0.883,0.9964,0.1128,0.96,0.9676,0.966,0.8818,0.9944,0.9598,0.9154,0.9788,0.869,0.9716,0.475,0.8392,0.9742,0.8464,0.9676,0.9658,0.9136,0.974,0.9472,0.86,0.8362,0.9738,0.937,0,0.8924,0,0
C0031117,Peripheral Neuropathy,0.4724,0.04,1,1,0.0862,1,0.0696,1,1,0.941,1,1,1,1,1,0.0778,1,1,0.295,0.9532,1,1,0.65,1,0.9808,1,1,0.0958,1,1,1,0.9934,1,1,1,0.921,1,1,1,1,1,1,1,1,1,0.9986,1,1,1,1,1,1,1,1,1,1,0.995,1,1,1,1,1,1,1,1,1,1,1,1,0,1,1,1
C0043094,Weight Gain,0.0234,0.0028,1,1,0.0154,1,0.204,1,1,0.5852,1,1,0.9994,1,1,0.009,1,1,0.0232,0.1776,1,1,0.8596,1,0.2604,1,1,0.0086,1,1,1,0.5154,1,1,1,0.1432,1,0.999,1,0.9718,1,1,1,1,1,0.6358,0.9966,1,1,0.9996,1,0.9996,1,1,0.992,1,0.998,1,1,0.998,1,1,1,1,0.9998,0.9984,0.9994,1,0.9996,1,0.999,1,1
C0011053,Deafness,0.0278,0.0216,0.0882,0.1478,0.0212,0.1816,0.3614,0.3432,0.0488,0.0376,0.2032,0.2958,0.1448,0.4308,0,0.0262,0.1006,0.3646,0.0254,0.0666,0.486,0.2872,0.429,0.256,0.0376,0.2542,0.4294,0.032,0.2924,0.1724,0.3776,0.1486,0.4722,0.3302,0.2104,0.065,0.0702,0.1408,0.0934,0.0668,0.2608,0.5016,0.4812,0.3328,0.6328,0.0262,0.1696,0.2748,0.5002,0.0894,0.142,0.1028,0.1718,0.4252,0.191,0,0.2058,0,0,0.2224,0.439,0.6838,0.1166,0.2938,0.5808,0.19,0,0,0,0,0,0,0
C0403553,Renal dysplasia and retinal aplasia (disorder),0.7014,0.4722,0.9714,0.9762,0.6634,0.9892,0.1462,0.9952,0.9858,0.8326,0.9618,0.9886,0.9622,0.9796,0.9454,0.6806,0.9912,0.9854,0.6952,0.3298,0.982,0.9966,0.44,0.9966,0.784,0.9482,0.9948,0.7226,0.9986,0.961,0.9858,0.7284,0.9672,0.9948,0.9936,0.6386,0.9982,0.9886,0.9972,0.8522,0.9482,0.9886,0.9926,0.9818,0.99,0.8212,0.9848,0.9974,0.984,0.9486,0.9974,0.9982,0.9614,0.9908,0.894,0.9902,0.9872,0.9252,0.9814,0.9788,0.9892,0.989,0.9982,0.9934,0.9744,0.9804,0.9298,0.9764,0.9876,0.9678,0.9742,0.9572,0.918
C1263846,Attention deficit hyperactivity disorder,0.7088,0.9152,0.6926,0.5426,0.9596,0.3382,0.0936,0.4302,0.3268,0.8594,0.4276,0.475,0.5036,0.5932,0,0.937,0.6062,0.2758,0.9802,0.5156,0.1212,0.2658,0.0144,0.286,0.8792,0.229,0.2948,0.9938,0.41,0.338,0.6532,0.17,0.1546,0.368,0.3684,0.8302,0.4364,0.1636,0.2102,0.6148,0.1698,0.488,0.5868,0.2412,0,0.765,0.457,0.3272,0.7476,0.2142,0.2364,0.2398,0.2286,0.35,0.3182,0,0.3948,0,0,0.2122,0,0,0.2756,0.6068,0,0.3342,0,0,0,0,0,0,0
C0039685,Tetralogy of Fallot,0.603,0.7336,0.7108,0.9446,0.5564,0.8226,0.8364,0.7838,0.8174,0.8398,0.986,0.9048,0.93,0.9786,0.947,0.5706,0.8456,0.8446,0.6684,0.9242,0.8604,0.8388,0.3128,0.802,0.9162,0.9538,0.9514,0.5678,0.8518,0.982,0.9486,0.7524,0.9428,0.8694,0.9252,0.99,0.8698,0.8912,0.8104,0.8026,0.9874,0.9776,0.9494,0.9856,0.9416,0.744,0.942,0.9322,0.9874,0.8738,0.807,0.9358,0.9892,0.955,0.9542,0.9816,0.6044,0.9592,0.9712,0.9708,0.944,0.9768,0.8992,0.8974,0.9688,0.921,0.9364,0.9786,0.9232,0.9868,0.9066,0.978,0
C0524851,Neurodegenerative Disorders,0.101,0.0038,0.9788,0.9624,0.0074,0.9786,0.2034,0.9916,0.9814,0.1294,0.9772,0.992,0.9236,0.9918,0.9916,0.0126,0.9728,0.9642,0.0262,0.0224,0.9996,0.9864,0.9942,0.9938,0.2882,0.976,0.9988,0.0158,0.997,0.9512,0.9982,0.8562,0.998,0.9958,0.9506,0.0168,0.9776,0.992,0.9918,0.6528,0.9708,0.9896,0.9968,0.9946,0.9976,0.1046,0.9368,0.9932,0.9882,0.9264,0.9994,0.9812,0.9842,0.9988,0.89,0.989,0.6796,0.9846,0.9972,0.9614,0.9816,0.996,0.9822,0.9968,0.9886,0.9612,0.9828,0.987,0.9936,0.9928,0.9924,0.979,0.9946
C0004763,Barrett Esophagus,0.325,0.208,0.9674,0.9508,0.1728,0.9634,0.6816,0.9692,0.8392,0.5054,0.9602,0.958,0.9514,0.9124,0.911,0.192,0.9638,0.9632,0.1326,0.7076,0.9752,0.9834,0.5686,0.9804,0.7088,0.9808,0.98,0.2064,0.9766,0.9344,0.9536,0.6732,0.9618,0.983,0.9462,0.6178,0.903,0.9424,0.9734,0.5986,0.9246,0.9642,0.9592,0.9302,0.9744,0.7896,0.9568,0.9368,0.9112,0.9678,0.9332,0.9614,0.9718,0.9324,0.9238,0.9346,0.7966,0.9522,0.9098,0.9222,0.9406,0.9316,0.9528,0.9024,0.897,0.9296,0.9494,0.9024,0.8698,0.943,0.9616,0.9,0.9136
C0376634,Craniofacial Abnormalities,0.1752,0.0028,1,1,0.0058,1,0.396,1,1,0.757,1,1,1,1,1,0.003,1,1,0.0122,0.559,1,1,0.7398,1,0.2824,1,1,0.0152,1,1,1,0.9878,1,1,1,0.238,1,1,1,0.9886,1,1,1,1,1,0.8958,1,1,1,1,1,1,1,1,1,1,0.9982,1,1,1,1,1,1,1,1,1,1,1,1,1,1,1,0
C0520459,Necrotizing Enterocolitis,0.195,0.0186,0.9968,0.9912,0.0494,0.9964,0.2236,0.9994,0.992,0.4026,0.9986,0.9998,0.9702,0.9996,0.9974,0.0554,0.9918,0.9966,0.0404,0.1124,0.9996,0.9996,0.9836,0.9998,0.085,0.9984,0.9998,0.0674,0.9976,0.995,0.9998,0.9808,1,0.9998,0.998,0.1252,0.9976,0.996,0.9996,0.819,0.9948,0.9998,0.9998,0.9994,1,0.2378,0.9806,0.9998,0.9998,0.979,0.9988,0.9982,0.9968,0.9998,0.989,0.9998,0.8108,0.9994,0.9992,0.9958,0.9996,0.9998,0.9922,0.9994,0.9998,0.9914,0.9974,0.9998,0.9996,0.9998,0.9926,0.9994,0.9976
C0020473,Hyperlipidemia,0.3958,0.2268,0.9618,0.9466,0.257,0.9662,0.2236,0.9984,0.7844,0.5748,0.9842,0.9952,0.9098,0.9796,0.979,0.262,0.9508,0.9552,0.3998,0.049,0.9818,0.9584,0.784,0.98,0.5174,0.9868,0.9834,0.3076,0.981,0.9746,0.9818,0.7606,0.99,0.9964,0.9138,0.046,0.848,0.9336,0.9494,0.776,0.9612,0.9824,0.993,0.9798,0.9928,0.658,0.9662,0.95,0.9824,0.8092,0.9386,0.94,0.9686,0.9738,0.8474,0.9524,0.7124,0.9838,0.9896,0.9558,0.9444,0.9852,0.922,0.9562,0.9846,0.9336,0.9408,0.9818,0.9702,0.9912,0.9092,0.9808,0.9894
C3463824,MYELODYSPLASTIC SYNDROME,0.3176,0.28,0.978,0.981,0.3368,0.999,0.2602,0.9994,0.9994,0.9412,0.9988,0.9998,0.9906,0.998,0.9946,0.3274,0.9976,0.9998,0.3708,0.62,0.9998,1,0.3956,0.9996,0.9156,0.9988,0.9998,0.2778,0.9992,0.998,0.9996,0.9382,0.9888,0.9998,0.9998,0.667,0.9986,0.999,1,0.928,0.9818,0.999,0.9998,0.9974,0.9998,0.9076,0.9972,0.9996,0.9992,0.9986,0.9996,0.9994,0.999,0.9996,0.9914,0.9992,0.8846,0.998,0.998,0.9874,0.9992,0.9996,0.9982,0.9996,0.9992,0.9538,0.999,0.9984,0.9992,0.9992,0.9772,0.9978,0.9914
C0003130,Anoxia,0.0176,0.0008,0.9994,0.996,0.0052,0.9912,0.138,0.9976,0.998,0.1166,1,1,0.9918,1,0.9994,0.0026,0.9986,0.9988,0.0058,0.0342,0.9998,0.9986,0.9542,0.999,0.0404,0.9998,1,0.0024,0.9998,0.9998,0.9998,0.6462,1,0.9984,0.9996,0.0916,0.999,0.9992,0.9994,0.4698,0.9962,1,0.9998,0.9996,1,0.1604,0.9968,0.9992,1,0.999,0.9996,1,0.9996,1,0.9974,1,0.879,0.998,1,0.9988,0.9996,1,0.9984,0.9986,1,0.9988,0.9994,1,0.9996,1,0.9948,1,1
C0149925,Small cell carcinoma of lung,0.1914,0.0774,0.996,0.9998,0.0568,0.9998,0.1082,1,0.9998,0.3608,0.9998,1,1,1,1,0.0606,1,0.9998,0.1334,0.5426,1,0.9998,0.4738,1,0.174,1,1,0.115,1,0.9998,0.9998,0.5638,1,0.9998,0.9996,0.1006,0.9998,1,0.9998,0.6528,1,1,1,1,1,0.7464,1,1,1,1,1,0.9998,1,1,1,1,0.7636,1,1,1,1,1,1,1,1,1,1,1,1,1,1,1,1
C0014544,Epilepsy,0.3412,0.2106,0.9994,0.9646,0.2872,0.9932,0.4462,0.9952,0.999,0.192,0.938,0.9888,0.9744,0.9694,0.9784,0.2748,0.9862,0.9792,0.5412,0.5714,0.9982,0.9764,0.6668,0.9898,0.2678,0.995,0.9966,0.4108,0.9958,0.912,0.9988,0.6316,0.9624,0.999,0.9636,0.4172,0.996,0.9964,0.9646,0.701,0.9842,0.9574,0.9944,0.9804,0.9988,0.3392,0.9876,0.9994,0.9902,0.9984,0.9976,0.9948,0.9944,0.9938,0.9988,0.9758,0.8576,0.9694,0.9882,0.9838,0.9786,0.9876,0.9994,0.999,0.9988,0.9816,0.9938,0.9866,0.9778,0,0.9904,0.9948,0
C0162557,"Liver Failure, Acute",0.415,0.2828,0.966,0.9084,0.2282,0.9394,0.2408,0.9932,0.7284,0.5442,0.8722,0.9086,0.8648,0.8514,0.7968,0.2536,0.9754,0.9036,0.2484,0.4308,0.9876,0.9724,0.6646,0.99,0.5442,0.8872,0.9762,0.258,0.9792,0.8796,0.9026,0.6464,0.9938,0.9608,0.8732,0.4664,0.794,0.5924,0.9346,0.875,0.8824,0.9898,0.932,0.9146,0.921,0.6974,0.8824,0.932,0.8522,0.8366,0.8932,0.8728,0.9312,0.842,0.8776,0.9502,0.923,0.7414,0.875,0.9112,0.9052,0.9192,0.849,0.8228,0.855,0.8964,0.7862,0.8612,0.938,0,0.8872,0.874,0
C1449861,"Micronuclei, Chromosome-Defective",0.1292,0.0904,0.9712,0.9884,0.1252,0.9976,0.2672,0.998,0.9944,0.7888,0.9982,0.9992,0.9928,0.9994,0.9974,0.1262,0.9956,0.9986,0.1592,0.3012,0.9996,0.9986,0.8974,0.9992,0.5802,0.9996,0.9998,0.1592,0.9994,0.9988,0.9994,0.8944,1,0.9994,0.9996,0.5852,0.9964,0.997,0.9988,0.9584,0.998,0.999,0.9996,0.9998,0.9998,0.9014,0.9992,0.9988,0.9992,0.9556,0.9984,0.9996,1,0.9994,0.999,0.9998,0.9832,0.999,0.9996,0.9984,0.9996,0.9996,0.9942,0.9978,0.9992,0.9944,0.9998,1,0.9984,0.9996,0.9956,0.9998,0.998
C0009241,Cognition Disorders,0.6562,0.765,0.9694,0.9814,0.5662,0.9824,0.6832,0.9892,0.8752,0.8326,0.954,0.9968,0.9368,0.9864,0.9868,0.6738,0.9702,0.9828,0.6434,0.8942,0.9796,0.9988,0.5808,0.9974,0.7608,0.926,0.9852,0.3748,0.9938,0.9618,0.9922,0.8706,0.9482,0.9976,0.9662,0.737,0.946,0.9256,0.9942,0.8268,0.9202,0.9624,0.9664,0.9522,0.9896,0.8016,0.9374,0.9832,0.9694,0.9078,0.9712,0.9758,0.9534,0.9656,0.864,0.9744,0.8442,0.949,0.992,0.9622,0.9642,0.976,0.9234,0.9604,0.9612,0.9402,0.9748,0.989,0.9624,0,0.9376,0.977,0.9872
C0085110,Severe Combined Immunodeficiency,0.3444,0.2046,0.8966,0.9684,0.326,0.9466,0.3102,0.9872,0.9636,0.9314,0.9942,0.9948,0.9848,0.9898,0.9702,0.2834,0.9482,0.9542,0.4192,0.5818,0.9914,0.99,0.6912,0.9918,0.985,0.9892,0.9944,0.3168,0.983,0.9876,0.9924,0.7162,0.9796,0.9938,0.978,0.8116,0.9496,0.9728,0.9864,0.9424,0.9912,0.9978,0.9882,0.9974,0.9876,0.9908,0.985,0.9954,0.99,0.9042,0.9836,0.9834,0.9962,0.9932,0.987,0.9936,0.9238,0.9936,0.9964,0.9936,0.9966,0.9926,0.9594,0.9924,0.9864,0.9834,0.9974,0.9924,0.9906,0.9736,0.9846,0.9862,0.9742
C0018798,Congenital Heart Defects,0.2986,0.2154,0.9884,0.9824,0.261,0.9872,0.5184,0.997,0.9648,0.7894,0.991,0.9906,0.9902,0.9948,0.993,0.233,0.9962,0.9956,0.2472,0.7668,0.9994,0.9964,0.6472,0.9962,0.8706,0.9824,0.9988,0.281,0.994,0.9882,0.994,0.7162,0.994,0.9974,0.997,0.9622,0.9874,0.9956,0.9938,0.8736,0.9942,0.9958,0.9942,0.9924,0.9966,0.9504,0.9908,0.996,0.9878,0.9802,0.964,0.9942,0.988,0.9964,0.997,0.9956,0.9248,0.9958,0.9956,0.9736,0.9904,0.9952,0.9904,0.9938,0.9826,0.9756,0.9944,0.9926,0.9806,0.9924,0.9962,0.9854,0.9968
C0018799,Heart Diseases,0.6952,0.4692,0.999,0.9998,0.5264,0.9998,0.1218,0.9998,0.9998,0.967,0.9996,0.9998,0.9996,0.9994,0.9968,0.565,0.9998,1,0.7624,0.9604,1,0.9998,0.3786,0.9998,0.9792,0.9986,0.9998,0.6794,1,0.9994,0.9994,0.9226,0.9776,0.9998,0.9998,0.953,0.9996,0.9998,0.9998,0.9846,0.9988,0.9998,0.9998,0.9994,1,0.9514,0.998,1,0.999,0.9976,0.9998,1,0.9996,1,1,0.9994,0.9994,0.9974,0.9988,1,0.9996,1,1,1,0.9998,0.9998,0.9998,0.9994,0.9996,1,0.9986,0.996,0.9962
C0023493,Adult T-Cell Lymphoma/Leukemia,0.5956,0.5286,1,1,0.4576,1,0.0052,1,0.9984,0.872,1,0.9992,1,0.9998,0.9998,0.522,1,0.9994,0.4974,0.1254,0.9922,0.9992,0.2708,1,0.8968,1,1,0.5088,0.9992,1,0.9988,0.3994,1,0.9998,0.9998,0.2612,1,0.992,0.999,0.86,1,1,1,0.9998,0.9998,0.835,1,0.9994,0.9998,0.9992,0.9988,1,1,0.9988,0.999,1,0.825,0.9998,0.9996,0.9998,1,0.9996,0.9994,0.9996,1,0.9994,0.9994,0.9998,0.9996,0.9998,0.9996,0.9996,0.9984
C0008312,Primary biliary cirrhosis,0.115,0.1122,0.917,0.9598,0.1456,0.7722,0.0464,0.825,0.7206,0.0472,0.964,0.9802,0.94,0.9622,0.9644,0.1302,0.8932,0.6468,0.1898,0.054,0.9198,0.7778,0.407,0.8638,0.131,0.8286,0.7652,0.1374,0.7622,0.966,0.9192,0.3058,0.8178,0.9006,0.4198,0.064,0.3358,0.8112,0.7986,0.319,0.869,0.8536,0.873,0.912,0.9712,0.1854,0.944,0.8158,0.914,0.7126,0.8644,0.8052,0.8864,0.7624,0.8808,0.8076,0.4688,0.841,0.9516,0.9122,0.9238,0.959,0.918,0.7318,0.9332,0.8984,0.8266,0.882,0.8042,0,0,0,0
C0004936,Mental disorders,0.6146,0.4666,0.8996,0.9758,0.3254,0.8882,0.34,0.8424,0.9218,0.6866,0.9094,0.9732,0.9408,0.9354,0.9848,0.3618,0.8674,0.8782,0.2914,0.3594,0.9262,0.924,0.7612,0.9116,0.8388,0.8522,0.9204,0.3396,0.9548,0.9668,0.9884,0.6612,0.859,0.8962,0.8928,0.5518,0.9046,0.834,0.9284,0.8074,0.8848,0.8836,0.9716,0.8296,0.9544,0.7082,0.8576,0.9646,0.8828,0.9794,0.8982,0.7646,0.8902,0.9226,0.9694,0.9272,0.4266,0.9006,0.9826,0.8496,0.9236,0.9302,0.9202,0.9762,0.8816,0.861,0.9204,0.9726,0.882,0.9358,0.9134,0.973,0.9696
C0005283,beta Thalassemia,0.6082,0.5606,0.9422,0.8908,0.5196,0.9734,0.519,0.983,0.9406,0.9848,0.9074,0.953,0.9006,0.9114,0.804,0.5896,0.975,0.9634,0.4412,0.8442,0.9932,0.9868,0.6138,0.9876,0.9756,0.795,0.9726,0.6282,0.9984,0.9132,0.9524,0.9894,0.856,0.975,0.9798,0.8584,0.9742,0.9794,0.9826,0.9906,0.8996,0.8996,0.9628,0.9736,0.956,0.9612,0.9276,0.9658,0.9278,0.9692,0.947,0.979,0.8612,0.9622,0.9492,0.9348,0.9786,0.7094,0.8614,0.9302,0.9258,0.9456,0.9674,0.8914,0.9158,0.969,0.865,0.8354,0.8684,0.923,0.6664,0.8136,0
C0024809,Marijuana Abuse,0.3772,0.2344,0.9982,0.9776,0.265,0.9998,0.1618,0.9992,0.9898,0.8952,0.9694,0.9902,0.9492,0.9854,0.9374,0.2802,0.9988,0.9994,0.26,0.4342,0.9992,0.999,0.375,0.9992,0.7972,0.9854,0.997,0.2782,0.998,0.9716,0.992,0.5182,0.985,0.9986,0.9982,0.5328,0.9894,0.996,0.9988,0.8882,0.9644,0.9906,0.9974,0.965,0.9952,0.8302,0.9244,0.9838,0.9902,0.988,0.9978,0.988,0.9884,0.9914,0.9792,0.9924,0.9928,0.9352,0.975,0.9662,0.9798,0.994,0.9954,0.9926,0.9938,0.988,0.903,0.979,0.9796,0.9594,0.9404,0.9524,0.8608
C0023976,Long QT Syndrome,0.5072,0.3016,0.9428,0.9612,0.3884,0.9764,0.6632,0.9616,0.9706,0.7678,0.9586,0.9508,0.9856,0.942,0.944,0.3916,0.9794,0.9924,0.6062,0.6326,0.9848,0.9674,0.7582,0.9532,0.7372,0.9854,0.975,0.4188,0.9598,0.9668,0.9582,0.7672,0.993,0.9628,0.9844,0.783,0.991,0.9816,0.9666,0.8696,0.9878,0.9836,0.9624,0.9882,0.9492,0.5752,0.976,0.9822,0.9594,0.9634,0.9658,0.9768,0.973,0.9734,0.991,0.958,0.6392,0.9344,0.9548,0.942,0.9824,0.9708,0.96,0.9768,0.9462,0.8696,0.9656,0.9636,0.9786,0.9542,0.9842,0.9786,0.9614
C0006413,Burkitt Lymphoma,0.2244,0.0652,0.9752,0.9924,0.0902,0.9936,0.3564,0.9976,0.9906,0.83,0.9994,0.9986,0.9992,0.9988,0.9996,0.0916,0.99,0.998,0.115,0.511,0.9998,0.999,0.635,0.9986,0.5724,1,0.9996,0.087,0.9996,0.9984,0.999,0.6822,0.9996,0.9994,0.9978,0.3924,0.997,0.9964,0.9986,0.8238,0.9994,0.9998,0.9994,1,0.9996,0.7466,0.9982,0.9998,0.9996,0.9772,0.9976,0.9992,1,0.9994,0.9996,0.9996,0.8842,0.9998,0.9996,1,0.9998,0.9996,0.9948,0.9984,0.9998,0.9984,0.9998,0.9992,0.9998,0.9996,0.9996,0.9994,0.9984
C1861063,"TOBACCO ADDICTION, SUSCEPTIBILITY TO (finding)",0.8358,0.8844,0.6338,0.9064,0.8356,0.366,0.1562,0.4346,0.262,0.4302,0.3296,0.44,0.1794,0.6254,0,0.8092,0.5554,0.474,0.9282,0.4732,0.3986,0.4338,0.1058,0.381,0.841,0.1886,0.333,0.9048,0.3174,0.4442,0.485,0.0686,0.2546,0.4678,0.2816,0.2008,0.2724,0.1604,0.335,0.1442,0.181,0.3724,0.494,0.3098,0,0.4286,0.1324,0.212,0.5764,0.1676,0.265,0.1768,0.1846,0.3396,0,0,0.0886,0,0,0,0,0,0.1442,0,0,0,0,0,0.4444,0,0,0,0
C0018621,Hay fever,0.2872,0.2634,0.543,0.6834,0.236,0.618,0.5998,0.567,0.7096,0.5212,0.5694,0.6554,0.7522,0.6164,0.6644,0.2638,0.7126,0.757,0.2468,0.5086,0.6808,0.5776,0.611,0.5432,0.415,0.6536,0.61,0.263,0.7276,0.667,0.5658,0.6554,0.6312,0.616,0.8164,0.195,0.7068,0.6274,0.612,0.3004,0.6814,0.4992,0.5948,0.6136,0.6318,0.2526,0.7794,0.717,0.6318,0.6298,0.6422,0.8646,0.5252,0.648,0.7458,0,0.7676,0.6696,0.6778,0.6332,0.4864,0.702,0.7892,0.6464,0.5704,0.7334,0.6248,0.6344,0.4934,0,0.656,0,0.8408
C0021655,Insulin Resistance,0.1842,0.0684,1,1,0.1158,1,0.0064,1,1,0.1078,1,1,0.9998,1,1,0.0702,1,1,0.1616,0.0058,1,1,0.6686,1,0.499,1,1,0.0964,1,1,1,0.6154,1,1,0.9998,0.05,1,1,1,0.8942,1,1,1,1,1,0.1962,0.9996,1,1,1,1,1,1,1,0.9992,1,0.83,1,1,1,1,1,1,1,1,0.9996,1,1,1,1,1,1,1
C0149721,Left Ventricular Hypertrophy,0.1552,0.1056,0.9808,0.9096,0.1298,0.9914,0.6688,0.981,0.8596,0.7788,0.959,0.933,0.9382,0.9622,0.8752,0.1252,0.9938,0.9734,0.1698,0.5608,0.995,0.9712,0.7442,0.978,0.7156,0.9896,0.9694,0.1096,0.9934,0.9454,0.933,0.9644,0.9984,0.956,0.9702,0.5402,0.96,0.951,0.9428,0.9332,0.9536,0.9794,0.9734,0.978,0.965,0.644,0.9254,0.9648,0.9752,0.9836,0.9132,0.9698,0.94,0.9172,0.9482,0.9882,0.9442,0.897,0.8806,0.9202,0.9526,0.9746,0.9788,0.8926,0.9362,0.893,0.877,0.9438,0.8978,0.9968,0.8926,0.8772,0
C0085129,Bronchial Hyperreactivity,0.7234,0.6584,0.6678,0.7002,0.6308,0.72,0.9622,0.6986,0.468,0.986,0.674,0.719,0.6358,0.5656,0,0.7054,0.6986,0.6202,0.6286,0.9912,0.7382,0.7424,0.5326,0.7014,0.9958,0.5856,0.6928,0.5614,0.825,0.6276,0.6988,0.8518,0.487,0.7166,0.657,0.999,0.4756,0.4166,0.6254,0.9974,0.6684,0.7516,0.6076,0.6456,0.7476,0.976,0.6358,0.7306,0.522,0.4842,0.4376,0.616,0.4502,0.512,0.6488,0,0.753,0,0,0.6236,0.6778,0,0.5344,0.4486,0.5516,0.6558,0,0,0.6068,0,0,0,0
C1862939,AMYOTROPHIC LATERAL SCLEROSIS 1,0.1872,0.0708,1,1,0.0862,0.9998,0.014,1,0.9994,0.176,1,1,0.9998,1,1,0.0802,0.9998,1,0.2608,0.2996,1,1,0.6928,1,0.2584,1,1,0.1092,1,1,1,0.472,1,1,0.9998,0.133,1,1,1,0.5934,1,1,1,1,1,0.3322,1,1,1,1,1,1,1,1,1,1,0.864,1,1,1,1,1,0.9996,1,1,1,1,1,1,1,1,1,1
C0015934,Fetal Growth Retardation,0.4252,0.1018,0.9378,0.9418,0.1582,0.9816,0.4878,0.9922,0.9268,0.4738,0.8498,0.9834,0.8874,0.9524,0.9254,0.1656,0.9666,0.985,0.2166,0.3514,0.9964,0.99,0.8652,0.9872,0.4238,0.9792,0.9558,0.2292,0.9638,0.8728,0.985,0.8762,0.933,0.9798,0.9678,0.39,0.9342,0.9928,0.9768,0.7594,0.9634,0.8916,0.9628,0.8984,0.9714,0.6464,0.807,0.9744,0.9024,0.973,0.967,0.973,0.9586,0.9378,0.9232,0.9462,0.8022,0.8056,0.977,0.9436,0.9352,0.944,0.9828,0.9532,0.9542,0.9292,0.9254,0.9282,0.9532,0.87,0.942,0.9308,0.9456
C0079541,Holoprosencephaly,0.4314,0.192,0.222,0.3662,0.1722,0.4096,0.2168,0.4928,0.5562,0.1736,0.4852,0.5724,0.5268,0,0.7244,0.1762,0.3126,0.3292,0.1064,0.2374,0.3878,0.45,0.2194,0.4474,0.2764,0.2584,0.5378,0.1566,0.4222,0.4394,0.4934,0.3178,0.2576,0.519,0.2916,0.1658,0.4002,0.3584,0.35,0.3316,0.3166,0,0,0.3306,0,0.1474,0.4446,0.5066,0,0.3336,0.39,0.3924,0.3164,0.3956,0.4552,0,0.2256,0.767,0.7226,0.2936,0,0,0.3236,0.4574,0,0.3348,0.7386,0,0,0,0.6098,0,0
C0993582,"Arthritis, Experimental",0.6196,0.2278,0.9982,0.9964,0.3212,0.9936,0.3504,0.9982,0.981,0.1004,0.9714,0.994,0.9916,0.9558,0.9922,0.3078,0.9906,0.9584,0.4312,0.2404,0.9676,0.987,0.6284,0.9892,0.2822,0.9678,0.9674,0.2966,0.9452,0.9672,0.9886,0.5936,0.9888,0.9902,0.955,0.1202,0.9904,0.8666,0.9816,0.7696,0.941,0.9684,0.9664,0.9868,0.995,0.5986,0.986,0.9824,0.9792,0.9498,0.9742,0.9728,0.9754,0.9424,0.9558,0.9386,0.8576,0.976,0.9886,0.9682,0.9796,0.9548,0.972,0.9898,0.922,0.9462,0.952,0.9704,0.9866,0,0.9796,0.9498,0
C0014549,Tonic-Clonic Epilepsy,0.3064,0.1422,0.7668,0.3014,0.169,0.4966,0.5248,0.5314,0.2222,0.2296,0.483,0.4478,0.305,0.4686,0,0.1734,0.5132,0.4212,0.2098,0.297,0.6854,0.583,0.9528,0.5574,0.2456,0.3904,0.594,0.1358,0.4136,0.3956,0.4556,0.6892,0.8156,0.5296,0.29,0.2206,0.2354,0.337,0.4424,0.8888,0.3768,0.7378,0.5292,0.7454,0.63,0.187,0.3616,0.4534,0.5026,0.2908,0.4046,0.1752,0.3542,0.4476,0.345,0.5876,0.3774,0,0,0.4578,0.5018,0.607,0.183,0.3992,0.6058,0.393,0,0,0.4888,0,0,0,0
C0242656,Disease Progression,0.0004,0,1,1,0,1,0.003,1,1,0.5986,1,1,1,1,1,0,1,1,0,0.0646,1,1,0.9922,1,0.2818,1,1,0,1,1,1,0.982,1,1,1,0.082,1,1,1,0.9982,1,1,1,1,1,0.9048,1,1,1,1,1,1,1,1,1,1,1,1,1,1,1,1,1,1,1,1,1,1,1,1,1,1,1
C0017668,Focal glomerulosclerosis,0.231,0.0904,1,0.9998,0.13,1,0.3224,1,0.9998,0.5204,0.9998,1,0.9998,1,1,0.1278,1,1,0.1714,0.5176,1,1,0.6568,1,0.7154,0.9994,1,0.1602,1,1,1,0.5786,0.9996,1,1,0.5424,1,0.9998,1,0.7324,0.9996,0.9996,1,0.9986,1,0.7956,0.9998,1,0.9996,0.995,1,1,0.9994,1,1,0.9996,0.9106,0.9992,1,0.9996,1,1,0.9996,1,0.9992,0.9974,1,1,1,0.9986,1,1,1
C0334588,Giant Cell Glioblastoma,0.2994,0.1498,1,0.9972,0.2124,0.9998,0.161,1,0.9972,0.4938,0.9974,0.9992,0.996,0.9978,0.9994,0.1786,1,0.9996,0.29,0.3474,0.9994,0.9994,0.5574,1,0.3956,0.9992,0.9996,0.2262,1,0.9968,0.9972,0.7376,0.9998,0.9994,0.9996,0.3648,0.9996,0.998,0.9996,0.7826,0.9974,0.9998,0.9994,0.9998,0.9992,0.7096,0.9972,0.9998,0.9996,0.9762,0.9986,0.9996,0.9964,0.9986,0.99,0.9992,0.9172,0.9982,0.9994,0.9984,0.9998,0.9994,0.9988,0.999,0.9986,0.9878,0.999,0.9992,0.9998,0.9984,0.9982,0.9988,0.9976
C1959629,Seizure Adverse Event,0.6866,0.3694,0.8344,0.8114,0.5278,0.926,0.7346,0.8788,0.9664,0.6802,0.9706,0.9146,0.842,0.958,0.935,0.4734,0.8744,0.9496,0.5358,0.9468,0.9132,0.9324,0.7822,0.919,0.5174,0.9852,0.979,0.5034,0.8816,0.92,0.9604,0.9002,0.9908,0.9248,0.9502,0.9734,0.9614,0.9778,0.946,0.895,0.9104,0.9796,0.9554,0.9858,0.9524,0.4146,0.9622,0.9822,0.9852,0.9782,0.9678,0.9794,0.9704,0.9844,0.9248,0.9504,0.7506,0.9574,0.966,0.9236,0.9766,0.9782,0.9442,0.963,0.9778,0.8596,0.9304,0.966,0.93,0.9778,0.8192,0.941,0.9748
C0005910,Body Weight,0.5438,0.5906,0.4944,0.2548,0.4234,0.4118,0.8412,0.6122,0.4076,0.8594,0.3472,0.4622,0.331,0.4516,0.6072,0.3844,0.5548,0.7078,0.427,0.8664,0.7444,0.6904,0.8162,0.6748,0.8888,0.3894,0.6644,0.3366,0.4896,0.2754,0.484,0.7538,0.586,0.5854,0.4266,0.9468,0.3746,0.5684,0.5926,0.6242,0.3808,0.5642,0.5752,0.4878,0.6448,0.7948,0.2886,0.5344,0.4368,0.5534,0.53,0.5344,0.3966,0.502,0.3626,0.6412,0.4006,0.571,0.6562,0.3986,0.4548,0,0.6428,0.453,0.5614,0.4456,0.597,0,0.5314,0,0.6796,0,0
C0020179,Huntington Disease,0.6046,0.2174,0.8854,0.8654,0.2478,0.7,0.4874,0.7836,0.7998,0.8768,0.9444,0.89,0.8894,0.9392,0.9596,0.2076,0.8204,0.9304,0.4462,0.3792,0.9126,0.8312,0.711,0.8252,0.8754,0.708,0.9306,0.242,0.9058,0.9088,0.9314,0.7374,0.7724,0.8972,0.8604,0.3774,0.8772,0.8482,0.8848,0.883,0.8342,0.976,0.9332,0.9274,0.9632,0.9202,0.9146,0.9338,0.9576,0.8942,0.905,0.7866,0.9054,0.9514,0.8642,0.961,0.9866,0.9486,0.9348,0.7752,0.958,0.9638,0.8496,0.923,0.8908,0.7736,0.9444,0.9582,0.947,0.9296,0.9656,0.9316,0.9618
C0017636,Glioblastoma,0.0588,0.021,1,1,0.0274,1,0.0472,1,1,0.1212,1,1,1,1,1,0.0394,1,1,0.0792,0.2318,1,1,0.8628,1,0.233,1,1,0.0356,1,1,1,0.7538,1,1,1,0.07,1,1,1,0.8706,1,1,1,1,1,0.346,1,1,1,1,1,1,1,1,1,1,0.9878,1,1,1,1,1,1,1,1,1,1,1,1,1,1,1,1
C0235833,Congenital diaphragmatic hernia,0.3704,0.2162,0.753,0.9376,0.2238,0.9128,0.8546,0.9108,0.9198,0.7204,0.9944,0.9324,0.9948,0.9708,0.969,0.228,0.8956,0.9774,0.253,0.681,0.9558,0.9516,0.6806,0.952,0.3766,0.999,0.9776,0.218,0.956,0.9922,0.956,0.89,0.9922,0.9496,0.9672,0.694,0.9348,0.977,0.9462,0.7796,0.996,0.9862,0.9502,0.9932,0.9588,0.5076,0.9972,0.9842,0.9784,0.9706,0.905,0.9762,0.9972,0.9786,0.9966,0.9618,0.7604,0.9844,0.9636,0.997,0.9936,0.9602,0.9824,0.9806,0.9846,0.9826,0.993,0.9694,0.9906,0.9748,0.9818,0.9742,0.9562
C0036421,Systemic Scleroderma,0.8962,0.3004,0.9704,0.9584,0.3418,0.9992,0.4738,0.9968,0.985,0.518,0.8738,0.986,0.8556,0.9334,0.8402,0.3612,0.9876,0.9942,0.672,0.3182,0.9954,0.9996,0.6458,0.998,0.3596,0.9196,0.9886,0.3936,0.965,0.92,0.9866,0.2336,0.7702,0.9946,0.9902,0.116,0.9738,0.9346,0.9982,0.4736,0.9262,0.8546,0.9778,0.9226,0.9846,0.3046,0.8128,0.9894,0.9396,0.9288,0.9936,0.9748,0.8532,0.9594,0.9572,0.9536,0.8592,0.8484,0.9226,0.964,0.9276,0.9242,0.9182,0.9664,0.8756,0.9624,0.8776,0.8786,0.913,0,0.8466,0,0
C2609414,Acute kidney injury,0.8372,0.2032,1,1,0.4442,0.9994,0.0302,0.9998,0.9714,0.3734,0.9998,0.9994,0.9948,0.9994,0.9996,0.3608,0.9998,0.9982,0.7836,0.5834,0.9948,0.9986,0.1696,0.9986,0.653,0.9828,0.9996,0.5794,0.9932,1,0.9992,0.2036,0.9942,0.9998,0.9956,0.3232,0.9998,0.9362,0.9944,0.4336,0.9818,0.9996,0.9982,0.9972,0.9996,0.499,0.9996,0.9996,0.9984,0.8584,0.9784,0.9976,0.9972,0.984,0.9834,0.9982,0.7504,0.9976,0.9986,0.9788,0.9958,0.9994,0.9836,0.9902,0.9894,0.984,0.9982,0.9986,0.9974,0.9994,0.999,0.9972,0
C1876165,Copper-Overload Cirrhosis,0.197,0.1656,0.9932,0.9892,0.1686,0.9996,0.3376,1,0.9984,0.7238,0.9996,0.9994,0.9988,0.9988,0.9966,0.1728,0.9984,0.9998,0.1414,0.7548,1,1,0.894,1,0.777,0.9998,1,0.1904,0.9994,0.9996,0.9996,0.9636,1,1,0.9998,0.7744,0.999,1,0.9994,0.9474,0.9996,0.9998,0.9996,0.9998,0.9998,0.8478,0.9994,0.9998,0.9998,0.9984,0.9994,1,1,0.9998,0.9972,0.9996,0.9594,0.9994,0.9996,1,0.9998,0.9996,1,0.9998,1,0.9984,0.9996,0.9998,0.9996,0.9998,0.9994,0.9996,0.9974
C0000786,Spontaneous abortion,0.9296,0.8202,0.9994,0.998,0.7934,0.9746,0.8778,0.992,0.8572,0.3258,0.9778,0.996,0.8578,0.9928,0.984,0.838,0.994,0.9102,0.756,0.8114,0.9238,0.959,0.2398,0.9846,0.5562,0.8336,0.973,0.7812,0.9342,0.9544,0.9794,0.4704,0.871,0.987,0.9112,0.7752,0.9288,0.7968,0.9266,0.6672,0.7182,0.9814,0.9766,0.9384,0.9856,0.3578,0.8526,0.9352,0.983,0.8512,0.9856,0.9206,0.8566,0.966,0.5932,0.9768,0.5134,0.9082,0.9438,0.7692,0.9472,0.9776,0.7326,0.9314,0.9554,0.735,0.891,0.965,0.9544,0,0,0,0
C0017638,Glioma,0.0802,0.0042,1,1,0.0264,1,0.019,1,1,0.909,1,1,1,1,1,0.0196,1,1,0.0476,0.3078,1,1,0.7072,1,0.7402,1,1,0.041,1,1,1,0.9822,1,1,1,0.5414,1,1,1,0.9972,1,1,1,1,1,0.9314,1,1,1,1,1,1,1,1,1,1,0.9936,1,1,1,1,1,1,1,1,1,1,1,1,1,1,1,1
C0017639,Gliosis,0.2002,0.1798,1,0.993,0.1668,1,0.1884,0.9998,0.9974,0.5794,0.9958,0.9986,0.9904,0.998,0.9862,0.1814,1,0.999,0.1602,0.7104,0.9994,0.9996,0.403,0.9996,0.6326,0.9998,0.9992,0.1606,0.9992,0.9948,0.9976,0.7236,0.9972,0.9992,0.9994,0.5598,0.9998,0.9952,0.999,0.4788,0.999,0.9984,0.999,0.9974,0.9966,0.527,0.996,0.9994,0.9976,0.9626,0.9954,0.9974,0.9996,0.9974,0.9896,0.9994,0.771,0.9956,0.988,0.9982,0.9986,0.9974,0.9878,0.9946,0.9958,0.9944,0.9922,0.9964,0.9958,0.994,0.9834,0.9892,0.9738
C0013080,Down Syndrome,0.6146,0.1294,0.9916,0.9512,0.1866,0.9986,0.7984,0.9952,0.9928,0.3554,0.9968,0.991,0.9692,0.9874,0.9928,0.232,0.9972,0.9952,0.1886,0.6472,0.9878,0.998,0.9162,0.9984,0.2446,0.9934,0.994,0.1834,0.9862,0.965,0.9764,0.761,0.985,0.9968,0.9928,0.5268,0.9838,0.9896,0.9992,0.6524,0.9786,0.992,0.9864,0.9646,0.984,0.4376,0.9416,0.9934,0.9902,0.9738,0.9366,0.96,0.9982,0.99,0.8904,0.9708,0.4646,0.9922,0.9938,0.9798,0.983,0.9944,0.9348,0.9464,0.9916,0.982,0.9976,0.991,0.9746,0,0.9612,0,0
C0497327,Dementia,0.1876,0.3702,0.9692,0.8364,0.1818,0.9534,0.8046,0.9318,0.7052,0.498,0.5882,0.8774,0.7662,0.9276,0.9028,0.2412,0.962,0.9154,0.1578,0.4922,0.839,0.9134,0.8542,0.9012,0.1702,0.4018,0.9244,0.2,0.9578,0.632,0.8968,0.4188,0.3968,0.8728,0.9248,0.4256,0.8602,0.6526,0.843,0.4882,0.6394,0.9554,0.8912,0.541,0.8662,0.2452,0.6554,0.8398,0.95,0.5202,0.7504,0.8236,0.4498,0.9072,0.6864,0.9234,0.5858,0.9392,0.8814,0.6072,0.9328,0.9308,0.8034,0.8418,0.8868,0.8686,0.8742,0.926,0.8862,0.943,0.7968,0.905,0
C0030305,Pancreatitis,0.4374,0.3116,0.9262,0.921,0.2822,0.9292,0.44,0.9116,0.773,0.816,0.9576,0.9464,0.9668,0.8208,0.962,0.2666,0.926,0.844,0.2984,0.8664,0.9752,0.9288,0.6882,0.9304,0.73,0.8556,0.9388,0.2652,0.9264,0.9782,0.9116,0.4402,0.982,0.9366,0.7656,0.4234,0.7148,0.901,0.8606,0.8426,0.9576,0.9748,0.9094,0.8716,0.953,0.7942,0.9854,0.9542,0.8944,0.9662,0.8716,0.897,0.8634,0.8544,0.9734,0.9218,0.8894,0.9442,0.9088,0.7948,0.9264,0.9232,0.8776,0.8948,0.8974,0.9614,0.9436,0.9358,0.9008,0,0.9674,0.9136,0
C0002514,"Amino Acid Metabolism, Inborn Errors",0.4702,0.5534,0.8956,0.701,0.676,0.61,0.5568,0.7164,0.6344,0.5576,0.7898,0.8082,0.9342,0.7546,0.8444,0.6632,0.8182,0.8084,0.7562,0.5388,0.6802,0.804,0.4486,0.785,0.664,0.651,0.8624,0.9208,0.7774,0.7498,0.8468,0.7428,0.8168,0.8498,0.8894,0.5328,0.813,0.6828,0.681,0.1736,0.6748,0.719,0.8152,0.7822,0.838,0.7048,0.929,0.9036,0.856,0.745,0.5412,0.8226,0.749,0.756,0.8876,0,0.466,0.877,0.8692,0.8136,0.761,0.7522,0.943,0.685,0.7522,0.7494,0.886,0.8148,0.7672,0,0.8502,0,0
C0040136,Thyroid Neoplasm,0.183,0.1412,0.9958,0.9996,0.1548,0.9986,0.5372,0.9998,0.9968,0.5884,0.9998,0.9998,1,0.9994,0.9994,0.1774,0.9988,1,0.1714,0.8818,0.9998,1,0.8808,0.9998,0.9232,0.9996,1,0.1518,0.9998,1,1,0.9654,1,0.9998,0.9998,0.8258,0.9962,1,0.999,0.9852,1,1,1,1,1,0.899,1,1,0.9994,0.9974,0.9982,1,1,0.9996,0.9996,1,0.9314,0.9998,1,1,0.9994,1,0.9994,0.9984,0.9986,0.9992,1,0.9982,0.9994,0.9994,1,0.9998,1
C0027626,Neoplasm Invasiveness,0.004,0.0002,1,1,0.0002,1,0.0078,1,1,0.6724,1,1,1,1,1,0.0002,1,1,0.001,0.1144,1,1,0.9874,1,0.3314,1,1,0.0002,1,1,1,0.9884,1,1,1,0.063,1,1,1,0.9936,1,1,1,1,1,0.6534,1,1,1,1,1,1,1,1,1,1,0.9994,1,1,1,1,1,1,1,1,1,1,1,1,1,1,1,1
C0027627,Neoplasm Metastasis,0.0002,0,1,1,0,1,0,1,1,0.0042,1,1,1,1,1,0,1,1,0,0.0032,1,1,0.888,1,0.0074,1,1,0,1,1,1,0.4182,1,1,1,0.0002,1,1,1,0.864,1,1,1,1,1,0.1324,1,1,1,1,1,1,1,1,1,1,0.9244,1,1,1,1,1,1,1,1,1,1,1,1,1,1,1,1
C0001925,Albuminuria,0.5264,0.109,0.9394,0.9788,0.1718,0.9512,0.021,0.975,0.8302,0.4558,0.9788,0.9426,0.9618,0.965,0.9776,0.189,0.9682,0.9318,0.3582,0.0096,0.9628,0.979,0.0946,0.974,0.4302,0.9014,0.9156,0.2254,0.9344,0.9908,0.9266,0.149,0.8374,0.9452,0.9236,0.1512,0.925,0.9376,0.921,0.4556,0.8516,0.9522,0.9272,0.9262,0.9564,0.4186,0.9762,0.9412,0.9556,0.9022,0.821,0.9616,0.9578,0.895,0.8864,0.9654,0.6356,0.9732,0.9474,0.9126,0.917,0.9192,0.9672,0.9168,0.884,0.9278,0.9692,0.9588,0.963,0,0.9716,0.9572,0
C0032914,Pre-Eclampsia,0.2848,0.2092,0.6624,0.4724,0.197,0.8966,0.8284,0.9146,0.8052,0.061,0.5152,0.7584,0.5732,0.6494,0,0.2162,0.8804,0.9088,0.3126,0.693,0.9,0.958,0.3726,0.9492,0.0754,0.7058,0.868,0.2024,0.8482,0.5566,0.8532,0.5658,0.7278,0.9188,0.877,0.5738,0.8978,0.918,0.901,0.4676,0.6768,0.6392,0.7926,0.6512,0.8774,0.2052,0.5952,0.7602,0.6868,0.9012,0.8264,0.8478,0.6406,0.8078,0.7234,0,0.4878,0,0,0.5946,0.6554,0.7768,0.8558,0.781,0.6506,0.7092,0,0,0.6348,0,0,0,0
C0027746,Nerve Degeneration,0.167,0.035,1,1,0.065,1,0.0572,1,0.9998,0.475,1,1,1,1,1,0.0432,1,1,0.209,0.349,1,1,0.7646,1,0.7272,1,1,0.0752,1,1,1,0.844,1,1,1,0.3166,1,0.9992,1,0.8794,1,1,1,1,1,0.373,1,1,1,0.998,1,0.9998,1,1,0.9998,1,0.8504,1,1,1,1,1,0.9998,1,1,0.9998,1,1,1,1,1,1,1
C0040038,Thromboembolism,0.5088,0.3896,0.8358,0.7894,0.458,0.9264,0.702,0.911,0.812,0.9702,0.628,0.8758,0.6552,0.7652,0.7446,0.4358,0.9178,0.7598,0.4836,0.9568,0.92,0.8898,0.65,0.8678,0.8968,0.8602,0.7638,0.4934,0.9286,0.5968,0.891,0.9692,0.833,0.8662,0.7476,0.9872,0.8634,0.758,0.8048,0.9956,0.7608,0.7582,0.8174,0.8206,0.8854,0.9854,0.7796,0.7558,0.6988,0.757,0.755,0.7606,0.7598,0.7036,0.6814,0.7632,0.8734,0.7304,0.81,0.74,0.7334,0.762,0.7126,0.7764,0.736,0.6534,0.6628,0.786,0.7436,0.8686,0.6026,0.7982,0
C0032460,Polycystic Ovary Syndrome,0.3846,0.0374,0.9994,0.9998,0.2706,1,0.683,1,0.9994,0.7598,1,1,0.9994,1,0.9998,0.1498,1,1,0.2998,0.6404,1,1,0.4774,1,0.5972,1,1,0.1816,1,0.9998,1,0.966,1,1,1,0.8526,1,1,1,0.9968,1,1,1,1,1,0.6424,0.9998,1,1,1,1,1,1,1,1,1,0.9674,1,1,1,1,1,0.9998,1,1,1,1,1,1,0,1,1,1
C0007787,Transient Ischemic Attack,0.5066,0.3964,0.9942,0.9886,0.389,0.9998,0.2134,0.9988,0.9978,0.8516,0.9868,0.9984,0.9556,0.9956,0.9904,0.3674,0.9996,0.9994,0.4648,0.607,0.9994,0.999,0.5588,0.9984,0.9274,0.9938,0.9992,0.4088,0.999,0.9848,0.9992,0.6498,0.9982,0.9986,0.9996,0.5288,0.9986,0.997,0.9994,0.8926,0.9774,0.9986,0.9988,0.987,0.9984,0.9546,0.9752,0.9982,0.995,0.9702,0.9984,0.9982,0.9934,0.999,0.9506,0.9984,0.927,0.9894,0.996,0.9844,0.9928,0.9978,0.9938,0.9968,0.9946,0.9764,0.9736,0.9982,0.989,0.9914,0.9754,0.9972,0.9906
C0007786,Brain Ischemia,0.2638,0.0718,1,1,0.1666,1,0.0192,1,1,0.362,1,1,1,1,1,0.0998,1,1,0.261,0.263,1,1,0.6698,1,0.541,1,1,0.1418,1,1,1,0.615,1,1,1,0.2032,1,1,1,0.873,1,1,1,1,1,0.7262,1,1,1,1,1,1,1,1,1,1,0.9754,1,1,1,1,1,1,1,1,1,1,1,1,1,1,1,1
C0007785,Cerebral Infarction,0.6904,0.4812,0.9754,0.9676,0.4962,0.9682,0.4136,0.9772,0.923,0.9562,0.9604,0.9758,0.8874,0.9722,0.9408,0.5126,0.961,0.9518,0.5886,0.8608,0.9742,0.9638,0.5458,0.9544,0.9534,0.8826,0.937,0.5972,0.9844,0.9636,0.9756,0.9212,0.9524,0.9736,0.9556,0.931,0.9306,0.9408,0.9746,0.972,0.7534,0.9626,0.9758,0.906,0.9698,0.982,0.8862,0.9638,0.96,0.8824,0.9554,0.9462,0.8358,0.979,0.966,0.9814,0.901,0.9136,0.927,0.7476,0.9578,0.9796,0.916,0.934,0.9542,0.7586,0.8674,0.9436,0.8834,0.96,0.8308,0.883,0
C0546837,Malignant neoplasm of esophagus,0.1074,0.1304,0.9648,0.9866,0.14,0.9892,0.1286,0.9888,0.9928,0.175,0.9888,0.9988,0.9728,0.9996,0.9982,0.1672,0.9916,0.9922,0.1762,0.266,0.9984,0.9958,0.9096,0.9954,0.1972,0.924,0.9958,0.1624,0.999,0.9948,0.9988,0.6496,0.9926,0.9988,0.9932,0.122,0.9834,0.987,0.9956,0.7748,0.9706,0.998,0.999,0.9954,0.9992,0.432,0.9718,0.9972,0.9988,0.975,0.9952,0.9898,0.964,0.9982,0.9654,0.9992,0.827,0.9938,1,0.9742,0.9948,0.9992,0.9814,0.9984,0.9992,0.9412,0.9978,1,0.9994,1,0.9934,1,0.9988
C0029408,Degenerative polyarthritis,0.0038,0,1,1,0,1,0.0102,1,1,0.4754,1,1,1,1,1,0,1,1,0,0.0282,1,1,0.914,1,0.1326,1,1,0.0002,1,1,1,0.967,1,1,1,0.1948,1,1,1,0.9894,1,1,1,1,1,0.471,1,1,1,1,1,1,1,1,1,1,0.9998,1,1,1,1,1,1,1,1,1,1,1,1,1,1,1,1
C0029401,Osteitis Deformans,0.1434,0.1248,0.8102,0.8988,0.1332,0.9728,0.107,0.9228,0.9812,0.3992,0.967,0.9658,0.9912,0.9414,0.9462,0.1334,0.9312,0.9972,0.1578,0.2056,0.9894,0.9758,0.7286,0.9602,0.491,0.9882,0.9822,0.1344,0.9672,0.9636,0.9662,0.5962,0.9712,0.9762,0.9812,0.1406,0.9674,0.99,0.9832,0.601,0.998,0.9726,0.963,0.9536,0.9606,0.2466,0.9832,0.998,0.954,0.9782,0.9564,0.9572,0.9656,0.9692,0.9974,0.9506,0.5026,0.9696,0.9644,0.977,0.9866,0.9436,0.9598,0.9858,0.9684,0.9664,0.9896,0.9496,0.9938,0.9538,0.9922,0.9572,0.937
C0853897,Diabetic Cardiomyopathies,0.4782,0.265,0.9744,0.9226,0.356,0.9906,0.23,0.9812,0.9574,0.4026,0.9612,0.986,0.8542,0.9694,0.9122,0.3222,0.9898,0.9928,0.48,0.5576,0.992,0.9884,0.733,0.9766,0.664,0.9718,0.9966,0.4104,0.9632,0.9204,0.991,0.401,0.9892,0.9938,0.989,0.3912,0.9888,0.9732,0.987,0.4958,0.9362,0.987,0.9904,0.9738,0.9928,0.5158,0.866,0.9798,0.9848,0.8924,0.948,0.9606,0.9608,0.9854,0.9312,0.9726,0.5854,0.9504,0.982,0.904,0.9716,0.986,0.8928,0.9648,0.9672,0.844,0.9286,0.9676,0.9294,0.9792,0.878,0.9428,0.9178
C0392557,Nuclear cataract,0.797,0.8948,0.7894,0.733,0.8728,0.9024,0.936,0.762,0.7884,0.8746,0.8568,0.7922,0.8898,0.6498,0.8288,0.8174,0.9102,0.8956,0.865,0.9934,0.6422,0.7628,0.2644,0.7304,0.9506,0.7394,0.71,0.8402,0.7406,0.821,0.7748,0.612,0.7214,0.6946,0.8448,0.9928,0.7954,0.7072,0.695,0.6714,0.7112,0.6684,0.6936,0.8432,0.6794,0.967,0.9028,0.6472,0.6628,0.6584,0.6042,0.7148,0.7222,0.6846,0.7998,0.6694,0.6814,0.8006,0,0.6016,0.6958,0,0.6598,0.534,0.7362,0.618,0.7986,0,0.6618,0,0.7858,0,0
C0236736,Cocaine-Related Disorders,0.0994,0.005,0.9994,0.9546,0.0086,0.9994,0.0052,0.998,0.803,0.0268,0.9644,0.997,0.94,0.9766,0.9546,0.0086,0.9984,0.95,0.0172,0.064,0.9984,0.9894,0.041,0.9952,0.0366,0.918,0.9508,0.0078,0.9902,0.9838,0.9822,0.034,0.9698,0.997,0.9252,0.0164,0.8322,0.9406,0.9366,0.5732,0.7472,0.9752,0.9924,0.978,0.992,0.0058,0.8906,0.9914,0.968,0.7056,0.874,0.9636,0.8264,0.9286,0.8758,0.9736,0.6372,0.8934,0.9562,0.9084,0.9652,0.99,0.9316,0.8996,0.9672,0.9634,0.9318,0.9824,0.9268,0,0.9374,0,0
C0162671,MELAS Syndrome,0.382,0.0254,0.9932,0.9994,0.0642,0.9868,0.0412,0.9876,0.9984,0.1106,0.9968,1,0.953,0.9998,1,0.093,0.9936,0.6946,0.1166,0.008,0.9224,0.9664,0.0724,0.9598,0.1308,0.9788,0.9972,0.1432,0.941,0.9952,1,0.1012,0.9528,0.9948,0.85,0.0294,0.93,0.8542,0.9124,0.213,0.9442,0.9974,0.9996,0.9902,0.9972,0.2476,0.9642,0.9992,0.9992,0.96,0.9944,0.8148,0.993,0.9994,0.8262,0.9998,0.3338,0.999,1,0.981,0.999,0.999,0.9862,0.9994,0.9998,0.9874,0.995,0.9998,0.9964,0.9994,0.9958,0.9998,1
C0162670,Mitochondrial Myopathies,0.0192,0.0094,0.2918,0.4886,0.0154,0.4568,0.0716,0.5046,0.5242,0.0276,0.2994,0.6212,0.316,0.5774,0.4974,0.0104,0.425,0.6088,0.0188,0.0244,0.6826,0.6382,0.1856,0.6014,0.0334,0.459,0.603,0.0092,0.6358,0.2576,0.6478,0.4862,0.5006,0.6736,0.64,0.0194,0.626,0.574,0.6374,0.1966,0.4004,0.6276,0.6802,0.3638,0.6854,0.0584,0.3276,0.5292,0.6118,0.4512,0.6192,0.6462,0.3074,0.5718,0.3806,0,0.2458,0.508,0.5532,0.3252,0.5512,0.6842,0.5956,0.5152,0.5704,0.339,0.5174,0.603,0.5654,0,0.5392,0,0
C0236733,Amphetamine-Related Disorders,0.9596,0.6928,0.9996,0.9826,0.8162,0.998,0.0794,0.9952,0.9884,0.752,0.7086,0.983,0.9622,0.884,0.918,0.6696,0.9994,0.9882,0.9494,0.1722,0.9896,0.9958,0.1284,0.9966,0.6582,0.7934,0.9074,0.8748,0.9976,0.9644,0.9706,0.1386,0.8724,0.9954,0.9954,0.033,0.9896,0.9924,0.9852,0.281,0.8586,0.7814,0.9466,0.8652,0.9926,0.791,0.9664,0.9752,0.9052,0.9886,0.9836,0.9846,0.8696,0.94,0.929,0.9182,0.8346,0.8604,0.9326,0.832,0.9136,0.9632,0.9894,0.944,0.9076,0.9376,0.871,0,0.8244,0,0.96,0,0
C0009375,Colonic Neoplasms,0.0628,0.001,1,1,0.0042,1,0.0082,1,1,0.4632,1,1,1,1,1,0.006,1,1,0.0342,0.4758,1,1,0.7442,1,0.5558,1,1,0.0058,1,1,1,0.6474,1,1,1,0.302,1,1,1,0.9646,1,1,1,1,1,0.781,1,1,1,1,1,1,1,1,1,1,0.9986,1,1,1,1,1,1,1,1,1,1,1,1,1,1,1,1
C0006111,Brain Diseases,0.5562,0.6974,0.9616,0.9388,0.605,0.9706,0.6314,0.9386,0.7868,0.8464,0.922,0.9698,0.8776,0.8836,0.9634,0.6568,0.9542,0.952,0.5538,0.8488,0.9032,0.9232,0.3006,0.8806,0.838,0.7336,0.8868,0.7876,0.9504,0.9566,0.9674,0.5034,0.8306,0.943,0.9592,0.8546,0.9172,0.7522,0.92,0.8142,0.6614,0.803,0.8524,0.8214,0.9592,0.871,0.8608,0.9406,0.8908,0.7966,0.8238,0.9558,0.6564,0.7718,0.9056,0.8116,0.8666,0.9626,0.9628,0.7344,0.8474,0.8876,0.939,0.8106,0.7048,0.945,0.9146,0.9332,0.8528,0,0.9182,0,0
C0242339,Dyslipidemias,0.3958,0.3418,0.664,0.8586,0.3866,0.7574,0.6006,0.9282,0.891,0.587,0.9112,0.8818,0.8804,0.909,0.9424,0.386,0.705,0.8528,0.3998,0.9386,0.9792,0.9466,0.859,0.9524,0.7354,0.97,0.9764,0.3864,0.9356,0.8382,0.9502,0.7872,0.9786,0.9566,0.9466,0.6526,0.9492,0.8192,0.873,0.8768,0.9422,0.9628,0.9564,0.9528,0.9774,0.3074,0.9162,0.9028,0.932,0.6974,0.8948,0.8662,0.8454,0.9372,0.8442,0.9072,0.6694,0.8558,0.935,0.8932,0.9444,0.9276,0.9088,0.8238,0.8492,0.9412,0.8166,0.9096,0.8696,0.9458,0.8068,0.8972,0.9486
C0005138,Berylliosis,0.3456,0.2588,0.8172,0.958,0.2878,0.8088,0.7062,0.862,0.7592,0.7908,0.9118,0.9344,0.9158,0.9384,0.9736,0.2592,0.8858,0.754,0.3846,0.9114,0.9262,0.893,0.6908,0.8884,0.673,0.9074,0.922,0.3198,0.9228,0.9348,0.8398,0.4904,0.848,0.918,0.8306,0.7578,0.8488,0.8106,0.8312,0.5294,0.843,0.7802,0.9634,0.915,0.9376,0.7632,0.8178,0.93,0.916,0.8354,0.7894,0.9048,0.9092,0.8124,0.791,0.9612,0.7032,0.9008,0.9656,0.9336,0.8254,0.8116,0.9042,0.872,0.8152,0.9048,0.8896,0.9582,0.9256,0,0.9678,0.9302,0.9692
C0020437,Hypercalcemia,0.4692,0.3844,0.8202,0.522,0.4426,0.8042,0.653,0.7618,0.673,0.6782,0.5064,0.6258,0.7898,0.4498,0.6322,0.421,0.8756,0.5778,0.548,0.9798,0.56,0.6936,0.3336,0.6808,0.907,0.6652,0.6082,0.4556,0.7478,0.5346,0.627,0.5208,0.612,0.6796,0.6448,0.9304,0.6788,0.5288,0.6426,0.7518,0.7982,0.4762,0.5032,0.7554,0.7134,0.7058,0.7182,0.7862,0.395,0.6274,0.4956,0.6928,0.632,0.6044,0.7566,0,0.5686,0.5346,0.6252,0.851,0.6518,0,0.6864,0.6904,0.5282,0.7954,0.6096,0,0.554,0,0.7566,0,0
C0036202,Sarcoidosis,0.2312,0.0352,0.8754,0.918,0.0646,0.8768,0.176,0.9174,0.6434,0.0696,0.8856,0.9644,0.8136,0.9616,0.9186,0.081,0.9002,0.8184,0.093,0.1134,0.9524,0.9274,0.5688,0.9336,0.0844,0.771,0.9608,0.1,0.8684,0.9038,0.944,0.0606,0.7728,0.961,0.826,0.1242,0.7958,0.7344,0.8588,0.0722,0.693,0.8996,0.9712,0.7724,0.945,0.1644,0.7666,0.9544,0.9792,0.612,0.779,0.7236,0.7712,0.8166,0.6704,0.9744,0.0564,0.8686,0.9626,0.8044,0.9148,0.9342,0.5818,0.8736,0.9258,0.6768,0.8506,0.9646,0.9498,0.981,0.9006,0.9372,0.8542
C0023903,Liver neoplasms,0.0082,0.0014,1,0.9976,0.0034,0.9996,0.2926,0.9998,1,0.3108,0.9998,0.9998,0.9938,0.9998,0.9998,0.0018,0.9998,0.9998,0.0044,0.1858,1,1,0.9,1,0.1286,1,1,0.0056,1,1,0.9998,0.8416,0.9998,1,0.9984,0.0222,1,1,0.9998,0.943,0.9988,0.9998,1,0.9998,1,0.1904,0.9978,1,0.9998,1,1,0.9994,1,1,0.9982,0.9998,0.9656,1,1,1,0.9998,1,0.9996,1,1,0.9922,0.9998,0.9998,1,1,0.9996,0.9998,1
C0027055,Myocardial Reperfusion Injury,0,0,0,0,0,0,0,0,0,0,0,0,0,0,0,0,0,0,0,0,0,0,0,0,0,0,0,0,0,0,0,0,0,0,0,0,0,0,0,0,0,0,0,0,0,0,0,0,0,0,0,0,0,0,0,0,0,0,0,0,0,0,0,0,0,0,0,0,0,0,0,0,0
C0920269,Microsatellite Instability,0.096,0.0202,0.9516,0.9982,0.0238,0.9968,0.1402,0.9976,0.9982,0.1076,0.9994,0.9996,0.9842,0.9998,0.998,0.031,0.995,0.9984,0.0288,0.3978,0.9996,0.999,0.9144,0.9986,0.249,1,0.9998,0.0528,0.9962,0.9998,0.9998,0.6516,1,0.9996,0.9976,0.3108,0.9954,0.998,0.9992,0.6282,0.9984,0.9996,1,0.9978,1,0.3056,0.9864,0.9998,0.9998,0.9822,0.9988,0.9952,0.998,0.9998,0.9904,1,0.7034,0.9996,0.9998,0.9878,0.9998,1,0.994,0.9984,0.9998,0.9852,0.9988,0.9998,0.9994,0.9998,0.9952,0.9994,0.9964
C0339535,"Night blindness, congenital stationary",0.7804,0.6746,0.1664,0,0.8582,0.1266,0.1426,0.0722,0.1778,0.498,0,0,0,0,0,0.8256,0.1078,0.1044,0.9148,0.8678,0.1046,0.0688,0.0546,0,0.769,0,0,0.9394,0.1316,0,0,0.1064,0,0,0.0848,0.7686,0.1254,0.1234,0.139,0.2168,0,0,0,0,0,0.698,0,0,0,0.1396,0,0.1644,0,0,0,0,0.1604,0,0,0,0,0,0.1878,0,0,0,0,0,0,0,0,0,0
C0038325,Stevens-Johnson Syndrome,0.0568,0.0008,1,1,0.0056,1,0.0012,1,1,0.0902,1,1,1,1,1,0.0056,1,1,0.0088,0.0002,1,1,0.5514,1,0.0188,1,1,0.0062,1,1,1,0.4212,1,1,1,0.0038,1,1,1,0.6442,1,1,1,1,1,0.0952,1,1,1,1,1,1,1,1,1,1,0.888,1,1,1,1,1,1,1,1,1,1,1,1,1,1,1,1
C0023452,"Leukemia, Lymphocytic, Acute, L1",0.7852,0.5228,0.866,0.7518,0.5268,0.8916,0.1446,0.911,0.9002,0.3062,0.848,0.922,0.8144,0.9328,0.8802,0.5884,0.8236,0.8964,0.3884,0.3786,0.9326,0.9358,0.5458,0.9514,0.298,0.8816,0.9524,0.648,0.8798,0.8394,0.9452,0.6104,0.7792,0.9632,0.8354,0.5178,0.938,0.9294,0.9164,0.8482,0.8998,0.7144,0.9688,0.7694,0.9734,0.5436,0.8342,0.9428,0.7352,0.8832,0.9296,0.7596,0.8782,0.9144,0.9494,0.9174,0.6524,0.937,0.9354,0.909,0.7054,0.9366,0.8386,0.9258,0.6756,0.9178,0.9098,0.9496,0.718,0.982,0.8716,0.9292,0.8922
C1272641,Systemic arterial pressure,0.0012,0.0002,0.7022,0.6968,0.0004,0.891,0.553,0.8882,0.8402,0.0308,0.8814,0.7912,0.6738,0.9202,0.9472,0.0004,0.8358,0.9406,0.0002,0.405,0.8072,0.9194,0.9624,0.9052,0.0846,0.8998,0.9072,0.0004,0.876,0.827,0.9112,0.9524,0.9822,0.878,0.9732,0.251,0.8826,0.9576,0.8906,0.665,0.9318,0.9416,0.9134,0.8734,0.8104,0.0382,0.8182,0.9522,0.8204,0.9368,0.9254,0.9126,0.8872,0.9406,0.7848,0,0.4452,0.9552,0.9506,0.874,0.9014,0.9264,0.9288,0.8822,0.8604,0.8568,0.9326,0.9098,0.8726,0,0.9524,0,0
C0023186,Learning Disorders,0.0946,0.0534,0.8454,0.6494,0.068,0.9196,0.5792,0.9572,0.7518,0.1098,0.6908,0.9582,0.6222,0.8996,0.7444,0.1042,0.9266,0.958,0.0844,0.2054,0.9852,0.9892,0.924,0.9914,0.2616,0.825,0.8964,0.1124,0.8784,0.6386,0.9452,0.5638,0.8756,0.9812,0.9034,0.0986,0.7692,0.9468,0.9814,0.5172,0.6298,0.872,0.9784,0.7162,0.9626,0.2816,0.6532,0.8686,0.8384,0.9676,0.9336,0.847,0.466,0.8554,0.835,0.883,0.5606,0.7306,0.8404,0.6804,0.7664,0.915,0.9012,0.8148,0.8622,0.7332,0.7676,0.8472,0.8186,0,0.7698,0,0
C0265221,Walker-Warburg congenital muscular dystrophy,0.9788,0.7468,0.9052,0.3146,0.4536,0.7332,0.6534,0.8856,0.6262,0.024,0.1838,0.506,0,0.468,0,0.5196,0.6708,0.4664,0.4376,0.1094,0.7778,0.823,0.3814,0.7416,0.035,0.1482,0.3906,0.4928,0.4928,0.1492,0.5474,0.0376,0.1674,0.645,0.2528,0.0594,0.258,0.5982,0.6834,0.0164,0,0.3914,0.5702,0.1422,0,0.0372,0,0,0.3922,0.5668,0.7942,0.2394,0.1618,0.369,0,0,0.1032,0,0,0,0,0,0.264,0,0.4554,0,0,0,0,0,0,0,0
C0024796,Marfan Syndrome,0.3782,0.1364,0.9968,0.9868,0.1912,0.9906,0.2802,0.998,0.8812,0.2974,0.9816,0.9936,0.8968,0.9932,0.9858,0.173,0.9916,0.9602,0.3202,0.221,0.9992,0.9864,0.7566,0.9964,0.5648,0.973,0.9926,0.2128,0.9838,0.969,0.9922,0.6562,0.9992,0.994,0.9284,0.2608,0.9854,0.9668,0.9646,0.5674,0.9526,0.9992,0.9934,0.9814,0.996,0.3576,0.8986,0.968,0.9912,0.8998,0.9586,0.936,0.9458,0.9762,0.8966,0.9936,0.7362,0.9948,0.996,0.9436,0.9858,0.9948,0.9482,0.9548,0.9776,0.9032,0.9682,0.997,0.9614,0.9884,0.9386,0.9924,0.9744
C0009363,Congenital ocular coloboma (disorder),0.242,0.1134,0.9542,0.9928,0.1328,0.8742,0.0884,0.9118,0.666,0.1374,0.9772,0.9498,0.9726,0.9314,0.983,0.1266,0.8694,0.8824,0.1634,0.0874,0.9726,0.9166,0.481,0.9276,0.1882,0.936,0.9262,0.1694,0.9008,0.9836,0.8482,0.2302,0.9782,0.9124,0.8428,0.093,0.756,0.8608,0.8484,0.3576,0.9338,0.9388,0.9056,0.9054,0.8868,0.155,0.9872,0.9274,0.9076,0.8486,0.747,0.8106,0.878,0.8424,0.9524,0.931,0.6672,0.9702,0.9584,0.9112,0.9416,0.923,0.7842,0.793,0.8786,0.9288,0.9726,0.8814,0.9244,0.943,0.9726,0.941,0.9556
C0024121,Lung Neoplasms,0.0498,0.0012,1,1,0.0008,1,0.0066,1,1,0.468,1,1,1,1,1,0.0022,1,1,0.0042,0.6184,1,1,0.8778,1,0.383,1,1,0.0052,1,1,1,0.7384,1,1,1,0.1676,1,1,1,0.9786,1,1,1,1,1,0.6074,1,1,1,1,1,1,1,1,1,1,0.9986,1,1,1,1,1,1,1,1,1,1,1,1,1,1,1,1
C0270853,"Myoclonic Epilepsy, Juvenile",0.7662,0.899,0.8538,0.7218,0.7466,0.7296,0.105,0.6496,0.831,0.5662,0.6202,0.6568,0.3594,0.5996,0,0.8206,0.7526,0.7892,0.7198,0.707,0.532,0.5474,0.0766,0.5368,0.6674,0.33,0.5246,0.7124,0.5196,0.6432,0.6434,0.0886,0.4776,0.6848,0.6676,0.9168,0.8972,0.5868,0.6748,0.1724,0.247,0.5646,0.5726,0.5898,0.615,0.3394,0.4854,0.4532,0.593,0.954,0.5326,0.6084,0.5022,0.5912,0.2204,0,0.1112,0,0,0.4084,0.453,0,0.6692,0.4132,0.4966,0.268,0,0,0,0,0,0,0
C0006142,Malignant neoplasm of breast,0.0098,0.0036,0.998,0.97,0.0016,0.9968,0.1766,0.9942,0.9982,0.555,0.9996,0.9972,0.992,0.9872,0.9992,0.0004,0.9932,0.9954,0.0048,0.5038,0.9992,0.9996,0.6972,0.9994,0.266,1,0.9996,0.0006,0.9972,0.9966,0.9996,0.6528,0.9996,0.9994,0.9982,0.1948,0.9656,0.9974,0.999,0.6486,1,0.9998,0.9994,0.998,0.999,0.2418,0.9808,0.9998,0.9996,0.9896,0.9964,0.9956,0.9994,0.9992,0.9994,0.9994,0.6938,1,0.9998,0.9986,1,0.9992,0.9944,0.9996,1,0.9852,1,0.9984,0.9986,1,0.9996,0.9992,0.9996
C1458155,Mammary Neoplasms,0,0,1,1,0,1,0,1,1,0.8064,1,1,1,1,1,0,1,1,0,0.1196,1,1,0.9132,1,0.3928,1,1,0,1,1,1,0.9844,1,1,1,0.1168,1,1,1,0.9998,1,1,1,1,1,0.9002,1,1,1,1,1,1,1,1,1,1,1,1,1,1,1,1,1,1,1,1,1,1,1,1,1,1,1
C0270850,Idiopathic generalized epilepsy,0.001,0.0032,0.089,0.2796,0.004,0.116,0.032,0.2108,0.411,0.1622,0.4214,0.3312,0.3902,0,0,0.0038,0.0998,0.3424,0.003,0.3546,0.3144,0.2578,0.0128,0.2732,0.0986,0.369,0.4462,0.005,0.2896,0.4156,0.3538,0.0264,0.2824,0.3824,0.3566,0.1634,0.2884,0.4426,0.3878,0.0884,0.316,0,0,0.277,0,0.118,0.4438,0.4648,0,0.3212,0,0.5726,0.5238,0.5192,0.2716,0,0.3342,0,0,0.3852,0,0,0.358,0.5052,0,0.3292,0,0,0,0,0,0,0
C0027796,Neuralgia,0.3008,0.1338,0.9352,0.8532,0.171,0.974,0.7774,0.936,0.908,0.2242,0.7496,0.7206,0.6232,0.769,0,0.1804,0.9696,0.9428,0.262,0.4846,0.8782,0.9474,0.6514,0.9296,0.43,0.7652,0.8524,0.1976,0.8614,0.5952,0.7164,0.7742,0.61,0.8746,0.9046,0.317,0.9316,0.7706,0.9706,0.5556,0.7418,0.8002,0.7604,0.6908,0.8294,0.4116,0.6594,0.8742,0.6586,0.6394,0.9254,0.8726,0.8442,0.7596,0.6996,0.8092,0.5564,0,0,0.8578,0.7334,0.8046,0.8292,0.7334,0.6546,0.8062,0,0,0.6814,0,0,0,0
C0027794,Neural Tube Defects,0.6494,0.329,0.791,0.7506,0.5222,0.9292,0.583,0.9664,0.5638,0.4916,0.8988,0.8942,0.7452,0.8528,0.7696,0.5052,0.9104,0.689,0.597,0.7036,0.8172,0.9344,0.406,0.951,0.4006,0.7584,0.9354,0.7812,0.712,0.8742,0.9252,0.8224,0.9552,0.9624,0.8128,0.725,0.8226,0.7188,0.6916,0.7582,0.661,0.8346,0.883,0.9134,0.9266,0.2506,0.9312,0.8384,0.8458,0.6948,0.6916,0.5208,0.8396,0.83,0.6888,0.865,0.3442,0.8422,0.8466,0.747,0.7472,0.8358,0.6882,0.5914,0.8124,0.7824,0.7896,0.8366,0.7054,0,0.8488,0,0
C0162820,"Dermatitis, Allergic Contact",0.9006,0.5876,0.9988,0.9978,0.7484,0.9982,0.5276,0.994,0.996,0.9502,0.998,0.9992,0.9638,0.9956,0.999,0.747,0.9978,0.981,0.8276,0.7906,0.9884,0.9928,0.339,0.9946,0.9452,0.9682,0.9898,0.6242,0.9968,0.9984,0.9942,0.7158,0.999,0.997,0.9776,0.8942,0.9976,0.9816,0.9952,0.9386,0.9786,0.9968,0.9892,0.9964,0.9994,0.892,0.991,0.9884,0.9916,0.9514,0.9898,0.9862,0.9862,0.9804,0.955,0.991,0.777,0.998,0.9964,0.9924,0.9886,0.999,0.9908,0.9772,0.981,0.986,0.9908,0.9966,0.9786,0,0.9702,0.9928,0
C0025521,Inborn Errors of Metabolism,0.3656,0.2108,0.7976,0.9028,0.2586,0.664,0.5458,0.6,0.5476,0.6438,0.9036,0.8252,0.8464,0.8812,0.8848,0.2732,0.5812,0.797,0.3136,0.7794,0.9068,0.6492,0.8754,0.7032,0.5768,0.8688,0.8108,0.269,0.7838,0.7006,0.8358,0.9862,0.9588,0.8374,0.5772,0.5266,0.4448,0.6276,0.5422,0.9138,0.9338,0.876,0.8668,0.9086,0.813,0.9182,0.8014,0.8088,0.951,0.677,0.435,0.762,0.895,0.691,0.9354,0.8672,0.7966,0.9228,0.932,0.9448,0.9096,0.8572,0.834,0.7506,0.893,0.8916,0.9278,0.9154,0.9146,0.9594,0.8842,0.9096,0.9052
C0344388,Platelet mean volume finding,0.0214,0.0212,0.4284,0.7522,0.0056,0.6234,0.1768,0.796,0.8364,0.0064,0.919,0.9138,0.6704,0.94,0.8602,0.0112,0.5978,0.8242,0.0036,0.0158,0.9082,0.7506,0.414,0.7598,0.0514,0.8204,0.876,0.0044,0.6444,0.7798,0.9358,0.4706,0.9216,0.88,0.5962,0.022,0.7114,0.8092,0.8294,0.1778,0.7342,0.9156,0.9504,0.9068,0.9798,0.056,0.7278,0.8602,0.9606,0.8496,0.7856,0.7326,0.81,0.943,0.735,0.9452,0.3884,0.9058,0.913,0.689,0.8448,0.958,0.7502,0.847,0.8688,0.6364,0.9052,0.9164,0.8032,0,0.8216,0,0
C0021841,Intestinal Neoplasms,0.2572,0.0872,1,0.9976,0.0858,1,0.0934,1,0.9998,0.2644,1,1,0.9988,1,0.9992,0.07,1,1,0.146,0.408,1,1,0.5436,1,0.2216,1,1,0.0942,1,0.9998,1,0.3848,1,1,1,0.2056,0.9998,1,1,0.653,0.9998,1,1,1,1,0.4016,0.9994,1,1,0.9984,1,1,1,1,0.995,1,0.784,0.9998,1,1,1,1,0.9998,1,1,0.996,0.9998,1,1,1,0.9988,0.9998,0.9982
C2607914,Allergic rhinitis (disorder),0.63,0.4794,0.6134,0.2222,0.6128,0.28,0.004,0.2598,0.099,0.1784,0.1016,0.301,0.1322,0,0,0.5286,0.3996,0.2254,0.7032,0.0912,0.2044,0.2614,0.0064,0.275,0.411,0.1002,0.1592,0.6502,0.6018,0.1032,0.3574,0.0696,0.0986,0.3372,0.3662,0.299,0.183,0.1838,0.2538,0.0128,0.1136,0,0,0.1014,0,0.1212,0.118,0.1924,0,0.0978,0.202,0.257,0.1056,0.1798,0,0,0.04,0,0,0.1166,0,0,0.2604,0.254,0,0.1492,0,0,0,0,0,0,0
C1271104,Blood pressure finding,0.0012,0.0002,0.7022,0.6968,0.0004,0.891,0.553,0.8882,0.8402,0.0308,0.8814,0.7912,0.6738,0.9202,0.9472,0.0004,0.8358,0.9406,0.0002,0.405,0.8072,0.9194,0.9624,0.9052,0.0846,0.8998,0.9072,0.0004,0.876,0.827,0.9112,0.9524,0.9822,0.878,0.9732,0.251,0.8826,0.9576,0.8906,0.665,0.9318,0.9416,0.9134,0.8734,0.8104,0.0382,0.8182,0.9522,0.8204,0.9368,0.9254,0.9126,0.8872,0.9406,0.7848,0,0.4452,0.9552,0.9506,0.874,0.9014,0.9264,0.9288,0.8822,0.8604,0.8568,0.9326,0.9098,0.8726,0,0.9524,0,0
C0242383,Age related macular degeneration,0.4002,0.1704,0.9372,0.9162,0.1404,0.9602,0.2002,0.9876,0.8038,0.7714,0.9784,0.9758,0.9386,0.9618,0.9556,0.1564,0.9676,0.981,0.174,0.6762,0.9448,0.9642,0.522,0.9578,0.5734,0.998,0.9804,0.136,0.9806,0.9756,0.9314,0.6116,0.981,0.971,0.959,0.6348,0.9314,0.8796,0.906,0.6924,0.9892,0.985,0.9586,0.9946,0.974,0.7602,0.9782,0.9886,0.9832,0.7912,0.911,0.9714,0.9912,0.9362,0.9788,0.9788,0.7982,0.9582,0.9692,0.9828,0.991,0.9886,0.9742,0.9292,0.9756,0.9522,0.9538,0.9498,0.965,0,0.9352,0.9584,0
C0007193,"Cardiomyopathy, Dilated",0.2028,0.0184,1,1,0.031,1,0.0764,1,1,0.6534,1,1,1,1,1,0.0336,1,1,0.1078,0.5106,1,1,0.8066,1,0.5634,1,1,0.1152,1,1,1,0.9768,1,1,1,0.6322,1,1,1,0.9018,1,1,1,0.9996,1,0.7928,1,1,1,1,0.9998,1,0.9996,1,0.9996,1,0.9918,1,1,0.9992,1,1,1,1,1,1,1,1,1,1,1,1,1
C3160731,Pulmonary function (finding),0.0066,0.007,0.3458,0.2776,0.0138,0.2022,0.076,0.271,0.0732,0.0856,0.5036,0.3616,0.5894,0.5612,0,0.0096,0.2474,0.4192,0.0052,0.0956,0.4448,0.2964,0.1988,0.2674,0.2306,0.5158,0.3582,0.0062,0.2276,0.2816,0.3324,0.2696,0.4886,0.3612,0.3042,0.0064,0.206,0.2212,0.2376,0.3284,0.4072,0.476,0,0.6254,0,0.1148,0.33,0.5246,0.502,0.1044,0.1828,0.2706,0.3062,0.4042,0.3092,0,0.1414,0,0,0.4022,0,0,0.1962,0.3574,0,0.3922,0,0,0,0,0,0,0
C0080178,Spina Bifida,0.0672,0.0664,0.9354,0.933,0.0588,0.9542,0.3784,0.9752,0.8596,0.2376,0.9354,0.9574,0.9254,0.9564,0.9142,0.0632,0.9622,0.9668,0.0674,0.4462,0.9836,0.972,0.9396,0.9762,0.23,0.9734,0.9806,0.0572,0.9728,0.8612,0.9498,0.9074,0.988,0.9758,0.887,0.219,0.8486,0.8932,0.932,0.8304,0.9388,0.9706,0.975,0.9306,0.9586,0.3436,0.925,0.9708,0.9586,0.866,0.9134,0.9346,0.9728,0.9364,0.9014,0.9718,0.8358,0.9522,0.9634,0.9628,0.9702,0.9706,0.8454,0.9196,0.9636,0.8836,0.9552,0.9346,0.9642,0.9812,0.957,0.959,0.9446
C0007194,Hypertrophic Cardiomyopathy,0.0604,0.0642,0.999,0.8696,0.0806,0.9994,0.3056,1,0.9996,0.3036,0.964,0.9842,0.9838,0.9932,0.9854,0.0602,0.9996,1,0.0246,0.1502,0.9998,0.9998,0.7258,1,0.349,0.9912,0.9912,0.0798,0.9976,0.9406,0.9984,0.4944,0.9976,0.9942,1,0.3538,0.9994,1,0.9992,0.7332,0.9962,0.9966,0.9976,0.9934,0.9982,0.4608,0.9994,0.9884,0.9966,0.9998,0.9996,0.9998,0.9962,0.9968,0.9804,0.9946,0.9272,0.9868,0.993,0.9958,0.9958,0.9982,1,0.9948,0.997,0.98,0.9806,0.995,0.9986,0.9968,0.9812,0.9898,0.9894
C0752166,Bardet-Biedl Syndrome,0.9312,0.6298,0.998,0.9948,0.8098,0.9466,0.1914,0.972,0.922,0.9526,0.9192,0.9936,0.9816,0.9958,0.9892,0.8076,0.9692,0.843,0.862,0.7696,0.9154,0.832,0.1692,0.9152,0.9154,0.7332,0.9188,0.7278,0.8286,0.8748,0.985,0.5318,0.7,0.9366,0.744,0.869,0.8888,0.7438,0.8162,0.9268,0.877,0.9398,0.994,0.9198,0.9732,0.9238,0.857,0.9536,0.9536,0.7546,0.8964,0.6862,0.8234,0.8694,0.929,0.9968,0.7364,0.9682,0.9884,0.9856,0.9274,0.9568,0.6494,0.9528,0.8516,0.9736,0.9878,0.9926,0.9764,0,0.9818,0.9908,0.9762
C0022548,Keloid,0.045,0.0146,0.9994,0.9972,0.0208,1,0.3992,1,1,0.8652,0.9996,1,0.9988,0.9998,0.9966,0.0244,1,1,0.0264,0.5534,1,1,0.931,1,0.5268,1,1,0.0434,1,0.9994,1,0.999,1,1,1,0.622,1,1,1,0.9952,1,1,1,1,1,0.959,0.9986,1,1,1,1,1,1,1,1,1,0.9988,0.9988,0.9992,1,1,1,1,1,1,1,0.9998,1,0.9998,1,0.9972,0.9998,0.9948
C0025202,melanoma,0.1492,0.0024,1,1,0.0348,1,0.0048,1,1,0.6164,1,1,1,1,1,0.019,1,1,0.1926,0.2574,1,1,0.7054,1,0.4802,1,1,0.0606,1,1,1,0.4432,1,1,1,0.2434,1,1,1,0.9226,1,1,1,1,1,0.6796,1,1,1,1,1,1,1,1,1,1,0.9912,1,1,1,1,1,1,1,1,1,1,1,1,1,1,1,1
C3809874,"LEUKEMIA, ACUTE LYMPHOBLASTIC, SUSCEPTIBILITY TO, 3",0.314,0.0912,0.999,0.9998,0.124,1,0.3222,1,0.9996,0.8584,1,1,0.9994,1,1,0.1516,0.9998,1,0.1602,0.3202,1,1,0.6856,1,0.6076,1,1,0.148,1,1,1,0.8178,1,0.9998,1,0.1918,0.9998,1,1,0.8736,1,0.9996,1,1,1,0.7782,0.9998,1,1,0.996,0.9996,1,1,1,0.9998,1,0.8932,1,1,1,1,1,0.9996,0.9996,0.9998,0.9998,1,1,0.9998,1,0.9992,1,1
C0032285,Pneumonia,0.8154,0.271,0.996,0.9996,0.3702,0.9976,0.5324,0.9996,0.9886,0.3852,0.9946,0.9958,0.9008,0.9932,0.978,0.277,0.9988,0.7874,0.445,0.676,0.9848,0.9772,0.6712,0.9966,0.4888,0.8788,0.9526,0.2734,0.8806,0.9906,0.9696,0.5864,0.9542,0.9898,0.8966,0.5404,0.9712,0.9226,0.967,0.768,0.845,0.9658,0.962,0.9082,0.9816,0.322,0.8374,0.9004,0.96,0.95,0.9978,0.9112,0.8532,0.9572,0.667,0.9104,0.4012,0.9566,0.9756,0.8392,0.8764,0.9624,0.7842,0.9964,0.9464,0.7602,0.9076,0.9146,0.9842,0,0.8322,0,0
C0033805,Pseudohypoaldosteronism,0.0902,0.0488,0.476,0.8504,0.0622,0.5354,0.79,0.7062,0.5492,0.0492,0.9812,0.8236,0.721,0.975,0.9544,0.0602,0.5476,0.4896,0.1066,0.3038,0.8276,0.7242,0.9584,0.7886,0.1392,0.9666,0.8922,0.065,0.5986,0.9378,0.815,0.782,0.9928,0.8296,0.5224,0.1252,0.6632,0.7194,0.765,0.412,0.9436,0.9664,0.9366,0.9702,0.9064,0.0756,0.7848,0.7522,0.9786,0.7096,0.8022,0.5548,0.855,0.8416,0.7786,0.99,0.1348,0.98,0.8992,0.8798,0.939,0.966,0.7138,0.7308,0.9562,0.894,0.9272,0.981,0.899,0.9406,0.8262,0.984,0.9606
C0027708,Nephroblastoma,0.4064,0.3068,0.9972,0.9634,0.3262,0.9988,0.0448,0.999,0.9836,0.6454,0.9862,0.9976,0.9642,0.9906,0.9452,0.341,0.9994,0.9974,0.4492,0.1796,0.993,0.9986,0.3578,0.9988,0.5876,0.9638,0.9974,0.3986,0.9994,0.9868,0.9956,0.5328,0.9794,0.9976,0.998,0.386,0.998,0.9688,0.9952,0.7574,0.9038,0.995,0.9972,0.9906,0.9916,0.715,0.9904,0.996,0.992,0.9104,0.9954,0.9974,0.9898,0.9962,0.759,0.9922,0.9572,0.945,0.9898,0.9502,0.9958,0.9944,0.989,0.9958,0.9914,0.918,0.909,0.9848,0.9888,0.9846,0.8556,0.9724,0.9288
C1838951,LEIGH SYNDROME DUE TO MITOCHONDRIAL COMPLEX I DEFICIENCY,0.9878,0.6788,0.9976,1,0.8718,0.9966,0.0776,0.9956,0.9932,0.5554,0.9998,1,0.9976,1,1,0.8814,0.9942,0.9802,0.9816,0.0636,0.9986,0.998,0.0968,0.9952,0.4872,0.9922,0.9998,0.7858,0.999,1,1,0.3182,0.995,1,0.9864,0.286,0.9884,0.972,0.9962,0.8578,0.9892,0.9996,1,0.9998,1,0.5474,0.9982,0.9998,1,0.9738,0.995,0.983,0.9976,0.9998,0.9876,1,0.9578,1,1,0.9974,0.9998,1,0.9982,0.9998,1,0.9978,1,1,0.9998,1,1,1,1
C1140680,Malignant neoplasm of ovary,0.1574,0.0332,0.904,0.9332,0.0312,0.9518,0.186,0.92,0.9282,0.04,0.9522,0.9838,0.8288,0.968,0.9592,0.0378,0.9738,0.9778,0.075,0.3764,0.9698,0.9314,0.5388,0.9352,0.0682,0.965,0.9832,0.0476,0.973,0.9678,0.9738,0.4258,0.9638,0.9524,0.9852,0.1322,0.9604,0.9196,0.9176,0.3916,0.9236,0.9694,0.977,0.9588,0.9554,0.136,0.8392,0.9716,0.9822,0.8828,0.8778,0.8604,0.829,0.9422,0.8894,0.9656,0.7216,0.9738,0.9824,0.942,0.9528,0.979,0.7986,0.9598,0.9544,0.8514,0.9726,0.9836,0.9178,0.987,0.958,0.9808,0.977
C0031511,Pheochromocytoma,0.4558,0.1696,0.9804,0.9924,0.2594,0.9978,0.5076,0.997,0.9604,0.646,0.9936,0.9982,0.9982,0.9966,0.9992,0.2116,0.9956,0.9848,0.3064,0.2328,0.9966,0.9984,0.7422,0.9978,0.3476,0.978,0.9938,0.2742,0.9958,0.9962,0.9998,0.8576,0.8706,0.9986,0.9668,0.313,0.9546,0.9498,0.994,0.9368,0.9384,0.9838,0.9946,0.9508,0.9992,0.4038,0.9928,0.9986,0.994,0.9794,0.9446,0.9136,0.9766,0.9778,0.9532,0.97,0.8646,0.9894,0.9992,0.934,0.9786,0.9866,0.984,0.9896,0.9908,0.9262,0.9992,0.9904,0.9906,0.994,0.9986,0.9972,0.9998
C1336708,Testicular Germ Cell Tumor,0.3538,0.1456,0.9912,0.975,0.1278,0.9978,0.355,0.999,0.964,0.3522,0.9728,0.992,0.953,0.991,0.9562,0.1448,0.9992,0.996,0.1626,0.6768,0.9932,0.999,0.761,0.9976,0.2998,0.9978,0.9972,0.11,0.9886,0.9734,0.9964,0.6906,0.9718,0.9976,0.9934,0.3738,0.9842,0.9884,0.996,0.5946,0.9908,0.9776,0.9936,0.9716,0.9952,0.5628,0.956,0.9948,0.9794,0.9568,0.9862,0.9876,0.9828,0.979,0.9678,0.9842,0.5126,0.959,0.9866,0.9938,0.9794,0.9888,0.9842,0.9812,0.951,0.9294,0.9616,0.9722,0.963,0.962,0.9454,0.974,0
C0020619,Hypogonadism,0.9148,0.659,0.7922,0.947,0.666,0.5482,0.844,0.5098,0.5602,0.605,0.7226,0.7358,0.5748,0.8142,0,0.6078,0.624,0.3396,0.8992,0.8922,0.6178,0.4658,0.2766,0.4578,0.557,0.344,0.6096,0.5484,0.497,0.88,0.655,0.328,0.543,0.5494,0.5008,0.4798,0.5102,0.3466,0.5208,0.2188,0.3086,0.4502,0.6654,0.634,0.7104,0.3544,0.4766,0.52,0.687,0.2422,0.257,0.4352,0.424,0.4884,0.3018,0.702,0.1564,0,0,0.3754,0.531,0,0.2282,0.4572,0.601,0.278,0,0,0.4498,0,0,0,0
C0026650,Movement Disorders,0.525,0.3194,0.9706,0.8694,0.2526,0.928,0.2382,0.9084,0.8288,0.7022,0.7508,0.936,0.712,0.8388,0.9342,0.2348,0.9074,0.824,0.3074,0.4454,0.8922,0.938,0.4394,0.947,0.6094,0.8232,0.9484,0.2068,0.9386,0.828,0.9272,0.5556,0.8744,0.9592,0.907,0.7268,0.9138,0.6152,0.9384,0.8396,0.771,0.8472,0.9094,0.8972,0.949,0.6102,0.8304,0.9284,0.8938,0.5904,0.9458,0.9038,0.827,0.926,0.8096,0,0.7102,0.8334,0.9088,0.8252,0.8388,0.8214,0.8922,0.7544,0.7242,0.808,0.7824,0.9008,0.7158,0,0.8386,0,0
C1261473,Sarcoma,0.1684,0.0842,0.9724,0.9792,0.099,0.9942,0.6506,0.9898,0.9914,0.4804,0.994,0.99,0.9968,0.9876,0.993,0.0944,0.995,0.9976,0.1306,0.4036,0.9998,0.9984,0.9342,0.9966,0.3746,0.9998,0.9992,0.1018,0.999,0.9896,0.9982,0.7528,0.9992,0.9978,0.9982,0.3578,0.9924,0.9986,0.9992,0.8038,0.9988,0.9976,0.9966,0.9994,0.9982,0.5908,0.997,0.9996,0.9972,0.9826,0.997,0.9998,0.9992,0.9992,0.9946,0.9944,0.8408,0.998,0.996,0.9992,0.9998,0.9964,0.9992,0.998,0.9994,0.9972,0.9986,0.9946,0.9996,0.9962,0.9976,0.993,0.993
C0024232,Lymphatic Metastasis,0.1618,0.0676,0.999,0.9832,0.0808,0.9984,0.1936,0.9962,0.9874,0.9252,0.9744,0.992,0.9716,0.9814,0.9848,0.0888,0.9988,0.9962,0.1188,0.1362,0.9978,0.9972,0.6514,0.996,0.7416,0.9962,0.995,0.101,0.9996,0.9874,0.989,0.8354,0.9822,0.9948,0.9988,0.1284,0.9974,0.9858,0.9942,0.9028,0.994,0.9858,0.9906,0.9902,0.9922,0.628,0.9964,0.9982,0.9832,0.889,0.9874,0.9964,0.995,0.9908,0.9726,0.9768,0.9462,0.9816,0.9754,0.9968,0.9906,0.9884,0.9918,0.992,0.9704,0.992,0.987,0.974,0.985,0.976,0.9888,0.9684,0.974
C0020615,Hypoglycemia,0.3158,0.1722,0.9998,0.9482,0.1916,0.9972,0.3612,0.9984,0.9436,0.2812,0.939,0.9792,0.8996,0.9574,0.886,0.1924,0.999,0.9822,0.25,0.2116,0.9914,0.9948,0.8496,0.9968,0.4324,0.9808,0.9822,0.2164,0.9974,0.9548,0.9524,0.6382,0.9904,0.9812,0.9838,0.2444,0.9838,0.968,0.9762,0.652,0.975,0.971,0.9702,0.9716,0.971,0.4398,0.9474,0.9758,0.9572,0.916,0.957,0.986,0.972,0.9548,0.9316,0.9576,0.8514,0.9158,0.9442,0.9788,0.9706,0.9686,0.9674,0.9282,0.9388,0.9508,0.9158,0.934,0.935,0.9682,0.9292,0.9312,0.9158
C0002895,"Anemia, Sickle Cell",0.2262,0.0828,0.8488,0.823,0.0982,0.9294,0.5216,0.9504,0.9118,0.695,0.8784,0.9024,0.9774,0.8918,0.8998,0.0898,0.9016,0.9634,0.1048,0.5664,0.9842,0.9606,0.8762,0.9718,0.4242,0.9508,0.963,0.1182,0.9912,0.8844,0.919,0.979,0.985,0.9522,0.9418,0.4112,0.903,0.9832,0.9444,0.9774,0.9722,0.9636,0.945,0.9854,0.9292,0.757,0.9488,0.9616,0.94,0.982,0.8628,0.9584,0.8836,0.9416,0.9674,0.9348,0.9594,0.8918,0.9314,0.9738,0.9536,0.9432,0.9498,0.9538,0.9174,0.982,0.959,0.9018,0.9044,0.9084,0.9842,0.9218,0.924
C0238288,"Muscular Dystrophy, Facioscapulohumeral",0.445,0.2272,0.9168,0.9568,0.2324,0.954,0.0074,0.9064,0.9724,0.2608,0.8718,0.988,0.743,0.9732,0.7876,0.2234,0.9546,0.8814,0.3262,0.0168,0.8642,0.9272,0.0814,0.9002,0.318,0.4982,0.9272,0.1686,0.9848,0.9372,0.9584,0.1466,0.7004,0.9916,0.855,0.5372,0.9382,0.6716,0.9588,0.667,0.3236,0.8482,0.984,0.9136,0.9792,0.9492,0.6094,0.8362,0.9112,0.5356,0.9524,0.8902,0.5732,0.9342,0.4344,0.9138,0.9306,0.6732,0.8526,0.4804,0.8466,0.9544,0.6774,0.9158,0.9436,0.3296,0.6914,0.8608,0.7468,0.946,0.7428,0,0
C1527249,Colorectal Cancer,0.011,0.0106,0.5212,0.6298,0.0178,0.7906,0.1452,0.949,0.7756,0.0582,0.8432,0.9374,0.7676,0.859,0.82,0.0176,0.6914,0.9002,0.0182,0.0294,0.8522,0.9676,0.5796,0.962,0.0526,0.889,0.9616,0.0104,0.5782,0.7646,0.9592,0.6738,0.8004,0.9788,0.8372,0.0536,0.5792,0.7898,0.9406,0.3852,0.9382,0.7018,0.9178,0.8672,0.967,0.0938,0.8376,0.7698,0.8454,0.6496,0.822,0.5496,0.8928,0.8948,0.8614,0.8704,0.5158,0.907,0.7608,0.9508,0.8016,0.9156,0.6572,0.7122,0.766,0.832,0.8944,0.8618,0.772,0,0.8686,0.9276,0
C0004153,Atherosclerosis,0.5132,0.0788,1,1,0.1276,1,0.572,1,1,0.5812,1,1,1,0.9998,0.9998,0.1354,1,0.9992,0.2806,0.5718,1,1,0.5356,1,0.6418,1,1,0.1426,0.9998,1,1,0.5488,0.9998,1,0.9972,0.2544,0.9996,0.9998,1,0.7824,1,0.9994,1,1,1,0.441,1,1,1,0.9996,1,0.9998,1,1,0.9998,1,0.9328,0.999,1,1,1,0.9998,0.9984,1,1,1,1,0.9998,0.9998,1,0.9992,0.9992,0.9992
C0004096,Asthma,0.1028,0.014,0.9982,0.992,0.0546,0.996,0.0528,0.9966,0.9936,0.0762,0.9662,0.999,0.9388,0.9838,0.9814,0.0182,0.998,0.9724,0.031,0.0924,0.9842,0.9976,0.5144,0.9954,0.3076,0.986,0.9964,0.0242,0.9924,0.958,0.994,0.523,0.9914,0.999,0.9816,0.0452,0.9816,0.935,0.9888,0.873,0.9842,0.9838,0.9922,0.9192,0.9988,0.5058,0.9158,0.9766,0.9896,0.9494,0.9872,0.975,0.9172,0.9822,0.9458,0,0.8712,0.9924,0.9772,0.9554,0.9822,0.9778,0.9398,0.9864,0.9516,0.9708,0.9864,0.9882,0.905,0,0.9656,0,0
C0949658,"Cardiomyopathy, Hypertrophic, Familial",0.7274,0.5166,0.975,0.9184,0.4944,0.9506,0.1074,0.9816,0.9368,0.5292,0.8994,0.9692,0.798,0.932,0.8814,0.5518,0.9832,0.9556,0.6464,0.6268,0.9914,0.9702,0.5976,0.9826,0.9336,0.8944,0.9236,0.6142,0.989,0.9438,0.9282,0.2862,0.8378,0.9792,0.9824,0.848,0.9928,0.9502,0.9636,0.7304,0.7196,0.8938,0.9384,0.8694,0.941,0.6334,0.7974,0.8482,0.942,0.8176,0.9494,0.9836,0.8788,0.9216,0.7292,0.938,0.5278,0.8364,0.9142,0.8188,0.8648,0.9558,0.9744,0.9278,0.948,0.7048,0.844,0.901,0.8176,0,0.8724,0,0
C0037286,Skin Neoplasms,0.1662,0.0342,1,1,0.0566,1,0.057,1,1,0.338,1,1,1,1,1,0.053,1,1,0.0914,0.4418,1,1,0.656,1,0.4988,1,1,0.065,1,1,1,0.6926,1,1,1,0.2756,1,1,1,0.8562,1,1,1,1,1,0.7296,1,1,1,1,1,1,1,1,1,1,0.903,1,1,1,1,1,1,1,1,1,1,1,1,1,1,1,1
C0036572,Seizures,0.9348,0.8172,1,0.9992,0.858,0.9976,0.3148,0.9994,0.9238,0.5684,0.98,0.998,0.951,0.9918,0.9228,0.8426,0.9992,0.99,0.7468,0.7842,0.988,0.9838,0.3462,0.9932,0.5366,0.9122,0.9742,0.7858,0.9674,0.984,0.9914,0.5288,0.9382,0.9948,0.9906,0.3184,0.972,0.9494,0.9452,0.785,0.9074,0.9816,0.9894,0.8986,0.9962,0.2866,0.9486,0.9974,0.9646,0.8652,0.9008,0.9128,0.9148,0.9002,0.9738,0.957,0.5708,0.885,0.9408,0.9314,0.9552,0.9834,0.9496,0.9446,0.964,0.9636,0.941,0.9686,0.9218,0,0.9872,0,0
C0002395,Alzheimer's Disease,0,0,0.9908,0.8478,0,0.9952,0.0226,0.9996,0.9198,0,0.9972,0.9994,0.9492,0.9924,0.9878,0,0.988,0.9936,0,0,1,0.9998,0.8972,1,0,0.9666,1,0,0.9948,0.9832,0.9914,0.3064,0.999,1,0.923,0.0002,0.9146,0.966,0.9982,0.3284,0.995,0.9982,0.9994,0.998,0.9994,0.006,0.9626,0.9958,0.9988,0.9932,0.9558,0.907,0.9824,0.997,0.9878,0.997,0.6202,0.9968,0.995,0.9742,0.99,0.9976,0.8716,0.9534,0.997,0.9878,0.9936,0.9934,0.9904,0,0.993,0,0
C0567312,Menopause present (finding),0.0604,0.0498,0.8752,0.7282,0.0908,0.937,0.2066,0.88,0.5642,0.4904,0.5604,0.8874,0.6986,0.8016,0.8112,0.0956,0.8534,0.8064,0.131,0.2204,0.8468,0.939,0.1832,0.9168,0.4024,0.6154,0.841,0.1506,0.9306,0.5762,0.8542,0.892,0.7062,0.8884,0.7922,0.356,0.8416,0.618,0.9052,0.62,0.5936,0.667,0.8298,0.6838,0.76,0.6666,0.9134,0.7582,0.7666,0.4336,0.848,0.8452,0.702,0.6994,0.6776,0,0.9626,0.7536,0.8812,0.6436,0.7526,0.8784,0.788,0.7786,0.7496,0.758,0.7814,0.8542,0.8592,0,0.7834,0.9416,0
C0027672,"Neoplastic Syndromes, Hereditary",0.061,0.0038,1,1,0.0166,1,0.0528,1,1,0.4826,1,1,1,1,1,0.0116,1,1,0.033,0.3246,1,1,0.9206,1,0.2902,1,1,0.0308,1,1,1,0.9198,1,1,1,0.2462,1,1,1,0.9008,1,1,1,1,1,0.5434,1,1,1,1,1,1,1,1,1,1,0.998,1,1,1,1,1,1,1,1,1,1,1,1,1,1,1,1
C0017178,Gastrointestinal Diseases,0.7452,0.5872,0.9766,0.974,0.566,0.936,0.6604,0.914,0.7026,0.3588,0.905,0.9696,0.9354,0.8488,0.912,0.594,0.9562,0.925,0.5812,0.5514,0.9622,0.8798,0.626,0.857,0.4398,0.8592,0.9554,0.6356,0.9018,0.9628,0.931,0.8722,0.9426,0.9272,0.8954,0.5192,0.8762,0.895,0.8364,0.8376,0.8568,0.8726,0.8752,0.9298,0.9026,0.4158,0.9162,0.914,0.8834,0.6868,0.727,0.8826,0.8936,0.8798,0.892,0.8662,0.8528,0.938,0.962,0.8808,0.9398,0.9044,0.8876,0.7902,0.8392,0.9544,0.9274,0.865,0.9192,0.8886,0.94,0.8696,0.9028
C0268237,Cytochrome-c Oxidase Deficiency,0.1488,0.321,0.5298,0.2696,0.277,0.643,0.4438,0.6618,0.5224,0.7032,0.164,0.5194,0.2516,0,0,0.3328,0.5876,0.7086,0.3188,0.2964,0.4772,0.781,0.2126,0.7842,0.4026,0.1488,0.287,0.3912,0.8906,0.263,0.6058,0.1602,0.145,0.7142,0.6234,0.3648,0.5724,0.562,0.4244,0.1966,0.1628,0,0,0.1466,0,0.4482,0.1952,0.3608,0,0.6812,0.2586,0.6092,0.1498,0,0,0,0.7802,0,0,0,0,0,0.7848,0,0,0,0,0,0,0,0,0,0
C0035304,Retinal Degeneration,0.7498,0.5358,0.9874,0.9708,0.6454,0.9586,0.1316,0.9554,0.7704,0.4534,0.9184,0.9546,0.8822,0.9708,0.9846,0.5704,0.9842,0.8874,0.844,0.5076,0.9722,0.9408,0.1746,0.9518,0.4662,0.8576,0.9378,0.552,0.9408,0.9042,0.9706,0.4512,0.9608,0.9696,0.8896,0.6298,0.9122,0.899,0.9368,0.4452,0.7994,0.983,0.9704,0.915,0.9766,0.5472,0.8044,0.886,0.9832,0.7696,0.96,0.884,0.875,0.94,0.8286,0.9856,0.6834,0.9794,0.9832,0.746,0.94,0.896,0.795,0.9156,0.9306,0.7668,0.9668,0.987,0.9732,0,0.96,0.9668,0.9892
C0035309,Retinal Diseases,0.8034,0.3542,0.9992,0.9958,0.5122,0.9994,0.2112,0.9988,0.9978,0.9448,0.9676,0.9968,0.9722,0.9816,0.981,0.426,0.9992,0.9948,0.6426,0.7658,0.9922,0.998,0.364,0.998,0.9798,0.9416,0.9916,0.4492,0.9992,0.9856,0.9958,0.754,0.9128,0.9966,0.9772,0.9842,0.9994,0.9808,0.9952,0.928,0.9536,0.96,0.9952,0.9476,0.9914,0.9938,0.9826,0.994,0.9648,0.9628,0.9984,0.9964,0.9162,0.9848,0.9824,0.9652,0.9688,0.9426,0.9766,0.9418,0.9686,0.989,0.9964,0.992,0.9744,0.98,0.955,0.9594,0.9766,0.9898,0.971,0.9712,0.948
C0268583,Methylmalonic acidemia,0.1582,0.0928,0.9448,0.9388,0.099,0.9844,0.3542,0.9944,0.9,0.8724,0.9536,0.9872,0.8086,0.9734,0.9886,0.1126,0.9828,0.9274,0.135,0.415,0.9924,0.9944,0.9642,0.9958,0.6154,0.9428,0.9878,0.1292,0.9954,0.9498,0.9914,0.9976,0.9776,0.9928,0.9742,0.5078,0.9634,0.9242,0.9826,0.9814,0.8608,0.9706,0.988,0.9554,0.9922,0.7962,0.8574,0.9838,0.9854,0.9172,0.9532,0.9592,0.9412,0.9876,0.7496,0.9758,0.9646,0.9574,0.9872,0.9046,0.9758,0.9838,0.9514,0.9648,0.9772,0.9202,0.935,0.9758,0.954,0.9702,0.9148,0.9892,0.993
C0011616,Contact Dermatitis,0.5078,0.1196,0.9998,1,0.1802,1,0.1032,1,1,0.8544,1,1,0.9998,1,1,0.1618,1,0.9998,0.3458,0.5846,1,1,0.751,1,0.8098,1,1,0.254,1,1,1,0.9552,1,1,1,0.7526,1,1,1,0.9964,1,1,1,1,1,0.8578,1,1,1,1,0.9998,1,1,1,1,1,0.9766,1,1,1,0.9998,1,1,1,1,1,1,1,0.9994,0.9996,0.9998,1,0.9998
C0011615,"Dermatitis, Atopic",0.396,0.2904,0.9356,0.5154,0.4502,0.85,0.087,0.9264,0.8906,0.1706,0.4448,0.8856,0.5392,0,0,0.3934,0.9292,0.3608,0.4526,0.0068,0.3456,0.6974,0.0362,0.8208,0.1704,0.1646,0.81,0.4778,0.641,0.2802,0.8306,0.1312,0.5278,0.8584,0.5426,0.0646,0.8538,0.3492,0.7932,0.279,0.1388,0,0,0.1484,0,0.1154,0.2994,0.7066,0,0.4728,0.7402,0.4022,0.158,0.7638,0.2012,0,0.3594,0,0,0.1154,0,0,0.4084,0.6348,0,0.1996,0,0,0,0,0,0,0
C0010068,Coronary heart disease,0.0624,0.0374,0.8164,0.6034,0.0446,0.7686,0.5028,0.8296,0.4424,0.0366,0.7104,0.7674,0.7766,0.8936,0.8862,0.0478,0.6604,0.639,0.0718,0.1618,0.7052,0.885,0.4016,0.8694,0.0834,0.9006,0.8916,0.0436,0.6006,0.6598,0.7814,0.7654,0.8242,0.8616,0.5342,0.0978,0.474,0.5822,0.8122,0.772,0.8344,0.852,0.8646,0.7042,0.7188,0.0956,0.8846,0.8578,0.8808,0.3888,0.548,0.6008,0.8864,0.8544,0.805,0,0.4024,0.9144,0.8752,0.7612,0.8908,0,0.4998,0.83,0.911,0.775,0.8974,0,0.9394,0,0.8556,0,0
C0029456,Osteoporosis,0.024,0,1,0.9998,0.0004,1,0.0894,1,1,0.3242,1,1,1,1,1,0.0004,1,1,0.002,0.1498,1,1,0.9752,1,0.133,1,1,0.0006,1,1,1,0.9586,1,1,0.999,0.0792,1,1,1,0.971,1,1,1,0.9998,1,0.4278,1,1,1,1,1,0.9998,0.9998,1,1,1,0.982,0.9998,1,0.9992,1,1,1,1,1,0.9994,1,1,1,1,1,1,1
C0018800,Cardiomegaly,0.3394,0.15,1,1,0.2052,1,0.2676,1,1,0.5234,1,1,1,1,1,0.2086,1,1,0.2834,0.576,1,1,0.8208,1,0.5692,1,1,0.1938,1,1,1,0.8152,1,1,1,0.6548,1,1,1,0.9638,1,1,1,1,1,0.584,1,1,1,1,1,1,1,1,1,1,0.8722,1,1,1,1,1,1,1,1,1,1,1,1,1,1,1,1
C0018801,Heart failure,0.3296,0.1192,1,0.9998,0.3032,1,0.6216,1,0.9956,0.559,1,1,1,0.9988,0.9994,0.1914,1,1,0.4854,0.6242,1,1,0.7978,0.9994,0.6738,0.9998,1,0.264,0.9996,1,0.9994,0.8252,0.9998,0.9998,1,0.541,0.9998,0.9998,0.9996,0.8576,1,1,0.9994,1,1,0.7464,1,1,0.9992,0.999,0.9948,1,1,0.9982,0.9998,0.999,0.9512,0.9998,0.9994,1,0.9998,0.9998,1,0.9996,0.9942,0.9998,0.9994,0.9986,0.999,0,0.9996,0.9992,0.9994
C0677776,Hereditary Breast and Ovarian Cancer Syndrome,0.1714,0.0796,0.999,1,0.1222,1,0.1158,1,0.9996,0.781,1,1,0.9998,1,1,0.1116,1,1,0.133,0.3492,1,1,0.7578,1,0.6012,1,1,0.158,1,1,1,0.6804,1,1,1,0.453,1,1,1,0.9096,1,1,1,1,1,0.8304,1,1,1,0.9994,1,1,1,1,0.9998,1,0.9898,1,1,1,1,1,1,1,1,0.9994,1,1,1,1,0.9998,1,1
C1269683,Major Depressive Disorder,0.5282,0.5242,0.778,0.823,0.3128,0.6352,0.0142,0.4954,0.178,0.6216,0.4724,0.8064,0.5852,0.6678,0,0.322,0.7522,0.661,0.4284,0.8596,0.5348,0.4078,0.068,0.373,0.902,0.282,0.4104,0.4908,0.8504,0.6034,0.7914,0.1658,0.328,0.5176,0.4672,0.9054,0.431,0.1732,0.2646,0.6954,0.3182,0.5274,0.6234,0.3254,0,0.9102,0.7274,0.601,0.5548,0.2166,0.387,0.4222,0.3942,0.4748,0.5154,0,0.2264,0,0,0.4464,0.6512,0,0.186,0.5672,0.6346,0.4676,0,0,0,0,0,0,0
C0037274,Dermatologic disorders,0.5802,0.1018,0.9966,0.9986,0.1772,0.996,0.0314,0.9992,0.9716,0.3972,0.9994,0.9988,0.991,0.9986,0.9994,0.2124,0.999,0.9558,0.3612,0.2224,0.9974,0.9994,0.6978,0.9992,0.5314,0.996,0.9976,0.1866,0.9846,0.9996,0.9992,0.6944,1,0.9996,0.988,0.1558,0.999,0.9796,0.9918,0.7772,0.9824,0.9974,0.9988,0.9848,0.9994,0.6442,0.998,0.9932,0.9998,0.987,0.9836,0.9558,0.995,0.995,0.9806,0.9984,0.804,0.9992,0.998,0.9842,0.9914,0.9996,0.902,0.9998,0.9992,0.9798,0.9976,0.9992,0.999,0.9994,0.9996,0.9996,0.9958
C0349788,Arrhythmogenic Right Ventricular Dysplasia,0.1616,0.0676,0.9746,0.9064,0.0858,0.996,0.4406,0.9862,0.9938,0.6774,0.9908,0.9852,0.9864,0.9786,0.9602,0.0676,0.9926,0.9994,0.0868,0.5398,0.9932,0.9934,0.7174,0.9876,0.4676,0.998,0.989,0.0886,0.9974,0.9854,0.9918,0.9886,0.9954,0.9888,0.9986,0.5378,0.9948,0.9982,0.9972,0.9836,0.9974,0.9944,0.9906,0.997,0.9914,0.838,0.9916,0.9948,0.9926,0.9804,0.9914,0.9976,0.998,0.997,0.9916,0.9856,0.9478,0.9904,0.9806,0.9972,0.9964,0.991,0.9966,0.9916,0.9922,0.9888,0.9934,0.9806,0.9902,0.9884,0.9882,0.9762,0.9718
C0021368,Inflammation,0.8292,0.2616,1,1,0.3508,1,0.8852,1,0.9982,0.9112,0.9998,1,0.9994,0.9998,0.9998,0.3352,1,0.9998,0.615,0.99,1,1,0.8348,1,0.9976,1,0.9998,0.2872,1,0.9998,1,0.99,0.9998,1,0.9996,0.9398,0.999,0.9978,0.9998,0.9972,0.9996,0.9992,0.9994,0.9996,1,0.9646,0.9994,1,0.9994,0.996,0.9994,0.9986,0.9998,0.9996,0.9998,0.9998,0.9556,0.9996,1,0.9998,0.9998,0.9998,0.9962,0.9998,0.9994,0.9994,0.9996,0.9998,0.9996,0,0.9996,0.9976,0
C0011882,Diabetic Neuropathies,0.3334,0.1224,0.9902,0.9738,0.1368,0.9894,0.3134,0.9958,0.9566,0.6294,0.9896,0.9978,0.9578,0.997,0.9936,0.1374,0.992,0.9932,0.1928,0.1428,0.999,0.9962,0.9034,0.9966,0.5598,0.9826,0.9982,0.1284,0.9922,0.9596,0.997,0.8818,0.9996,0.998,0.9882,0.2014,0.9918,0.9938,0.9926,0.9314,0.979,0.9984,0.998,0.994,0.9988,0.6216,0.947,0.9908,0.9932,0.9626,0.9898,0.9702,0.9582,0.9962,0.9662,0.9984,0.7996,0.9968,0.997,0.9588,0.9916,0.9966,0.9868,0.988,0.9906,0.9444,0.9922,0.9964,0.9974,0.9954,0.9824,0.9974,0.993
C0021364,Male infertility,0.3728,0.1672,0.997,1,0.3342,0.999,0.0254,0.9996,0.9744,0.3798,0.9986,0.9994,0.9878,0.9992,0.9988,0.2588,0.9996,0.9942,0.464,0.3854,1,0.998,0.0944,0.9974,0.461,0.9904,0.9998,0.372,0.9996,0.9946,0.9986,0.317,0.9998,0.9994,0.998,0.2174,0.9812,0.9988,0.9978,0.4664,0.969,0.9998,0.9994,0.998,0.9982,0.1888,0.9978,0.9996,0.9998,0.996,0.9962,0.9988,0.9948,0.9996,0.9532,0.9996,0.8186,0.9998,0.9992,0.9924,0.9994,0.9998,0.9978,0.995,0.9958,0.995,0.9984,0.9994,0.9998,0.9998,1,0.9996,0.9998
C0042373,Vascular Diseases,0.4236,0.351,0.9824,0.945,0.3692,0.9548,0.397,0.9498,0.92,0.7888,0.9668,0.9792,0.9344,0.9334,0.946,0.3358,0.964,0.942,0.505,0.9446,0.9842,0.9536,0.699,0.942,0.818,0.9238,0.9896,0.3798,0.9758,0.9796,0.9766,0.8304,0.9742,0.9768,0.946,0.9536,0.9262,0.9502,0.9526,0.9042,0.9288,0.9662,0.9302,0.9636,0.9588,0.87,0.9512,0.973,0.9406,0.9412,0.955,0.9088,0.9128,0.9772,0.7952,0.9032,0.8434,0.9534,0.9668,0.9454,0.9492,0.931,0.884,0.963,0.9022,0.9124,0.9818,0.9068,0.9536,0.9542,0.972,0.9654,0.9606
C0021361,Female infertility,0.3746,0.1786,0.9998,0.9982,0.2076,0.9984,0.3908,0.9886,0.996,0.1558,0.9984,0.999,0.9914,0.999,0.997,0.2114,0.9956,0.9908,0.1616,0.7024,0.995,0.986,0.3774,0.983,0.2786,0.9904,0.9968,0.1374,0.9872,0.9986,0.9962,0.7316,0.998,0.9986,0.9936,0.225,0.9974,0.9934,0.9888,0.6308,0.9808,0.9918,0.9994,0.984,0.9992,0.2256,0.9896,0.9864,0.9962,0.995,0.9824,0.9914,0.9854,0.9924,0.9612,0.996,0.7092,0.9906,0.9986,0.9866,0.982,0.9998,0.9856,0.9854,0.9778,0.9776,0.9952,0.9882,0.994,0.9982,0.9966,0.999,0.9958
C0023418,leukemia,0.0842,0.042,1,1,0.0746,1,0.3052,1,1,0.8844,1,1,1,1,1,0.0616,1,1,0.0954,0.632,1,1,0.861,1,0.8444,1,1,0.0696,1,1,1,0.9944,1,1,1,0.497,1,1,1,0.9922,1,1,1,1,1,0.925,1,1,1,1,1,1,1,1,1,1,0.9988,1,1,1,1,1,1,1,1,1,1,1,1,1,1,1,1
C0009324,Ulcerative Colitis,0.115,0.0248,0.9974,0.9924,0.0552,0.9964,0.0432,0.9954,0.9236,0.078,0.975,0.9972,0.9346,0.9984,0.9776,0.0352,0.9874,0.9322,0.1532,0.1792,0.9964,0.9918,0.1784,0.9914,0.1406,0.9076,0.9858,0.082,0.988,0.9906,0.9942,0.1026,0.9374,0.997,0.8272,0.0204,0.9776,0.8764,0.958,0.4094,0.9338,0.9962,0.9886,0.978,0.9934,0.097,0.969,0.9804,0.9954,0.8848,0.9324,0.8662,0.9252,0.9546,0.938,0.995,0.5618,0.9732,0.9818,0.9296,0.9924,0.9934,0.882,0.9094,0.979,0.993,0.896,0.9944,0.9204,0,0.885,0,0
C0021400,Influenza,0.1664,0.0668,0.876,0.7994,0.131,0.8644,0.5298,0.7884,0.5812,0.8616,0.727,0.766,0.6,0.7404,0,0.073,0.8184,0.6994,0.1862,0.894,0.8176,0.7952,0.857,0.7664,0.7214,0.8502,0.804,0.1014,0.8824,0.7332,0.6816,0.803,0.8012,0.8372,0.7836,0.824,0.8354,0.8594,0.75,0.8512,0.675,0.7958,0.7746,0.8632,0.8218,0.9538,0.805,0.7358,0.8456,0.925,0.7114,0.868,0.928,0.8706,0.8094,0,0.9062,0,0,0.858,0.7258,0.8178,0.8178,0.855,0.741,0.8092,0,0,0.7098,0,0,0,0
C0027707,"Nephritis, Interstitial",0.6688,0.2808,0.96,0.9228,0.3032,0.8962,0.3896,0.921,0.7712,0.3786,0.9302,0.9348,0.8328,0.9394,0.8856,0.2922,0.9128,0.7546,0.3956,0.12,0.9198,0.904,0.7994,0.9194,0.4922,0.7634,0.909,0.2872,0.8924,0.9378,0.9172,0.9306,0.9534,0.9156,0.7896,0.1464,0.7758,0.6984,0.853,0.6652,0.7926,0.8708,0.8916,0.9608,0.9462,0.646,0.8078,0.8976,0.8356,0.6444,0.7788,0.7358,0.7464,0.8676,0.7604,0.816,0.698,0.8824,0.8942,0.7378,0.8534,0.9262,0.788,0.7734,0.717,0.7682,0.7972,0.8618,0.847,0,0.7518,0.8906,0.8614
C1527336,Sjogren's Syndrome,0.4094,0.3538,0.9888,0.9906,0.4212,0.991,0.6352,0.9758,0.9902,0.9298,0.9954,0.9954,0.9908,0.9882,0.991,0.4366,0.9872,0.997,0.5888,0.6432,0.9822,0.9862,0.5638,0.9742,0.8176,0.9962,0.9922,0.533,0.9942,0.995,0.9912,0.6796,0.9788,0.9866,0.9986,0.6962,0.9928,0.9922,0.9902,0.8412,0.992,0.991,0.9814,0.9946,0.9892,0.8718,0.9934,0.9968,0.993,0.9286,0.9838,0.9958,0.9964,0.9936,0.9746,0.9832,0.811,0.9838,0.9928,0.991,0.9968,0.9904,0.9908,0.9922,0.9936,0.9842,0.9858,0.9924,0.9908,0.9894,0.9846,0.969,0.9584
C0455806,Infant length,0.8612,0.852,0.7744,0.7786,0.9088,0.862,0.5798,0.8872,0.9138,0.5802,0.8636,0.8688,0.9246,0.9168,0.6492,0.9176,0.8124,0.656,0.7194,0.7466,0.4368,0.9414,0.0644,0.9028,0.5224,0.7076,0.7992,0.9478,0.7698,0.8456,0.8454,0.2186,0.501,0.8218,0.6874,0.6646,0.787,0.6222,0.941,0.717,0.7234,0.8232,0.867,0.5324,0.843,0.747,0.8488,0.8114,0.8332,0.9834,0.9148,0.5828,0.5212,0.898,0.8362,0,0.761,0.7102,0.7242,0.6676,0.8204,0.9476,0.872,0.8912,0.9134,0.7736,0.7278,0.7172,0.7026,0,0.6662,0,0
C0008074,"Child Development Disorders, Pervasive",0.1718,0.2022,0.7262,0.8582,0.2908,0.8392,0.5642,0.936,0.601,0.289,0.799,0.9164,0.5672,0.8866,0.858,0.308,0.7688,0.7984,0.209,0.8124,0.8504,0.804,0.5062,0.8154,0.545,0.5144,0.8788,0.4136,0.8376,0.8088,0.8714,0.9192,0.7898,0.9366,0.7134,0.7364,0.7342,0.542,0.7184,0.8658,0.499,0.7538,0.8216,0.8924,0.9268,0.7606,0.6952,0.7508,0.8102,0.53,0.6394,0.7742,0.4572,0.8292,0.5094,0.8558,0.8352,0.8308,0.8718,0.6458,0.7532,0.9178,0.6734,0.7886,0.8864,0.5726,0.8346,0,0.637,0,0.8346,0,0
C0038587,Substance Withdrawal Syndrome,0.9886,0.9836,1,0.9998,0.9152,0.9944,0.0676,0.9808,0.7364,0.4668,0.9418,0.995,0.7554,0.9784,0.967,0.9148,0.9816,0.8248,0.9574,0.378,0.9188,0.9182,0.0764,0.9372,0.5256,0.7688,0.9068,0.9126,0.8724,0.9774,0.9172,0.0456,0.7444,0.9528,0.7866,0.4036,0.782,0.593,0.802,0.042,0.6238,0.7356,0.957,0.8136,0.9736,0.4224,0.7664,0.8788,0.908,0.4474,0.803,0.641,0.7506,0.7912,0.6036,0,0.113,0.808,0.9418,0.6036,0.6738,0.8922,0.715,0.8498,0.6864,0.5628,0.891,0,0.68,0,0.937,0,0
C1955869,Malformations of Cortical Development,0.0854,0.0842,0.9822,0.9778,0.101,0.9956,0.2152,0.9992,0.9846,0.6376,0.999,0.9986,0.9858,0.9976,0.9916,0.0724,0.995,0.997,0.0726,0.3526,0.9994,0.9994,0.9032,0.9998,0.378,0.9998,0.9994,0.0804,0.9994,0.9976,0.9972,0.843,1,0.9994,0.9976,0.3674,0.9948,0.9986,0.9994,0.8716,0.9986,0.9998,0.9996,0.9998,0.9986,0.6022,0.9932,0.9994,0.9996,0.99,0.9962,0.9978,0.9988,0.9992,0.9848,0.9996,0.9132,0.9984,0.9982,0.9986,0.9996,0.9996,0.9924,0.9974,0.9988,0.9826,0.9974,0.9988,0.998,0.9994,0.991,0.9956,0.9932
C0002736,Amyotrophic Lateral Sclerosis,0.0128,0.0004,0.96,0.9978,0.0002,0.9968,0.6348,0.999,0.9956,0.2954,1,0.9968,0.9986,1,0.9978,0.0002,0.9992,0.9998,0.001,0.523,0.9994,0.9998,0.9834,0.9996,0.0846,0.9998,0.9988,0.0002,0.9998,1,0.9996,0.9814,1,1,0.999,0.0576,0.993,0.9994,0.9988,0.9224,1,1,0.9996,1,0.9994,0.1106,1,0.9994,1,0.9994,0.9986,0.9998,1,0.9998,1,0.9998,0.9956,0.9994,0.998,1,1,1,0.9996,0.9994,1,1,0.9998,1,1,1,0.9994,0.9992,0
C0008073,Developmental Disabilities,0.1792,0.0584,0.9566,0.9314,0.0774,0.9646,0.3998,0.9914,0.9914,0.1788,0.9768,0.9924,0.8852,0.9836,0.9508,0.1072,0.9428,0.9916,0.1122,0.3426,0.9964,0.9972,0.7942,0.997,0.1932,0.981,0.9972,0.1046,0.9832,0.9484,0.9906,0.539,0.985,0.9942,0.9874,0.1256,0.9962,0.997,0.9922,0.5632,0.938,0.9872,0.995,0.9398,0.994,0.3394,0.9516,0.9906,0.9732,0.9962,0.9936,0.9808,0.949,0.9946,0.8728,0.9856,0.7832,0.9258,0.9804,0.9502,0.9644,0.988,0.9868,0.9688,0.9964,0.9826,0.8726,0.9662,0.9372,0.9912,0.895,0.9294,0.9378
C0009952,Febrile Convulsions,0.9312,0.7368,0.9562,0.9988,0.8336,0.9042,0.0454,0.8512,0.715,0.1282,0.9696,0.9636,0.8916,0.9764,0.9678,0.7758,0.8892,0.702,0.964,0.0312,0.6142,0.7694,0.1722,0.778,0.1526,0.8076,0.9166,0.8826,0.7914,0.9718,0.942,0.0256,0.7294,0.9092,0.8144,0.0882,0.834,0.5736,0.6594,0.0808,0.777,0.8978,0.9138,0.8312,0.8238,0.1778,0.8514,0.9558,0.9618,0.5342,0.556,0.8354,0.8878,0.977,0.7466,0.8304,0.0568,0.9442,0.9548,0.8628,0.9552,0.8802,0.7924,0.9916,0.9292,0.7814,0.9192,0.963,0.9588,0,0.8862,0.9602,0.9166
C0008370,Cholestasis,0.0244,0.0022,0.553,0.847,0.0084,0.7434,0.0044,0.8778,0.8114,0.0122,0.9148,0.8168,0.7208,0.6644,0,0.0122,0.887,0.7416,0.0052,0.0024,0.9642,0.8846,0.0338,0.936,0.0316,0.8924,0.8752,0.0058,0.8426,0.949,0.6424,0.0412,0.903,0.8638,0.7742,0.022,0.9804,0.613,0.6892,0.121,0.8676,0.8846,0.8204,0.9134,0.8724,0.0328,0.7742,0.9298,0.842,0.5968,0.8816,0.8474,0.9814,0.6834,0.7634,0,0.3792,0,0,0.8614,0.8274,0.8616,0.5034,0.6792,0.8392,0.7784,0,0,0.8412,0,0,0,0
C0020542,Pulmonary Hypertension,0.3922,0.2366,0.9828,0.9212,0.3464,0.99,0.4734,0.96,0.9174,0.5126,0.875,0.9426,0.9622,0.8336,0.9674,0.2982,0.9952,0.99,0.463,0.6344,0.9586,0.9724,0.8582,0.962,0.3658,0.9566,0.9636,0.366,0.985,0.924,0.9448,0.5918,0.9074,0.9562,0.9876,0.2814,0.9584,0.9774,0.9372,0.9272,0.9572,0.9164,0.8858,0.949,0.967,0.5106,0.9528,0.9782,0.9122,0.9744,0.8644,0.9916,0.963,0.9388,0.9296,0.8546,0.979,0.9644,0.9708,0.9708,0.9448,0.9202,0.9564,0.9002,0.8714,0.925,0.9644,0.9274,0.902,0,0.9536,0.9532,0
C0238463,Papillary thyroid carcinoma,0.0508,0.01,0.995,0.997,0.011,1,0.184,1,0.9994,0.1684,1,1,0.9992,1,0.9998,0.0142,0.9998,1,0.0138,0.0754,1,1,0.9792,1,0.1022,1,1,0.013,1,1,1,0.9618,1,1,1,0.0986,0.9994,1,1,0.8228,0.9998,1,1,0.9998,1,0.2584,0.9994,1,1,0.9994,1,1,1,1,0.9974,1,0.946,1,1,0.9998,1,1,1,1,1,0.9998,1,1,1,1,1,1,0.9998
C0455988,"Hydrops Fetalis, Non-Immune",0.7034,0.4516,0.9474,0.9054,0.4688,0.9564,0.8288,0.9048,0.9408,0.8472,0.8862,0.8924,0.7448,0.9174,0.8176,0.4996,0.9252,0.8754,0.477,0.966,0.884,0.8866,0.5952,0.7888,0.8898,0.757,0.8996,0.6018,0.8728,0.9156,0.937,0.8662,0.852,0.8642,0.8806,0.9954,0.9032,0.786,0.7894,0.9208,0.6128,0.85,0.8844,0.9628,0.8646,0.994,0.6832,0.852,0.9438,0.9072,0.8792,0.865,0.7488,0.9268,0.5412,0.9206,0.7224,0.7774,0.8404,0.6478,0.8816,0.9376,0.9398,0.8126,0.9052,0.5328,0.9058,0.8826,0.8276,0,0.8206,0.8976,0
C0400966,Non-alcoholic Fatty Liver Disease,0.56,0.3488,1,0.9986,0.4262,0.9998,0.2324,0.9998,0.9938,0.8648,0.9712,0.9984,0.9976,0.8984,0.9426,0.4132,0.9998,0.9866,0.528,0.4696,0.99,0.9996,0.329,0.9998,0.8608,0.9382,0.9776,0.4926,0.9848,0.9864,0.986,0.4668,0.9064,0.995,0.9782,0.5842,0.991,0.991,0.9928,0.9194,0.9558,0.9236,0.964,0.932,0.9938,0.7398,0.9556,0.9934,0.901,0.9466,0.9798,0.983,0.9586,0.9704,0.9854,0.9304,0.7634,0.9284,0.9706,0.977,0.9434,0.9776,0.9796,0.9778,0.9006,0.9724,0.9364,0.88,0.9762,0,0.8616,0,0
C0009319,Colitis,0.2782,0.2742,0.9946,0.995,0.4626,0.9766,0.176,0.9594,0.8684,0.591,0.9198,0.9806,0.9758,0.9268,0.9646,0.4246,0.974,0.955,0.4886,0.4748,0.9694,0.9532,0.2822,0.9548,0.6066,0.925,0.9542,0.5118,0.9352,0.9724,0.965,0.5772,0.9562,0.9576,0.8992,0.3124,0.9406,0.9316,0.9456,0.8818,0.9484,0.924,0.9412,0.9484,0.9846,0.7344,0.9926,0.9694,0.9008,0.8922,0.8534,0.9204,0.9258,0.9208,0.9618,0.8984,0.7454,0.9488,0.9586,0.9116,0.9482,0.9358,0.92,0.9496,0.838,0.9716,0.9446,0.9184,0.9218,0,0.925,0,0
C0699790,Colon Carcinoma,0.0962,0.0208,0.9998,1,0.0472,1,0.1422,1,1,0.334,1,1,1,1,1,0.0396,1,1,0.1208,0.3618,1,1,0.6778,1,0.3196,1,1,0.0886,1,1,1,0.7584,1,1,1,0.305,1,1,1,0.8314,1,1,1,1,1,0.5362,1,1,1,0.9988,1,1,1,1,0.9998,1,0.8594,1,1,1,1,1,1,1,1,0.9996,1,1,1,1,1,1,1
C0020445,"Hypercholesterolemia, Familial",0.6842,0.5042,0.996,0.959,0.6016,0.975,0.6024,0.9906,0.8482,0.7562,0.9828,0.9898,0.9106,0.9672,0.9604,0.555,0.9604,0.954,0.7992,0.8728,0.977,0.9554,0.4104,0.9756,0.775,0.9752,0.9822,0.6426,0.9612,0.9712,0.9816,0.6358,0.947,0.98,0.923,0.8792,0.91,0.7268,0.8766,0.828,0.8876,0.9742,0.9784,0.892,0.9828,0.7526,0.9494,0.9222,0.971,0.7154,0.918,0.8798,0.8978,0.958,0.7548,0.9596,0.6986,0.9432,0.9728,0.8438,0.9322,0.972,0.8276,0.9254,0.9188,0.835,0.8866,0.9668,0.8858,0.923,0.8238,0.9566,0.9052
C0003123,Anorexia,0.8686,0.8532,0.9354,0.9854,0.77,0.8612,0.404,0.8644,0.9082,0.4642,0.793,0.8782,0.799,0.6534,0.6514,0.735,0.8678,0.6698,0.8258,0.837,0.7898,0.7428,0.4002,0.8326,0.5238,0.7802,0.7794,0.6908,0.712,0.771,0.8046,0.4074,0.6282,0.7668,0.677,0.8718,0.3376,0.5424,0.672,0.6498,0.5904,0.542,0.7684,0.662,0.8576,0.5098,0.8822,0.7666,0.7318,0.4,0.9554,0.5168,0.8912,0.7638,0.5512,0,0.3262,0.6644,0.7126,0.5656,0.7036,0,0.3894,0.7174,0.6018,0.5228,0.678,0,0.599,0,0.6974,0,0
C0149931,Migraine Disorders,0.183,0.007,0.5854,0.6916,0.0112,0.465,0.0496,0.489,0.5406,0.0048,0.6106,0.48,0.5736,0,0,0.0166,0.5196,0.4318,0.012,0.01,0.2942,0.5246,0.0364,0.4496,0.0108,0.6496,0.237,0.023,0.5852,0.5874,0.5496,0.0392,0.577,0.5158,0.3504,0.0102,0.6556,0.4676,0.4834,0.0658,0.4464,0,0,0.302,0,0.0414,0.736,0.3112,0,0.828,0.3486,0.2352,0.4864,0.3204,0.6386,0,0.1608,0,0,0.2722,0,0,0.5862,0.3324,0,0.5034,0,0,0,0,0,0,0
C0005695,Bladder Neoplasm,0.0272,0.0012,1,1,0.0098,1,0.0316,1,1,0.65,1,1,1,1,1,0.0064,1,1,0.0188,0.4052,1,1,0.8194,1,0.4442,1,1,0.0092,1,1,1,0.9816,1,1,1,0.4072,1,1,1,0.9926,1,1,1,1,1,0.591,1,1,1,1,1,1,1,1,1,1,0.981,1,1,1,1,1,1,1,1,1,1,1,1,1,1,1,1
C0018784,Sensorineural Hearing Loss (disorder),0.5306,0.219,0.8176,0.8364,0.2762,0.5716,0.1732,0.6574,0.7948,0.2686,0.8338,0.8234,0.5202,0.7568,0.7842,0.3018,0.7072,0.6018,0.3576,0.4992,0.638,0.5082,0.2658,0.5796,0.4718,0.6724,0.7124,0.3362,0.6856,0.826,0.8238,0.1366,0.8054,0.7118,0.615,0.5102,0.7874,0.6168,0.6636,0.479,0.8038,0.7836,0.7944,0.902,0.7894,0.7124,0.6928,0.77,0.8368,0.6274,0.7834,0.53,0.7362,0.6082,0.5616,0,0.7544,0.6742,0.8034,0.5938,0.8088,0.8274,0.6912,0.7732,0.7098,0.4808,0.706,0.8732,0.747,0,0,0,0
C0524620,Metabolic Syndrome X,0.5862,0.2226,0.9934,0.9638,0.3672,0.9964,0.3036,0.9978,0.9532,0.8874,0.9816,0.9948,0.9294,0.9688,0.9758,0.345,0.9998,0.99,0.4668,0.6498,0.998,0.9984,0.6212,0.9984,0.9758,0.9734,0.9962,0.5024,0.9976,0.9618,0.9962,0.693,0.9788,0.996,0.9978,0.7342,0.986,0.9604,0.9832,0.9898,0.9856,0.995,0.9872,0.9912,0.9908,0.915,0.9778,0.989,0.9806,0.9568,0.9566,0.9844,0.9908,0.9556,0.9676,0.9874,0.9402,0.991,0.9968,0.9884,0.985,0.981,0.9938,0.9816,0.9588,0.9804,0.9748,0.9848,0.9868,0,0.9882,0.9932,0.9908
C0018781,Noise-induced hearing loss,0,0,0,0,0,0,0,0,0,0,0,0,0,0,0,0,0,0,0,0,0,0,0,0,0,0,0,0,0,0,0,0,0,0,0,0,0,0,0,0,0,0,0,0,0,0,0,0,0,0,0,0,0,0,0,0,0,0,0,0,0,0,0,0,0,0,0,0,0,0,0,0,0
C0023467,"Leukemia, Myelocytic, Acute",0.0212,0.003,1,1,0.0032,1,0.0784,1,1,0.8348,1,1,1,1,1,0.0042,1,1,0.0048,0.5948,1,1,0.9928,1,0.2888,1,1,0.0074,1,1,1,0.9926,1,1,1,0.4302,1,1,1,0.998,1,1,1,1,1,0.942,1,1,1,1,1,1,1,1,1,1,1,1,1,1,1,1,1,1,1,1,1,1,1,1,1,1,1
C0376358,Malignant neoplasm of prostate,0.0076,0.0008,0.964,0.96,0.0004,0.9948,0.0826,0.9806,0.995,0.2098,0.9916,0.991,1,0.9978,1,0.0004,0.989,0.9988,0.0032,0.32,0.9944,0.993,0.1756,0.9792,0.1608,0.9992,0.9992,0.0004,0.9864,0.9798,0.9996,0.2448,0.9926,0.996,0.9998,0.3906,0.9944,0.9942,0.9966,0.514,1,0.9986,0.9986,0.9978,0.9996,0.3652,1,0.9992,0.9994,0.9956,0.9976,0.9904,0.9968,0.9998,0.9996,0.9996,0.8748,1,0.9988,0.996,1,0.9998,0.9984,0.9938,0.9994,0.9994,0.9996,0.9988,0.9996,0,0.9992,0.999,0
C1319853,"Asthma, Aspirin-Induced",0.9256,0.933,0.8772,0.9858,0.7606,0.3216,0.79,0.2296,0.3194,0.0482,0.6974,0.8034,0.71,0.7084,0,0.7858,0.2772,0.1828,0.8726,0.6354,0.4896,0.2732,0.4642,0.2434,0.0778,0.424,0.488,0.7522,0.154,0.8238,0.476,0.1392,0.6106,0.4068,0.1452,0.3148,0.1478,0.3316,0.2478,0.0504,0.4606,0.7644,0.588,0.4534,0,0.124,0.5576,0.4376,0.7466,0.4058,0.2784,0.1996,0.4176,0.3508,0.515,0,0.028,0,0,0.455,0.7568,0,0.362,0.4572,0.7104,0.5664,0,0,0.8144,0,0,0,0
C0265275,Jeune thoracic dystrophy,0.966,0.9244,0.8916,0.5586,0.9368,0.8182,0.4028,0.6652,0.51,0.628,0.3196,0.5712,0.4802,0,0,0.9736,0.7426,0.7436,0.8562,0.6952,0.5228,0.5438,0.0926,0.4666,0.542,0.4184,0.4056,0.9688,0.6174,0.4582,0.5458,0.367,0.2842,0.548,0.699,0.6694,0.566,0.446,0.542,0.463,0.3246,0,0,0.3254,0,0.387,0.4102,0.4052,0,0.3734,0.3904,0.4234,0.543,0.359,0.3248,0,0.2136,0,0,0.415,0,0,0.3272,0,0,0.33,0,0,0,0,0,0,0
C0007134,Renal Cell Carcinoma,0.002,0.0002,1,1,0.0004,1,0.1214,1,1,0.3062,1,1,1,1,1,0.0004,1,1,0.001,0.443,1,1,0.9956,1,0.2854,1,1,0.0004,1,1,1,0.9552,1,1,1,0.2316,1,1,1,0.9942,1,1,1,1,1,0.5538,1,1,1,1,1,1,1,1,1,1,1,1,1,1,1,1,1,1,1,1,1,1,1,1,1,1,1
C0007137,Squamous cell carcinoma,0.0062,0,1,1,0,1,0.0006,1,1,0.2086,1,1,1,1,1,0,1,1,0,0.0788,1,1,0.8634,1,0.1814,1,1,0,1,1,1,0.8676,1,1,1,0.045,1,1,1,0.9208,1,1,1,1,1,0.4524,1,1,1,1,1,1,1,1,1,1,0.9986,1,1,1,1,1,1,1,1,1,1,1,1,1,1,1,1
C0007131,Non-Small Cell Lung Carcinoma,0.0018,0,1,1,0,1,0.0288,1,1,0.0794,1,1,1,1,1,0,1,1,0,0.2274,1,1,0.9926,1,0.1226,1,1,0.0002,1,1,1,0.999,1,1,1,0.0496,1,1,1,0.96,1,1,1,1,1,0.3338,1,1,1,1,1,1,1,1,1,1,0.9884,1,1,1,1,1,1,1,1,1,1,1,1,1,1,1,1
C0677050,Manganese Poisoning,0.3232,0.1744,0.9998,0.9796,0.2396,1,0.0394,1,0.9934,0.4986,0.9984,1,0.8912,0.9992,0.9916,0.2318,1,0.9984,0.3516,0.1096,0.9978,1,0.2788,1,0.5846,0.9566,0.9986,0.255,1,0.9902,0.9998,0.5266,0.9234,0.9998,0.9972,0.232,0.999,0.9108,0.9992,0.7646,0.9048,0.9998,0.9998,0.974,0.9996,0.5794,0.9692,0.9624,0.9986,0.9738,0.9926,0.9872,0.9656,0.9944,0.8366,0.9996,0.9044,0.9728,0.9956,0.962,0.9834,0.9996,0.9472,0.9366,0.9972,0.89,0.928,0.9986,0.8986,0.9994,0.8,0.9906,0
C0242698,"Ventricular Dysfunction, Left",0.382,0.3762,0.9554,0.9994,0.445,0.9962,0.3898,0.9978,0.9982,0.412,0.9922,0.9982,0.9706,0.9928,0.9668,0.4392,0.9958,0.998,0.3244,0.3262,0.9966,0.999,0.5952,0.9986,0.5088,0.8908,0.9972,0.4218,0.9902,0.9874,0.9968,0.3724,0.9964,0.9994,0.9966,0.4668,0.9958,0.9914,0.9986,0.7526,0.9442,0.9968,0.9962,0.9488,0.9972,0.5034,0.9642,0.9982,0.9976,0.9904,0.9966,0.9558,0.9772,0.9994,0.9904,0.9976,0.7964,0.942,0.9914,0.981,0.9556,0.998,0.978,0.9988,0.9994,0.9844,0.9892,0.9934,0.9964,0.9984,0.9954,0.9398,0.9672
C0007138,"Carcinoma, Transitional Cell",0.1856,0.0374,1,1,0.027,1,0.1578,1,0.9992,0.5554,1,1,1,1,1,0.0306,1,1,0.0346,0.4432,1,1,0.8766,1,0.4932,1,1,0.0318,1,1,1,0.996,1,1,1,0.3438,1,1,1,0.9422,1,1,1,1,1,0.7972,1,1,1,0.9996,0.9996,1,1,1,0.9992,1,0.9558,1,1,1,1,1,1,1,1,0.9992,1,1,1,1,1,1,1
C0026691,Mucocutaneous Lymph Node Syndrome,0.675,0.4014,0.8628,0.4,0.5008,0.8138,0.1608,0.8094,0.5206,0.9582,0.683,0.933,0.6968,0.7404,0.6404,0.4916,0.739,0.7372,0.6394,0.694,0.9844,0.8248,0.1624,0.7802,0.9842,0.8712,0.9636,0.6106,0.7344,0.4666,0.7964,0.7192,0.9702,0.9666,0.6894,0.9142,0.5912,0.6066,0.7478,0.9446,0.7968,0.9654,0.9614,0.8088,0.912,0.9732,0.6756,0.953,0.811,0.4622,0.7602,0.6192,0.6824,0.7542,0.8426,0.9134,0.8644,0.7126,0.7638,0.7716,0.8594,0.8364,0.5084,0.6524,0.641,0.8112,0.7478,0.779,0.6352,0,0.7568,0,0
C0040336,Tobacco Use Disorder,0.7196,0.7532,0.5976,0.9374,0.5184,0.3984,0.6286,0.5042,0.9592,0.626,0.6406,0.529,0.621,0.6766,0.6378,0.7038,0.5036,0.6634,0.627,0.925,0.5602,0.6614,0.5908,0.6616,0.7532,0.6088,0.613,0.5996,0.4528,0.7532,0.5354,0.3108,0.6818,0.5998,0.3714,0.7164,0.5982,0.8954,0.6162,0.4076,0.6002,0.5948,0.608,0.6482,0.6744,0.3654,0.4054,0.4018,0.6622,0.9122,0.5108,0.5304,0.4004,0.5804,0.7288,0.6968,0.2232,0.6336,0.6514,0.4642,0.6472,0.704,0.9046,0.4226,0.6562,0.6108,0.6634,0,0.7026,0,0.756,0,0
C0033687,Proteinuria,0.5628,0.0338,0.9976,0.9984,0.0846,0.9988,0.256,0.9996,0.9102,0.546,0.9996,0.9992,0.9856,0.9984,0.9988,0.085,0.9994,0.9922,0.2998,0.5382,1,0.9998,0.7904,0.9998,0.6406,0.9966,0.9998,0.14,0.9996,0.9992,0.9962,0.5872,0.9998,0.999,0.9846,0.2694,0.9644,0.9962,0.999,0.9236,0.9956,0.9992,0.9992,0.9994,0.999,0.6564,0.9918,0.9952,1,0.9926,0.9928,0.9894,0.9946,0.9954,0.9844,0.9982,0.9464,0.9998,0.998,0.9946,0.9976,0.999,0.9894,0.9734,0.9988,0.9846,0.9974,0.9992,0.9956,0.9994,0.9784,1,0.9988
C0011881,Diabetic Nephropathy,0.1506,0.0102,0.9978,0.9962,0.0094,0.9992,0.298,0.9998,0.998,0.1264,0.9998,0.9998,0.9966,0.9964,1,0.0158,0.9998,0.9986,0.0286,0.303,0.9998,0.9998,0.9306,0.9998,0.167,0.9976,0.9994,0.0234,0.9994,1,0.9988,0.743,1,0.9998,0.9982,0.024,0.998,0.9984,0.9988,0.7998,0.9968,1,0.9988,0.9998,0.9984,0.254,0.9992,1,0.9958,0.9968,0.9996,0.9994,0.9998,0.9996,0.9964,1,0.7964,1,0.9992,0.9994,0.9996,0.9972,0.9992,1,0.9988,0.9982,1,0.9982,0.998,0.9982,0.9992,0.9994,1
C0007959,Charcot-Marie-Tooth Disease,0.019,0.0142,0.986,0.835,0.0152,0.9706,0.4948,0.9864,0.8536,0.1474,0.9346,0.8562,0.936,0.956,0.9514,0.015,0.977,0.946,0.011,0.1298,0.9916,0.9604,0.7722,0.9838,0.2336,0.9954,0.9592,0.0164,0.9988,0.8836,0.9436,0.8258,0.997,0.946,0.9652,0.181,0.9364,0.9892,0.9674,0.7628,0.9952,0.9928,0.9596,0.9782,0.9744,0.3706,0.9612,0.9724,0.9854,0.999,0.9556,0.9446,0.9458,0.9864,0.9922,0.9616,0.9106,0.9596,0.953,0.9822,0.994,0.9838,0.9832,0.9876,0.9922,0.9522,0.9736,0.9844,0.9912,0.9936,0.9622,0.9794,0.9742
C0029172,Oral Submucous Fibrosis,0.7272,0.3544,0.9874,0.9256,0.4318,0.9656,0.5814,0.9956,0.8282,0.5456,0.9104,0.976,0.9084,0.9686,0.9214,0.3542,0.9802,0.9118,0.8848,0.648,0.9716,0.9924,0.6348,0.9952,0.5302,0.9506,0.9918,0.3046,0.9498,0.9268,0.9668,0.7362,0.9524,0.9922,0.9152,0.3404,0.9448,0.7722,0.9624,0.6088,0.9206,0.9642,0.984,0.9496,0.9748,0.543,0.8878,0.932,0.9398,0.6986,0.931,0.8588,0.9504,0.943,0.8244,0.986,0.6396,0.894,0.9728,0.8956,0.9352,0.9818,0.7706,0.8588,0.903,0.8326,0.8902,0.9656,0.9338,0.9786,0.9338,0.9556,0.9438
C0001430,Adenoma,0.3004,0.1238,0.999,0.9904,0.1082,1,0.6352,0.9996,0.9914,0.6754,0.9914,0.993,0.961,0.9958,0.9784,0.1098,0.9992,0.9986,0.1902,0.561,0.9998,0.9996,0.7274,0.9994,0.3802,0.9804,0.99,0.1328,0.9996,0.976,0.9956,0.4698,0.9962,0.998,0.9982,0.2408,0.996,0.9974,0.9974,0.5902,0.95,0.994,0.9962,0.9828,0.9974,0.3162,0.9396,0.9822,0.9954,0.9924,0.999,0.9914,0.9622,0.9918,0.9822,0.9982,0.8068,0.9704,0.9938,0.9448,0.9712,0.9868,0.9802,0.9886,0.9936,0.987,0.9768,0.995,0.9876,0.9948,0.9924,0.9834,0.9838
C0027947,Neutropenia,0.432,0.4124,0.769,0.865,0.4476,0.8226,0.326,0.8608,0.5844,0.6434,0.6296,0.8852,0.4744,0.8236,0.732,0.3532,0.7976,0.6878,0.5008,0.5362,0.8918,0.8632,0.5736,0.8764,0.7808,0.6838,0.9102,0.3914,0.5498,0.7884,0.7716,0.4054,0.8864,0.8906,0.7896,0.7322,0.8442,0.6814,0.7484,0.374,0.524,0.8044,0.875,0.8198,0.8538,0.7278,0.6578,0.758,0.7668,0.4266,0.6474,0.5162,0.7196,0.7998,0.515,0.7964,0.2084,0.695,0.8348,0.5464,0.6944,0.8276,0.4552,0.7004,0.733,0.5174,0.7624,0.7428,0.6964,0,0.7954,0,0
C1843367,Poor school performance,0.2826,0.391,0.7892,0.9424,0.4564,0.8934,0.4546,0.926,0.8908,0.9346,0.9826,0.9392,0.9524,0.9732,0.9736,0.4384,0.8896,0.9528,0.5272,0.4378,0.9298,0.9594,0.742,0.9528,0.5168,0.9736,0.9874,0.5036,0.9708,0.9582,0.9518,0.861,0.9716,0.9638,0.9658,0.4382,0.941,0.9756,0.965,0.973,0.9224,0.991,0.983,0.9838,0.9794,0.8966,0.9622,0.9874,0.9916,0.9302,0.9484,0.9822,0.9938,0.9914,0.898,0.9884,0.894,0.9832,0.9776,0.9524,0.9842,0.9924,0.9834,0.9852,0.9924,0.9724,0.9658,0.9918,0.99,0.9866,0.96,0.9854,0.97
C0032273,Pneumoconiosis,0.9228,0.6396,0.8562,0.9918,0.738,0.9102,0.295,0.9066,0.7054,0.767,0.72,0.9352,0.6262,0.608,0.9084,0.6272,0.9396,0.597,0.9498,0.8952,0.3762,0.7304,0.1386,0.804,0.8756,0.3866,0.601,0.6576,0.5578,0.9148,0.851,0.3382,0.266,0.8606,0.723,0.7544,0.7826,0.3794,0.6282,0.5936,0.4264,0.3698,0.5426,0.363,0.917,0.7714,0.525,0.5836,0.4024,0.447,0.5176,0.554,0.5006,0.6602,0.4836,0,0.5456,0.691,0,0.5024,0,0,0.5044,0.4852,0,0.3924,0,0,0,0,0,0,0
C0007222,Cardiovascular Diseases,0.4602,0.2122,0.999,0.9834,0.336,0.998,0.4264,0.9966,0.899,0.784,0.9944,0.9982,0.9948,0.9772,0.9968,0.3048,0.9974,0.9564,0.4,0.7462,0.9944,0.9952,0.743,0.9956,0.862,0.9892,0.9982,0.4276,0.9922,0.994,0.996,0.8888,0.9912,0.998,0.9568,0.8376,0.9606,0.9426,0.9754,0.992,0.9972,0.9952,0.9934,0.9912,0.9988,0.792,0.9946,0.998,0.9874,0.8624,0.9366,0.9796,0.9692,0.977,0.9818,0.9812,0.923,0.9942,0.9964,0.9778,0.993,0.9948,0.9884,0.9218,0.9586,0.9826,0.998,0.988,0.9856,0,0.9944,0.9876,0.9944
C1561955,Fibrinogen Adverse Event,0.3004,0.2478,0.8866,0.7808,0.1984,0.7264,0.3628,0.6666,0.6892,0.878,0.5408,0.8016,0.6874,0.8306,0,0.1968,0.7396,0.7484,0.1914,0.6974,0.4864,0.6726,0.3162,0.6654,0.9152,0.8912,0.4672,0.2704,0.6738,0.6428,0.6702,0.698,0.6758,0.7266,0.493,0.8102,0.7764,0.543,0.4492,0.8778,0.7734,0.6706,0.8018,0.6978,0,0.916,0.6658,0.4696,0.7454,0.5156,0.6912,0.419,0.7958,0.5468,0.6962,0.7254,0.747,0,0,0.8108,0.768,0.7256,0.6638,0.7072,0.8256,0.7134,0,0,0.8606,0,0,0,0
C0011860,"Diabetes Mellitus, Non-Insulin-Dependent",0.08,0.0032,1,1,0.0112,1,0.0374,1,1,0.7466,1,1,1,1,1,0.0084,1,1,0.1158,0.2228,1,1,0.3258,1,0.759,1,1,0.009,1,1,1,0.9018,1,1,1,0.3836,1,1,1,0.9982,0.9998,1,1,1,1,0.8784,1,1,1,0.9998,1,1,1,1,0.9998,1,0.9932,1,1,1,1,1,1,1,1,1,1,1,1,1,1,1,1
C0040034,Thrombocytopenia,0.425,0.339,0.999,0.9984,0.4148,0.9934,0.2482,0.9884,0.9806,0.7622,0.999,0.9994,0.9934,0.9988,0.9988,0.4324,0.9944,0.998,0.4862,0.7916,0.9972,0.992,0.598,0.983,0.9178,0.9996,0.9978,0.4502,0.9956,0.9992,0.999,0.9278,0.9988,0.997,0.9908,0.883,0.9948,0.9918,0.9924,0.9262,0.999,0.9982,0.998,1,0.9994,0.9308,0.9964,0.9998,0.9994,0.9648,0.9868,0.9976,0.9994,0.9972,0.9962,0.9976,0.635,0.9964,0.9986,0.9992,0.9998,0.998,0.9932,0.9922,0.9974,0.9836,0.998,0.9982,0.9954,0.9978,0.9956,0.9986,0.997
C0036920,Sezary Syndrome,0.1516,0.0398,1,1,0.0638,1,0.1034,1,1,0.845,1,1,1,1,1,0.05,1,1,0.0968,0.3046,1,1,0.538,1,0.698,1,1,0.0694,1,1,1,0.8914,1,1,1,0.3386,1,1,1,0.9792,1,1,1,1,1,0.8124,1,1,1,1,1,1,1,1,1,1,0.996,1,1,1,1,1,1,1,1,1,1,1,1,1,1,1,1
C1112705,Nuclear non-senile cataract,0.797,0.8948,0.7894,0.733,0.8728,0.9024,0.936,0.762,0.7884,0.8746,0.8568,0.7922,0.8898,0.6498,0.8288,0.8174,0.9102,0.8956,0.865,0.9934,0.6422,0.7628,0.2644,0.7304,0.9506,0.7394,0.71,0.8402,0.7406,0.821,0.7748,0.612,0.7214,0.6946,0.8448,0.9928,0.7954,0.7072,0.695,0.6714,0.7112,0.6684,0.6936,0.8432,0.6794,0.967,0.9028,0.6472,0.6628,0.6584,0.6042,0.7148,0.7222,0.6846,0.7998,0.6694,0.6814,0.8006,0,0.6016,0.6958,0,0.6598,0.534,0.7362,0.618,0.7986,0,0.6618,0,0.7858,0,0
C0011884,Diabetic Retinopathy,0.2146,0.055,0.989,0.959,0.0844,0.9764,0.058,0.9938,0.7104,0.1552,0.9314,0.9464,0.8388,0.902,0.9062,0.06,0.963,0.879,0.128,0.1934,0.9818,0.9872,0.402,0.9912,0.4798,0.898,0.9856,0.0914,0.986,0.927,0.965,0.3252,0.9742,0.9856,0.8724,0.1644,0.8394,0.935,0.9608,0.417,0.946,0.9352,0.9722,0.9424,0.9822,0.366,0.9314,0.9042,0.9408,0.9034,0.8894,0.941,0.8546,0.956,0.8938,0.94,0.848,0.8706,0.9436,0.8662,0.9642,0.9708,0.9118,0.9582,0.8986,0.8286,0.8538,0.9472,0.937,0.9636,0.8824,0.9342,0.9394
C1384666,hearing impairment,0.241,0.1652,0.8956,0.9174,0.0774,0.9512,0.0514,0.9006,0.7824,0.0512,0.8668,0.9244,0.496,0.9206,0,0.072,0.9364,0.7498,0.2676,0.2914,0.7768,0.905,0.122,0.9012,0.1508,0.8834,0.9304,0.126,0.7656,0.897,0.7294,0.1488,0.8714,0.8726,0.6384,0.5462,0.611,0.676,0.881,0.345,0.8756,0.9304,0.9308,0.7388,0.811,0.3114,0.4154,0.7268,0.7914,0.949,0.7564,0.3302,0.6432,0.755,0.7528,0,0.4146,0,0,0.6818,0.9074,0.8996,0.5986,0.7612,0.8658,0.5118,0,0,0.845,0,0,0,0
C0033975,Psychotic Disorders,0.2234,0.026,0.9948,0.9,0.0648,0.9952,0.1384,0.9982,0.9748,0.3248,0.77,0.9874,0.7816,0.9596,0.864,0.062,0.9832,0.9794,0.128,0.0166,0.9722,0.9972,0.2688,0.9986,0.1332,0.7134,0.9884,0.1008,0.9864,0.6406,0.9898,0.2944,0.8306,0.9966,0.9592,0.022,0.9822,0.9138,0.9968,0.3114,0.6448,0.9068,0.9908,0.6472,0.9922,0.0226,0.7952,0.9374,0.9,0.8574,0.9936,0.9154,0.6572,0.9558,0.6736,0.9368,0.6438,0.7492,0.9316,0.6582,0.9172,0.9622,0.8978,0.9308,0.8624,0.8368,0.8044,0.9166,0.9242,0,0.8556,0.879,0
C0003469,Anxiety Disorders,0.8964,0.895,0.9996,0.9884,0.8772,0.9912,0.154,0.964,0.8846,0.9438,0.906,0.9908,0.9064,0.974,0.9804,0.8704,0.9768,0.8792,0.9052,0.9772,0.8952,0.9642,0.1228,0.957,0.9716,0.6508,0.975,0.8992,0.9826,0.9816,0.9802,0.5082,0.5536,0.9762,0.962,0.9688,0.9756,0.8184,0.9074,0.8118,0.7316,0.7794,0.9548,0.84,0.973,0.9764,0.9768,0.9664,0.9262,0.6416,0.8992,0.963,0.8226,0.961,0.6888,0,0.8536,0.8464,0.964,0.705,0.8284,0.889,0.9438,0.9074,0.6664,0.873,0.8556,0.9376,0.6546,0,0.9398,0,0
C1261502,Finding of Mean Corpuscular Hemoglobin,0.2788,0.2758,0.8038,0.747,0.2872,0.8146,0.8514,0.8606,0.9512,0.9046,0.8642,0.7792,0.936,0.8616,0.838,0.295,0.8776,0.9822,0.1926,0.9888,0.9386,0.8654,0.8914,0.879,0.9022,0.9802,0.9182,0.3632,0.98,0.8686,0.863,0.9978,0.8914,0.808,0.9658,0.9598,0.8682,0.9866,0.9416,0.9938,0.9446,0.9054,0.8752,0.944,0.8986,0.985,0.9538,0.9258,0.9484,0.9808,0.9572,0.9768,0.9924,0.9548,0.911,0.9158,0.9628,0.834,0.8474,0.9904,0.9282,0.9464,0.9852,0.9046,0.9842,0.9172,0.9212,0.8766,0.929,0.953,0.9232,0.862,0
C0022665,Kidney Neoplasm,0.1124,0.0214,0.9984,1,0.021,1,0.406,1,1,0.4932,1,1,0.9998,1,1,0.038,0.9998,1,0.0534,0.4438,1,1,0.5004,1,0.3092,1,1,0.0196,1,1,1,0.95,1,1,1,0.2638,1,1,1,0.8008,1,1,1,0.9998,1,0.3416,1,1,1,1,1,1,1,1,1,1,0.968,1,1,0.9998,1,1,1,1,1,0.9998,1,1,1,1,1,1,1
C0026603,Motion Sickness,0.1638,0.2542,0.1374,0.451,0.4398,0.2312,0.4646,0.404,0.342,0.2998,0.5246,0.434,0.4866,0.5306,0.6784,0.4314,0.1538,0.3934,0.4796,0.6194,0.5834,0.4314,0.6704,0.5694,0.2838,0.6208,0.5958,0.4318,0.327,0.4612,0.41,0.451,0.68,0.5562,0.2296,0.4844,0.3786,0.5668,0.4602,0.53,0.8638,0.5898,0.591,0.5264,0,0.3826,0.5642,0.5812,0.6322,0.6522,0.5278,0.412,0.7366,0.513,0.748,0,0.869,0.7468,0.7212,0.7234,0.7278,0,0.6544,0.479,0.658,0.725,0.7126,0.761,0.7456,0,0,0,0
C0024305,"Lymphoma, Non-Hodgkin",0.7416,0.6922,1,1,0.6074,0.9988,0.0408,0.9984,0.9786,0.5086,1,0.9998,0.9974,0.9986,0.9994,0.6778,0.9994,0.9998,0.7488,0.5406,0.9986,1,0.2212,0.9996,0.5852,0.9954,0.9992,0.7782,0.9998,1,0.9986,0.3832,0.993,0.9994,0.9986,0.712,0.9982,0.9744,0.9988,0.769,0.9866,0.9926,0.9978,0.995,0.9972,0.8,0.9996,0.9996,0.9982,0.95,0.9954,0.9996,0.9988,0.9976,0.9886,0.9958,0.7948,0.9996,0.9998,0.9886,0.9972,0.9962,0.9428,0.9948,0.9942,0.9846,0.9996,0.999,0.9972,0.9978,0.999,0.9992,0.9992
C0024301,"Lymphoma, Follicular",0.5506,0.1862,0.974,0.9894,0.258,0.9854,0.0274,0.998,0.949,0.3826,0.9964,0.991,0.9962,0.9862,0.9986,0.2492,0.9866,0.9026,0.4098,0.3446,0.9974,0.9804,0.278,0.991,0.2616,0.9968,0.9944,0.3038,0.9376,0.9992,0.9616,0.3832,0.9992,0.989,0.8798,0.2062,0.9274,0.9922,0.9912,0.6092,0.998,0.9918,0.9734,0.9844,0.9588,0.5638,0.9866,0.9844,0.9934,0.982,0.9956,0.9058,0.9658,0.9264,0.9942,0.9808,0.7496,0.9984,0.9982,0.9946,0.995,0.9902,0.7378,0.9514,0.9958,0.9964,0.9986,0.9878,0.9804,0.9948,0.9918,0.9994,0.9992
C0040028,"Thrombocythemia, Essential",0.5726,0.4782,0.9844,0.9718,0.4626,0.9826,0.2868,0.984,0.9054,0.8306,0.9622,0.9726,0.8894,0.9712,0.9514,0.4276,0.983,0.9608,0.6592,0.7672,0.9578,0.9714,0.4176,0.974,0.9254,0.933,0.9392,0.3722,0.9942,0.9744,0.9644,0.7656,0.9382,0.9668,0.935,0.9874,0.922,0.8168,0.9276,0.8904,0.8936,0.9604,0.972,0.9422,0.936,0.928,0.8402,0.8192,0.9226,0.7612,0.9732,0.9494,0.9002,0.905,0.8884,0.966,0.795,0.9386,0.9298,0.9114,0.9088,0.9656,0.9402,0.9188,0.9068,0.8918,0.941,0.9512,0.9236,0.9534,0.9544,0.9298,0.9228
C0003864,Arthritis,0.4328,0.2208,0.8674,0.8612,0.2486,0.9022,0.2692,0.943,0.8052,0.319,0.8414,0.8738,0.6978,0.8202,0.5686,0.2478,0.906,0.7546,0.3096,0.083,0.9024,0.9112,0.3992,0.9628,0.2158,0.8922,0.9084,0.2408,0.8746,0.8028,0.8546,0.5096,0.9476,0.8886,0.7762,0.057,0.745,0.7076,0.923,0.763,0.7602,0.9248,0.8612,0.8498,0.8802,0.1576,0.7552,0.8084,0.8422,0.6328,0.949,0.7774,0.7776,0.8892,0.6718,0.8874,0.962,0.6642,0.6614,0.8068,0.8636,0.8578,0.8156,0.847,0.7974,0.8236,0.6178,0.7332,0.7698,0.8158,0.5902,0,0
C0020649,Hypotension,0.9502,0.9376,0.9934,0.9632,0.964,0.991,0.4528,0.997,0.9284,0.879,0.8594,0.9722,0.8034,0.89,0.8744,0.953,0.9862,0.8894,0.9266,0.9518,0.985,0.9848,0.2094,0.99,0.9424,0.9062,0.964,0.8588,0.9614,0.9136,0.951,0.3014,0.9104,0.9782,0.9584,0.9618,0.9612,0.853,0.9678,0.481,0.8946,0.938,0.9438,0.9246,0.9824,0.8736,0.8842,0.9298,0.8992,0.787,0.8934,0.9522,0.8734,0.9196,0.959,0,0.5388,0.8858,0.9106,0.864,0.8994,0.9274,0.8804,0.8498,0.8644,0.9056,0.8552,0,0.8846,0,0.8622,0,0
C0035126,Reperfusion Injury,0.386,0.0544,1,1,0.0786,1,0.154,1,1,0.6822,1,1,1,1,1,0.0808,1,1,0.2374,0.8492,1,1,0.7578,1,0.903,1,1,0.1208,1,1,1,0.7328,1,1,1,0.77,1,1,1,0.9082,1,1,1,1,1,0.8266,1,1,1,1,1,1,1,1,1,1,0.9856,1,1,1,1,1,1,1,1,1,1,1,1,1,1,1,1
C0018843,Heat Stroke,0.23,0.0664,1,0.9998,0.1068,1,0.0536,1,1,0.3636,1,1,0.9984,1,1,0.0854,1,1,0.1694,0.031,1,1,0.3496,1,0.3118,0.9998,1,0.1066,1,1,1,0.4792,1,1,1,0.0742,1,1,1,0.6072,0.9994,1,1,0.9998,1,0.446,0.9996,1,1,0.9964,1,1,1,1,0.9924,1,0.8534,1,1,0.9998,1,1,1,1,1,0.999,0.9998,1,1,1,0.9996,1,1
C0018923,Hemangiosarcoma,0.153,0.0182,0.991,0.9996,0.0278,0.9972,0.2366,0.9994,0.9882,0.2216,0.9996,0.994,0.9994,0.999,0.998,0.0218,0.9958,0.9988,0.0332,0.0952,0.9998,0.9998,0.6664,0.9996,0.158,0.9998,0.9998,0.0182,0.9994,0.9992,0.9964,0.5168,1,0.9992,0.9964,0.0242,0.9958,0.9988,0.9984,0.612,1,0.9996,0.9982,0.9998,0.9994,0.1728,0.9988,0.9992,0.9994,0.9916,0.9976,0.9986,0.9996,0.9988,0.9988,0.9994,0.8992,0.9996,0.9994,0.9998,0.9998,0.9994,0.9986,0.9994,0.9996,0.9988,0.9996,0.9998,0.9998,0.9994,0.9988,0.9996,0.9988
C0013182,Drug Allergy,0.917,0.745,0.9968,0.9992,0.7812,0.9902,0.296,0.9886,0.8818,0.9178,0.9838,0.995,0.9922,0.983,0.9984,0.7304,0.9968,0.8622,0.7322,0.5596,0.89,0.9378,0.2076,0.9696,0.688,0.8468,0.9288,0.6132,0.955,0.992,0.9804,0.446,0.8658,0.9768,0.9266,0.7698,0.9064,0.6504,0.8948,0.6198,0.881,0.9094,0.9494,0.9236,0.985,0.8684,0.9944,0.982,0.9008,0.6636,0.7504,0.7344,0.9114,0.9216,0.8546,0.9162,0.842,0.9828,0.9902,0.9308,0.8738,0.9452,0.6792,0.9132,0.883,0.9318,0.9776,0.9516,0.9292,0,0.979,0,0
C1840235,SOLITARY MEDIAN MAXILLARY CENTRAL INCISOR,0.9206,0.8618,0.838,0.9562,0.849,0.723,0.4646,0.6934,0.7212,0.2794,0.87,0.7792,0.839,0.7814,0.8846,0.8756,0.7146,0.4742,0.7724,0.3844,0.3936,0.6416,0.3958,0.6566,0.5606,0.731,0.7878,0.6984,0.4666,0.94,0.7636,0.5564,0.7974,0.734,0.5014,0.5094,0.747,0.6904,0.5306,0.48,0.6074,0.7792,0.6344,0.746,0.5968,0.3092,0.871,0.6882,0.8194,0.7688,0.6292,0.583,0.7836,0.6974,0.6004,0.8712,0.2912,0.9322,0.828,0.5914,0.7722,0.6624,0.6534,0.7568,0.7856,0.5242,0.8972,0.8324,0.8424,0,0.7062,0.8548,0
C0025149,Medulloblastoma,0.0918,0.0256,0.99,0.9986,0.0486,0.9998,0.545,0.9998,0.9998,0.704,1,1,1,0.9996,1,0.0462,0.9998,1,0.092,0.7342,1,1,0.9294,1,0.7064,1,1,0.0686,1,1,1,0.9664,1,1,1,0.5626,1,1,0.9998,0.9842,1,1,1,1,1,0.9088,1,1,1,1,0.9998,1,1,1,1,1,0.989,1,1,1,1,1,1,1,1,1,1,1,1,1,1,1,1
C0008924,Cleft Lip,0.8612,0.406,0.991,0.9932,0.557,0.966,0.0254,0.9872,0.9922,0.0118,0.9792,0.9886,0.9842,0.9498,0.9796,0.5546,0.9894,0.8716,0.818,0.02,0.8862,0.9506,0.1502,0.9552,0.257,0.9424,0.986,0.4898,0.9316,0.9808,0.9786,0.3338,0.9664,0.9756,0.8834,0.02,0.9948,0.908,0.9482,0.2068,0.9548,0.866,0.9214,0.9694,0.9854,0.233,0.9908,0.98,0.667,0.9892,0.996,0.9048,0.936,0.9532,0.9704,0.7414,0.4848,0.9898,0.9972,0.946,0.8324,0.7582,0.9018,0.9894,0.9072,0.939,0.9902,0.9474,0.9842,0,0.9894,0.9784,0.986
C0008925,Cleft Palate,0.3232,0.0594,0.9988,0.9956,0.0936,0.9978,0.1638,0.9998,0.9972,0.1084,0.9998,0.9994,0.994,0.9994,0.9968,0.0862,0.9996,0.9954,0.1606,0.0356,1,0.9998,0.849,0.9998,0.1438,1,0.9998,0.1406,0.9998,0.9954,0.999,0.6562,1,0.9998,0.9924,0.0228,0.9978,0.9978,0.9996,0.8028,0.9972,1,0.9998,0.9998,1,0.2372,0.9968,1,1,0.9906,0.9996,0.99,0.9952,0.9996,0.9954,1,0.8868,0.9988,0.9996,0.9986,1,1,0.9936,0.9994,0.9994,0.9954,0.9998,0.9992,0.9992,0.9994,0.9948,0.9994,0.9976
C0151786,Muscle Weakness,0.5978,0.1364,0.982,0.9292,0.1874,0.9952,0.7978,0.9884,0.9608,0.326,0.9868,0.9584,0.8334,0.973,0.9766,0.1834,0.9848,0.9694,0.1918,0.6586,0.9884,0.9926,0.9086,0.9944,0.2158,0.989,0.9856,0.1812,0.9578,0.9584,0.9406,0.7534,0.98,0.9846,0.9894,0.4014,0.9618,0.9658,0.9808,0.6136,0.8948,0.9734,0.9818,0.8884,0.9798,0.3996,0.85,0.9384,0.9894,0.9136,0.9196,0.919,0.9906,0.941,0.7894,0.9756,0.3336,0.9564,0.961,0.8504,0.9716,0.9932,0.8216,0.847,0.9772,0.9618,0.9236,0.9836,0.8564,0,0.9304,0,0
C0027643,"Neoplasm Recurrence, Local",0.033,0.0048,1,1,0.0096,1,0.031,1,1,0.0428,0.9978,1,0.9976,1,0.997,0.0032,1,1,0.0168,0.0372,1,1,0.1954,1,0.0482,0.9978,1,0.005,0.999,0.9916,1,0.3716,1,1,1,0.014,0.9998,1,1,0.4026,0.998,0.9998,0.9998,0.9988,1,0.1638,0.9986,1,0.9998,0.9936,1,1,1,1,0.9972,0.9982,0.608,0.998,1,0.9976,0.9998,0.9994,0.9996,0.9996,1,0.9996,0.996,0.9992,0.9994,1,0.9974,0.999,1
C0004114,Astrocytoma,0.1468,0.0494,1,1,0.08,1,0.0396,1,1,0.1394,1,1,1,1,1,0.0722,1,1,0.1206,0.0856,1,1,0.7296,1,0.1514,1,1,0.0918,1,1,1,0.5788,1,1,1,0.0822,1,1,1,0.6588,1,1,1,1,1,0.1748,1,1,1,0.999,1,1,1,1,0.9988,1,0.8918,1,1,1,1,1,1,1,1,0.9998,1,1,1,1,1,1,1
C1260899,"Anemia, Diamond-Blackfan",0.0894,0.0484,1,1,0.0802,1,0.0086,1,1,0.6646,1,1,1,1,1,0.0456,1,1,0.1078,0.0078,1,1,0.4098,1,0.4274,1,1,0.023,1,1,1,0.3058,1,1,1,0.0444,1,1,1,0.6398,1,1,1,1,1,0.173,1,1,1,0.9998,1,1,1,1,1,1,0.9658,1,1,1,1,1,1,1,1,1,1,1,1,1,1,1,1
C1565489,Renal Insufficiency,0.5406,0.5094,0.7392,0.8092,0.6282,0.6466,0.7974,0.7784,0.6298,0.9086,0.861,0.7294,0.713,0.767,0.5596,0.586,0.6754,0.752,0.6846,0.965,0.7378,0.7636,0.5258,0.7638,0.9468,0.7898,0.7098,0.6158,0.673,0.8682,0.6802,0.666,0.8064,0.742,0.706,0.913,0.7702,0.7556,0.7086,0.9208,0.786,0.8186,0.7304,0.8034,0.7718,0.9628,0.817,0.6652,0.7548,0.723,0.7114,0.8264,0.8474,0.7406,0.6896,0.7314,0.6204,0.5948,0.6104,0.7862,0.7822,0.774,0.7722,0.7118,0.7106,0.7716,0.639,0.6492,0.8222,0,0.6776,0,0
C0025286,Meningioma,0.2646,0.1724,0.9776,0.989,0.1708,0.988,0.4994,0.9938,0.9682,0.361,0.9856,0.992,0.885,0.9874,0.9526,0.1968,0.9832,0.9812,0.2014,0.495,0.9952,0.9922,0.5418,0.993,0.4938,0.9674,0.9786,0.2338,0.9886,0.9718,0.9742,0.8454,0.9778,0.9836,0.982,0.2222,0.988,0.9956,0.9816,0.6148,0.8682,0.9922,0.9874,0.9942,0.9858,0.4562,0.9452,0.9226,0.9946,0.998,0.9822,0.9878,0.993,0.9824,0.7856,0.991,0.79,0.9728,0.9816,0.9416,0.9768,0.9942,0.989,0.9568,0.9958,0.7758,0.9506,0.9816,0.964,0.9948,0.9006,0.9724,0.9288
C0006625,Cachexia,0.2278,0.0634,0.885,0.936,0.0912,0.9206,0.5792,0.927,0.7584,0.4052,0.9562,0.9156,0.9488,0.908,0.934,0.089,0.9004,0.8134,0.1312,0.5374,0.952,0.9,0.8264,0.9298,0.4696,0.967,0.9324,0.122,0.8844,0.9602,0.8784,0.6688,0.9766,0.8926,0.8478,0.201,0.849,0.8082,0.781,0.746,0.9446,0.9372,0.8664,0.9732,0.9312,0.4662,0.9668,0.918,0.8608,0.8224,0.66,0.8858,0.9516,0.8336,0.924,0.8796,0.742,0.937,0.8558,0.9318,0.889,0.8496,0.8894,0.8372,0.847,0.886,0.8542,0.8322,0.8122,0.859,0.8548,0.9352,0.795
C0035229,Respiratory Insufficiency,0.391,0.6898,0.915,0.9642,0.3156,0.9262,0.3432,0.823,0.7654,0.6698,0.9936,0.9394,0.9466,0.994,0.9508,0.3972,0.8724,0.921,0.255,0.769,0.8034,0.8476,0.9236,0.8286,0.4692,0.8376,0.7646,0.3504,0.8564,0.9902,0.6148,0.6752,0.7788,0.6286,0.8954,0.7502,0.893,0.809,0.7746,0.6882,0.806,0.9376,0.8802,0.8884,0.6136,0.4394,0.912,0.7148,0.964,0.8456,0.7256,0.6808,0.8774,0.5204,0.8516,0.982,0.5858,0.9618,0.8808,0.7894,0.9602,0,0.6618,0.637,0.7198,0.8162,0.9388,0.979,0.9282,0,0.8746,0,0
C0035228,Respiratory Hypersensitivity,0.7958,0.6052,1,0.9964,0.7098,0.9896,0.0906,0.9952,0.9966,0.1264,0.6832,0.9806,0.8774,0.784,0.8684,0.6806,0.994,0.8082,0.8266,0.0416,0.7264,0.9222,0.1992,0.9828,0.3304,0.7264,0.8078,0.6688,0.9232,0.787,0.8776,0.3036,0.7438,0.928,0.847,0.124,0.9852,0.7984,0.958,0.3504,0.748,0.8234,0.811,0.8776,0.9546,0.2628,0.848,0.8784,0.6496,0.9212,0.984,0.9202,0.8814,0.8396,0.8104,0,0.4884,0.7308,0.8634,0.8546,0.7648,0.7084,0.935,0.9802,0.7748,0.9314,0.7388,0.6898,0.82,0,0,0,0
C2931822,Nasopharyngeal carcinoma,0.1036,0.0288,0.999,0.9986,0.0406,1,0.1402,1,0.9986,0.5114,1,1,0.9996,1,0.9998,0.0438,0.9996,1,0.0732,0.3072,1,1,0.889,1,0.313,1,1,0.0344,1,0.9994,1,0.783,1,1,1,0.184,0.9998,0.9998,1,0.7692,1,1,1,0.9998,1,0.5038,0.9994,1,1,0.996,0.9996,1,1,1,0.9996,1,0.9682,1,1,0.9992,1,1,1,0.9998,1,0.999,1,1,0.9998,1,0.9996,1,0.9998
C0020429,Hyperalgesia,0.8978,0.2544,0.9936,0.9832,0.5478,0.9748,0.141,0.9856,0.8756,0.5834,0.8794,0.9838,0.9716,0.9612,0.9534,0.498,0.9938,0.8472,0.701,0.3352,0.9866,0.9814,0.305,0.973,0.725,0.8784,0.9814,0.2906,0.9766,0.9736,0.9858,0.4536,0.9356,0.9956,0.9338,0.1196,0.9172,0.812,0.982,0.6326,0.8454,0.9714,0.9704,0.978,0.9982,0.4262,0.9474,0.993,0.954,0.8638,0.9138,0.8978,0.986,0.9434,0.8396,0.948,0.7568,0.8572,0.9642,0.9022,0.95,0.9794,0.9192,0.866,0.897,0.8788,0.9428,0.94,0.8856,0,0.9816,0,0
C0339527,Leber Congenital Amaurosis,0.5694,0.3896,0.8288,0.7294,0.5398,0.8512,0.2786,0.7898,0.5708,0.7216,0.6286,0.7742,0.6934,0.6262,0.7696,0.556,0.8306,0.809,0.5832,0.4458,0.8304,0.7998,0.5294,0.717,0.7572,0.7238,0.6878,0.5622,0.8872,0.568,0.816,0.3292,0.6648,0.748,0.7104,0.468,0.5638,0.8188,0.6748,0.7914,0.7898,0.4968,0.592,0.5278,0.866,0.7214,0.6038,0.7088,0.5794,0.7336,0.4108,0.6542,0.7554,0.5654,0.706,0,0.6164,0.6474,0.7862,0.645,0.6864,0,0.7268,0.577,0.505,0.7696,0,0,0.6238,0,0,0,0
C1720824,Sudden Cardiac Arrest,0.7634,0.3282,0.6292,0.8602,0.1482,0.6326,0.575,0.6376,0.5126,0.2172,0.7326,0.7514,0.7446,0.8996,0.8418,0.2182,0.6056,0.843,0.1246,0.826,0.8158,0.7668,0.4442,0.6836,0.228,0.8278,0.8328,0.1162,0.7682,0.7556,0.7502,0.3026,0.959,0.7052,0.7628,0.518,0.5958,0.7734,0.7102,0.5524,0.7786,0.9316,0.891,0.9414,0,0.2392,0.6864,0.804,0.9464,0.66,0.7428,0.6712,0.8658,0.7202,0.5884,0.9388,0.3238,0.8576,0.8702,0.7938,0.9328,0.8564,0.7318,0.7998,0.8322,0.7054,0.7918,0.9118,0.864,0,0.7906,0.9108,0
C3714756,Intellectual Disability,0.3518,0.0776,1,1,0.1662,1,0.3708,1,1,0.9682,1,1,1,1,1,0.1672,1,1,0.436,0.7622,1,1,0.8576,1,0.6396,1,1,0.3106,1,1,1,0.9824,1,1,1,0.8466,1,1,1,0.9944,0.9996,1,1,1,1,0.8852,1,1,1,1,1,1,1,1,1,1,1,1,1,1,1,1,1,1,1,1,0.9998,1,1,1,1,1,1
C0018213,Graves Disease,0.0006,0.0014,0.2024,0.4214,0.0008,0.2762,0.0158,0.4112,0.3904,0.0848,0.5006,0.5672,0.6232,0.6024,0,0.0012,0.2036,0.3112,0.0014,0.0386,0.3764,0.576,0.0392,0.5582,0.0478,0.4108,0.3668,0.0006,0.4134,0.4168,0.559,0.0088,0.2768,0.6664,0.3946,0.0248,0.3572,0.5292,0.569,0.2142,0.3514,0.6444,0.632,0.5304,0,0.1312,0.4572,0.429,0.7412,0.4412,0.6126,0.617,0.4306,0.4642,0.6336,0,0.2788,0,0,0.33,0.6388,0,0.5286,0.3038,0.773,0.2704,0,0,0.6266,0,0,0,0
C0235032,Neurotoxicity Syndromes,0.6138,0.2978,0.9952,0.9982,0.561,0.9936,0.0734,0.9832,0.977,0.191,0.9452,0.9908,0.9596,0.9766,0.9882,0.4168,0.9936,0.9918,0.8218,0.5226,0.982,0.9858,0.4162,0.9918,0.4052,0.9618,0.9846,0.407,0.9806,0.9804,0.9854,0.5122,0.9658,0.9894,0.977,0.2652,0.99,0.9796,0.9892,0.6324,0.9684,0.974,0.986,0.977,0.9814,0.3026,0.9828,0.9916,0.9608,0.9082,0.9744,0.9718,0.9426,0.9746,0.962,0.9814,0.647,0.9432,0.9892,0.9706,0.9678,0.965,0.9354,0.9886,0.98,0.9398,0.9624,0.9872,0.9898,0.9746,0.9672,0.9762,0
C3495498,"Cardiomyopathy, Familial Hypertrophic, 1 (disorder)",0.5294,0.3704,0.8894,0.7978,0.46,0.8704,0.5642,0.8912,0.8404,0.9796,0.863,0.8756,0.6726,0.8538,0.8024,0.454,0.9194,0.8884,0.581,0.9158,0.8794,0.8668,0.6766,0.8736,0.9892,0.7966,0.8804,0.5496,0.9236,0.9,0.8316,0.9678,0.7782,0.8648,0.95,0.9494,0.9586,0.8668,0.887,0.9948,0.6398,0.8494,0.867,0.9074,0.803,0.9914,0.7564,0.7632,0.8552,0.7406,0.8476,0.9562,0.8778,0.8684,0.606,0.8816,0.8194,0.7658,0.8494,0.7696,0.7844,0.8582,0.9218,0.8402,0.8572,0.5926,0.713,0.8002,0.7036,0.8668,0.6922,0,0
C0004238,Atrial Fibrillation,0.5564,0.5984,0.968,0.9814,0.4522,0.9798,0.8486,0.9796,0.9282,0.9036,0.9852,0.976,0.9824,0.9528,0.9634,0.4634,0.988,0.9912,0.6092,0.9826,0.9336,0.9842,0.7594,0.9758,0.9728,0.9548,0.9846,0.5362,0.973,0.9834,0.9892,0.7322,0.9578,0.9916,0.9908,0.9848,0.9578,0.9336,0.9756,0.9352,0.9392,0.9508,0.976,0.962,0.9718,0.9804,0.9786,0.9814,0.968,0.851,0.9216,0.9694,0.9642,0.965,0.9536,0.9598,0.731,0.9768,0.964,0.9694,0.9376,0.9746,0.8786,0.9614,0.9254,0.9408,0.9878,0.9416,0.9656,0,0.977,0.9584,0.9526
C0019189,"Hepatitis, Chronic",0.223,0.097,0.9966,0.999,0.1372,0.9994,0.3368,0.9988,0.9968,0.8644,0.9994,0.9998,0.9986,0.9996,1,0.1256,0.9994,1,0.1576,0.7842,1,1,0.7918,0.9996,0.9108,0.9972,1,0.1598,0.9998,0.9994,1,0.9546,0.9996,1,1,0.9026,0.9944,0.999,0.9994,0.9336,0.998,0.9996,0.9998,0.9994,1,0.9912,0.9966,1,0.9986,0.996,0.999,0.9978,0.9968,0.9996,0.9922,0.9994,0.9448,1,1,0.996,0.9978,0.9992,0.9984,0.996,0.9988,0.9984,1,1,0.9988,0.9984,0.9998,1,0.9998
C0004943,Behcet Syndrome,0.766,0.3306,0.9866,0.9944,0.4672,0.9784,0.0614,0.9868,0.9092,0.936,0.9944,0.9968,0.9802,0.9998,0.9848,0.3986,0.9808,0.9682,0.6832,0.5648,0.9906,0.988,0.0976,0.9816,0.9838,0.977,0.9798,0.5152,0.9884,0.994,0.9872,0.4618,0.876,0.9904,0.9764,0.5786,0.9406,0.9454,0.9624,0.8332,0.9362,0.9712,0.9926,0.9624,0.9968,0.8686,0.984,0.996,0.9744,0.9022,0.9408,0.9594,0.9662,0.9832,0.966,0.9876,0.7428,0.9758,0.982,0.9798,0.9882,0.989,0.923,0.992,0.9638,0.9596,0.9522,0.9834,0.958,0,0.8922,0,0
C0011854,"Diabetes Mellitus, Insulin-Dependent",0.6306,0.198,0.9766,0.9828,0.2374,0.928,0.5456,0.9614,0.7876,0.3768,0.9472,0.9376,0.9078,0.9934,0.831,0.24,0.8722,0.8718,0.4466,0.5656,0.9746,0.9694,0.5206,0.946,0.578,0.957,0.9078,0.2706,0.8602,0.962,0.9644,0.516,0.9842,0.9244,0.8554,0.4018,0.7668,0.8968,0.776,0.5834,0.95,0.9838,0.9578,0.8644,0.9606,0.4108,0.8704,0.9352,0.988,0.8758,0.8924,0.9098,0.8934,0.9422,0.962,0.969,0.6574,0.825,0,0.8356,0.9582,0.9892,0.8832,0.9604,0.9572,0.8782,0.8332,0,0.9478,0,0.872,0,0
C0011853,"Diabetes Mellitus, Experimental",0.5654,0.0902,1,1,0.2178,1,0.0146,1,1,0.7154,1,1,1,1,1,0.1578,1,1,0.4214,0.3572,1,1,0.7246,1,0.929,1,1,0.195,1,1,1,0.7756,1,1,1,0.3864,1,1,1,0.9916,1,1,1,1,1,0.9132,1,1,1,1,1,1,1,1,1,1,0.9888,1,1,1,1,1,1,1,1,1,1,1,1,1,1,1,1
C0242422,Parkinsonian Disorders,0.2688,0.0762,1,0.9988,0.1728,1,0.0744,1,0.9998,0.3324,1,1,1,1,1,0.1668,0.9998,0.9834,0.2918,0.2152,0.9996,1,0.5652,1,0.7188,0.996,1,0.2152,1,1,1,0.4466,0.9992,1,0.998,0.4974,1,0.9998,0.9998,0.6982,0.9998,1,1,0.9976,1,0.579,1,1,1,0.9992,0.9988,0.997,0.9972,1,1,1,0.9708,1,1,0.997,1,1,1,1,1,0.9996,1,1,1,1,1,1,1
C0027540,Necrosis,0.0486,0.001,0.9996,0.9988,0.0022,0.9998,0.0918,1,0.9648,0.1646,1,1,0.9986,1,1,0.0016,0.9998,0.9998,0.0116,0.249,1,1,0.9824,1,0.1312,1,1,0.0042,1,1,1,0.7454,1,1,0.9998,0.0176,0.9992,1,1,0.914,0.9998,1,1,1,1,0.2662,0.9996,1,1,0.9998,0.9996,0.9992,0.9998,1,0.9946,1,0.9362,1,1,1,1,1,0.9996,1,1,0.9986,1,1,1,1,1,1,1
C0085207,Gestational Diabetes,0.7856,0.5884,0.9982,0.9368,0.6636,0.9902,0.612,0.9924,0.994,0.6618,0.9468,0.9714,0.9444,0.9574,0.9264,0.6354,0.9964,0.979,0.8844,0.6572,0.9608,0.9718,0.212,0.9898,0.8442,0.8522,0.9704,0.6882,0.9734,0.9688,0.9566,0.435,0.833,0.98,0.937,0.6582,0.9896,0.9746,0.9844,0.5402,0.842,0.9248,0.9698,0.939,0.9674,0.6312,0.9194,0.974,0.9606,0.9714,0.9928,0.9124,0.86,0.9652,0.761,0.9006,0.6892,0.922,0.9548,0.7732,0.8776,0.9658,0.8628,0.99,0.9502,0.6722,0.9004,0.939,0.966,0.9438,0.9628,0.9274,0.9032
C0086445,Idiopathic Membranous Glomerulonephritis,0.1074,0.0328,0.904,0.2282,0.0358,0.9106,0.0428,0.6968,0.5416,0.095,0.3674,0.3912,0.2934,0.517,0,0.0282,0.796,0.8148,0.0212,0.007,0.7832,0.6756,0.1822,0.5658,0.0386,0.43,0.6316,0.062,0.5002,0.3736,0.5398,0.15,0.363,0.5288,0.404,0.0144,0.3204,0.737,0.6648,0.093,0.3258,0.5122,0.5948,0.6042,0.7004,0.0166,0.3764,0.4638,0.5136,0.7494,0.625,0.511,0.4086,0.7766,0.2616,0,0.0178,0,0,0.3774,0.5064,0,0.5042,0.6806,0.6746,0.3018,0,0,0.5344,0,0,0,0
C0020517,Hypersensitivity,0.8912,0.5692,1,1,0.4532,0.9986,0.5384,0.9998,0.9968,0.8514,0.998,0.9984,0.9746,0.9978,0.9952,0.4568,0.9996,0.9196,0.4604,0.7316,0.9884,0.9978,0.3842,0.9994,0.782,0.9604,0.9952,0.3446,0.9706,0.9972,0.9936,0.5158,0.9876,0.9996,0.9106,0.7812,0.99,0.7994,0.9868,0.8784,0.9418,0.9846,0.9954,0.9892,0.997,0.9128,0.945,0.9902,0.9776,0.762,0.999,0.9386,0.9788,0.9712,0.7948,0.9736,0.7116,0.9846,0.9896,0.9734,0.9408,0.983,0.8516,0.9912,0.9686,0.9228,0.9566,0.955,0.9878,0,0.946,0,0
C0027092,Myopia,0.532,0.355,0.724,0.9864,0.4334,0.5814,0.0784,0.5148,0.7254,0.4342,0.9426,0.7618,0.6786,0.7552,0.9888,0.4002,0.5718,0.6184,0.5368,0.0172,0.425,0.478,0.1134,0.4458,0.4904,0.5386,0.5482,0.3814,0.6442,0.972,0.735,0.1108,0.7288,0.6682,0.7208,0.2506,0.6488,0.5932,0.6396,0.122,0.6522,0.6614,0.7582,0.6346,0,0.4504,0.7476,0.5156,0.8238,0.7286,0.7492,0.513,0.5518,0.6856,0.5752,0,0.1368,0.8134,0.9268,0.5958,0.463,0,0.56,0.4246,0.7896,0.4482,0.8392,0,0.6512,0,0.7786,0,0
C0020452,Hyperemia,0.3328,0.2356,0.8774,0.9122,0.2532,0.9352,0.79,0.9752,0.8232,0.6154,0.8992,0.9778,0.8478,0.7784,0.8952,0.2828,0.9236,0.9352,0.273,0.4254,0.9888,0.9806,0.911,0.9822,0.756,0.838,0.9626,0.3094,0.8782,0.8024,0.907,0.7422,0.9404,0.9724,0.9122,0.3516,0.8394,0.956,0.969,0.6882,0.8218,0.8892,0.8974,0.9596,0.9358,0.7498,0.8582,0.9694,0.8332,0.9358,0.9206,0.8994,0.774,0.9262,0.9602,0.8344,0.7454,0.8246,0.9334,0.749,0.8346,0.899,0.9554,0.9194,0.8208,0.721,0.8712,0.8228,0.6964,0,0.8936,0.8488,0
C0040427,Tooth Abnormalities,0.5482,0.452,0.839,0.8486,0.536,0.8794,0.529,0.9256,0.862,0.8756,0.9526,0.9432,0.9006,0.9488,0.9292,0.5126,0.9142,0.8906,0.6202,0.863,0.9816,0.9412,0.501,0.947,0.8888,0.9876,0.9726,0.5694,0.892,0.92,0.9424,0.821,0.9704,0.9568,0.87,0.9428,0.8054,0.9044,0.8976,0.7774,0.945,0.9702,0.9648,0.9716,0.9712,0.8984,0.922,0.9642,0.9572,0.9316,0.9086,0.89,0.9686,0.9348,0.9184,0.9654,0.8866,0.9604,0.9476,0.9604,0.9678,0.9628,0.8538,0.9332,0.9494,0.9336,0.961,0.9428,0.9622,0.9586,0.9458,0.9456,0.9104
C0020456,Hyperglycemia,0.0974,0.0652,0.9882,0.9586,0.0872,0.9952,0.3584,0.998,0.9856,0.5718,0.9948,0.9988,0.9866,0.9924,0.9908,0.0772,0.9926,0.998,0.1162,0.4872,0.9938,0.9974,0.9578,0.998,0.5694,0.9992,0.9982,0.0792,0.9966,0.9884,0.9986,0.9084,0.9996,0.9982,0.9956,0.356,0.9922,0.9916,0.9938,0.8644,0.9976,0.996,0.9982,0.9958,0.9998,0.795,0.9976,0.999,0.9974,0.9814,0.9932,0.9946,0.9956,0.9972,0.9904,0.9828,0.8462,0.9976,0.9992,0.991,0.996,0.9954,0.9842,0.999,0.9982,0.9906,0.999,0.9962,0.9988,0.9942,0.9982,0.9964,0.9946
C0028326,Noonan Syndrome,0.1934,0.0908,0.9806,0.9448,0.1236,0.9982,0.212,0.9992,0.993,0.3376,0.996,0.995,0.9604,0.993,0.997,0.121,0.9974,0.9994,0.1628,0.42,0.9998,0.9998,0.927,0.9996,0.358,0.9998,0.9998,0.1408,0.9994,0.9892,0.995,0.9046,0.9998,0.9998,0.998,0.329,0.9974,0.9954,0.9998,0.9008,0.9998,0.9998,0.9992,0.999,0.9964,0.4628,0.9364,0.9988,0.9998,0.9848,0.9962,0.9966,0.9966,0.9976,0.9968,0.9994,0.8974,0.9996,0.999,0.9942,0.9998,0.9982,0.987,0.99,0.9986,0.9824,0.9994,0.9992,0.997,0.997,0.9978,0.9978,0.9972
C0020459,Hyperinsulinism,0.344,0.1344,0.9698,0.9148,0.1464,0.9414,0.4588,0.938,0.8796,0.3536,0.9162,0.9498,0.8916,0.9544,0.9386,0.156,0.958,0.9664,0.1926,0.5634,0.9898,0.9544,0.9234,0.9622,0.37,0.9042,0.9748,0.1534,0.9534,0.9034,0.9654,0.8912,0.9522,0.9638,0.9504,0.4038,0.9068,0.9582,0.9472,0.5312,0.8718,0.9572,0.9618,0.9364,0.9766,0.3626,0.8836,0.9764,0.941,0.9252,0.9344,0.9722,0.8994,0.9582,0.9684,0.9256,0.6574,0.899,0.954,0.7976,0.903,0.9722,0.929,0.956,0.9646,0.8528,0.9246,0.9428,0.961,0.9492,0.9384,0.9376,0.9118
C0013604,Edema,0.6226,0.3794,0.953,0.9872,0.4708,0.98,0.2596,0.9918,0.8848,0.213,0.9934,0.992,0.973,0.9828,0.9896,0.4356,0.9742,0.9666,0.6008,0.677,0.9996,0.9862,0.6692,0.9926,0.4968,0.9974,0.9928,0.4874,0.9856,0.9916,0.9894,0.3346,0.9976,0.9952,0.9544,0.0554,0.9274,0.931,0.9666,0.4838,0.9736,0.9942,0.9844,0.9962,0.9972,0.201,0.9296,0.9856,0.9858,0.892,0.8936,0.9554,0.9966,0.9774,0.9788,0.9838,0.6632,0.993,0.996,0.9898,0.985,0.9852,0.9116,0.9666,0.9728,0.946,0.97,0.9794,0.9704,0.9692,0.9718,0.9822,0.9898
C0019829,Hodgkin Disease,0.298,0.0756,0.8686,0.9612,0.111,0.6262,0.0256,0.675,0.3448,0.5524,0.903,0.938,0.7266,0.977,0.9746,0.1104,0.7576,0.3798,0.1364,0.2338,0.4942,0.5074,0.343,0.57,0.3452,0.8516,0.8872,0.1172,0.7522,0.9588,0.6998,0.101,0.8462,0.7782,0.583,0.2202,0.4284,0.3814,0.4308,0.3346,0.817,0.8612,0.8836,0.8686,0.8196,0.3212,0.8208,0.8294,0.9178,0.4242,0.4732,0.5406,0.889,0.6928,0.8218,0.8036,0.6374,0.9752,0.9646,0.784,0.8692,0.9482,0.4624,0.7128,0.8244,0.8184,0.8728,0.973,0.7332,0,0.8354,0.9364,0.915
C0005944,Metabolic Bone Disorder,0.4098,0.2274,0.966,0.8976,0.2652,0.9242,0.2432,0.9798,0.776,0.5944,0.9246,0.9452,0.643,0.9376,0.8688,0.2916,0.8738,0.8256,0.2958,0.7786,0.8832,0.969,0.346,0.9756,0.9016,0.8754,0.9106,0.305,0.8986,0.885,0.8802,0.4474,0.9118,0.9622,0.882,0.6934,0.912,0.6326,0.9188,0.9032,0.8424,0.8996,0.9542,0.9176,0.9492,0.7046,0.811,0.8164,0.8558,0.8262,0.9108,0.808,0.8428,0.8722,0.6732,0.9206,0.5718,0.8502,0.9044,0.836,0.856,0.9314,0.7514,0.8026,0.8082,0.7854,0.7828,0.8876,0.8288,0,0.774,0.8702,0
C0005941,"Bone Diseases, Developmental",0.292,0.1482,0.9672,0.9906,0.1836,0.9842,0.3634,0.9448,0.9816,0.7748,0.9428,0.992,0.852,0.9944,0.9744,0.1028,0.8916,0.9792,0.1548,0.3488,0.9768,0.986,0.8478,0.9882,0.545,0.9714,0.99,0.085,0.9712,0.9902,0.9762,0.6888,0.9912,0.9862,0.9014,0.4402,0.7726,0.9294,0.9846,0.509,0.9598,0.9918,0.9904,0.9816,0.9898,0.6388,0.9222,0.9514,0.9942,0.9766,0.9644,0.9304,0.9344,0.9836,0.8572,0.9952,0.65,0.934,0.9776,0.9108,0.9752,0.9954,0.8852,0.9576,0.9376,0.846,0.9076,0.984,0.9364,0.992,0.8966,0.9688,0
C0042514,"Tachycardia, Ventricular",0.5544,0.596,0.927,0.9062,0.4664,0.976,0.9102,0.9472,0.938,0.7996,0.926,0.942,0.9836,0.89,0.9322,0.4678,0.9678,0.9928,0.5984,0.9852,0.952,0.9566,0.6046,0.9312,0.918,0.8672,0.9194,0.4434,0.9434,0.9432,0.9492,0.8028,0.8816,0.9372,0.972,0.9636,0.9272,0.9772,0.9464,0.928,0.9884,0.8596,0.921,0.9216,0.9168,0.7504,0.9376,0.9524,0.8704,0.9012,0.9284,0.9444,0.871,0.9244,0.9878,0.8726,0.6008,0.8974,0.9172,0.9594,0.8764,0.9146,0.8886,0.9532,0.849,0.9412,0.9694,0.8836,0.923,0,0.9684,0.879,0.9304
C0013421,Dystonia,0.345,0.1844,0.9278,0.9556,0.2954,0.9208,0.2252,0.9656,0.8864,0.4286,0.9076,0.968,0.8808,0.973,0.8466,0.2896,0.9296,0.9684,0.3788,0.0796,0.9928,0.9726,0.4552,0.983,0.4962,0.9114,0.9738,0.4334,0.9786,0.9238,0.9598,0.7696,0.9478,0.9848,0.9798,0.1092,0.9458,0.9448,0.9498,0.5988,0.9046,0.917,0.9686,0.9378,0.9708,0.6428,0.8934,0.9598,0.9312,0.8994,0.9446,0.9816,0.939,0.9444,0.7634,0.9258,0.9732,0.7608,0.9294,0.9046,0.908,0.9646,0.973,0.9478,0.9426,0.9642,0.837,0.9066,0.8838,0.9338,0.8118,0.8946,0.8586
C1168401,Squamous cell carcinoma of the head and neck,0.0858,0.0076,0.9656,0.9996,0.0228,0.999,0.1156,0.9992,0.9876,0.2488,0.9996,1,0.9982,1,1,0.0236,0.9964,0.9986,0.0228,0.1316,1,1,0.9584,0.9996,0.154,0.9998,1,0.0252,0.9992,0.9998,1,0.9228,1,1,0.9988,0.0404,0.9964,0.9972,0.9992,0.497,0.999,1,1,0.9998,1,0.2086,0.9986,1,1,0.9936,0.9986,1,1,1,0.9972,1,0.9598,1,1,0.9976,1,1,1,0.999,1,0.9996,1,1,0.9998,1,1,1,1
C0034065,Pulmonary Embolism,0.4426,0.3256,0.7778,0.927,0.4036,0.8942,0.6084,0.9192,0.772,0.4354,0.9334,0.9794,0.862,0.8934,0.938,0.4062,0.8566,0.7346,0.4656,0.5578,0.9714,0.9002,0.7462,0.918,0.367,0.9394,0.96,0.4942,0.736,0.9434,0.9372,0.9778,0.973,0.9336,0.7868,0.6504,0.81,0.7484,0.6946,0.9714,0.9266,0.9512,0.9402,0.95,0.9298,0.4724,0.874,0.9056,0.954,0.7444,0.7884,0.7884,0.9022,0.7728,0.8804,0.8996,0.7308,0.9526,0.9406,0.9128,0.9724,0.957,0.7854,0.8138,0.9152,0.8384,0.914,0.9202,0.941,0.9546,0.8746,0.8878,0.9034
C0034069,Pulmonary Fibrosis,0.9368,0.7686,1,1,0.666,0.9992,0.221,0.9996,0.9906,0.8958,0.9956,1,0.98,0.999,0.9962,0.6882,0.9998,0.9882,0.8794,0.9384,0.9944,0.995,0.4102,0.997,0.9658,0.9858,0.9926,0.7652,0.9856,0.9966,0.9984,0.8494,0.9854,0.999,0.9762,0.9444,0.9956,0.9218,0.9924,0.9582,0.9854,0.9896,0.9982,0.9776,0.9996,0.938,0.9744,0.9864,0.9938,0.965,0.9986,0.9626,0.991,0.9622,0.8942,0.9964,0.8586,0.9884,0.9982,0.9784,0.987,0.9966,0.9384,0.9954,0.988,0.9684,0.9836,0.9964,0.9888,0,0.9612,0.99,0
C0037769,West Syndrome,0.335,0.1382,0.9828,0.9936,0.1502,0.9786,0.32,0.996,0.9788,0.3016,0.996,0.9986,0.9922,0.999,0.9952,0.1616,0.9892,0.9312,0.237,0.4254,0.9572,0.9262,0.8952,0.9822,0.2048,0.9768,0.9628,0.1764,0.9796,0.9938,0.9828,0.7766,0.972,0.9868,0.9194,0.214,0.9862,0.9966,0.9874,0.6422,0.9844,0.9792,0.998,0.9032,0.9892,0.2896,0.9944,0.9978,0.9848,0.9964,0.9938,0.9614,0.974,0.9236,0.9964,0.9996,0.6704,0.9956,0.9982,0.9542,0.9618,0.9218,0.9942,0.9984,0.9964,0.984,0.9988,0.9898,0.9998,0.9776,0.991,0.9972,0.9946
C2937358,Cerebral Hemorrhage,0.4722,0.2524,1,0.993,0.3518,0.9998,0.54,1,0.9916,0.8664,0.9992,0.9992,0.9788,0.9992,0.9956,0.3002,0.9998,0.9996,0.4512,0.6418,0.9998,1,0.8868,1,0.9454,0.9874,1,0.2486,0.9998,0.9996,0.9998,0.9496,1,1,0.9982,0.6874,0.998,0.9978,0.9984,0.9876,0.9942,0.998,1,0.9998,0.9998,0.9682,0.9638,0.9988,1,0.9926,0.9976,0.9982,0.994,0.9992,0.9936,1,0.9436,0.9974,0.9984,0.991,0.9884,1,0.9968,0.995,0.9936,0.9908,0.9974,0.9994,0.9918,0.9994,0.9806,0.997,0.9892
C0035828,Romano-Ward Syndrome,0.6846,0.3478,0.927,0.9524,0.418,0.8626,0.5886,0.9396,0.7944,0.4826,0.9726,0.908,0.7296,0.9326,0.9292,0.4248,0.8794,0.8782,0.624,0.5796,0.981,0.9432,0.5092,0.9448,0.4962,0.9466,0.9698,0.4176,0.9026,0.9574,0.8748,0.5656,0.9938,0.9364,0.884,0.5116,0.9226,0.9384,0.919,0.6628,0.9368,0.983,0.9358,0.9822,0.9308,0.5714,0.7866,0.9142,0.9648,0.9432,0.8704,0.9226,0.9014,0.9488,0.882,0.952,0.686,0.959,0.9322,0.8748,0.9212,0.9178,0.9334,0.9364,0.948,0.8462,0.8382,0.9616,0.8706,0.9062,0.854,0.9662,0.947
C0026640,Mouth Neoplasms,0.0154,0.0016,1,0.9998,0.0046,1,0.0622,1,1,0.376,1,1,1,1,1,0.0032,1,1,0.01,0.1292,1,1,0.9472,1,0.2564,1,1,0.0044,1,1,1,0.9476,1,1,1,0.1004,1,1,1,0.9526,1,1,1,1,1,0.4456,1,1,1,1,1,1,1,1,1,1,0.9968,1,1,1,1,1,1,1,1,1,1,1,1,1,1,1,1
C0023890,Liver Cirrhosis,0.1308,0.0226,0.9984,0.9984,0.0402,0.9986,0.063,0.9994,0.9564,0.2654,0.979,0.9996,0.9718,0.9916,0.9882,0.0398,0.9988,0.9746,0.08,0.2166,0.9994,0.999,0.7068,0.9998,0.3762,0.996,0.9958,0.0526,0.9998,0.9894,0.9944,0.95,0.992,0.9998,0.9826,0.191,0.9964,0.9836,0.9988,0.9606,0.991,0.9962,0.9908,0.9992,0.9996,0.8664,0.9786,0.997,0.9856,0.9772,0.991,0.9914,0.9812,0.9718,0.9944,0.9922,0.9552,0.986,0.99,0.968,0.9936,0.995,0.9832,0.9918,0.9678,0.9796,0.9864,0.995,0.995,0,0.9818,0.9922,0
C0028754,Obesity,0.415,0.0318,1,1,0.046,1,0.0074,1,0.9978,0.2354,1,1,0.9956,1,1,0.0514,1,0.9998,0.0978,0.6146,1,1,0.1284,1,0.1554,0.992,1,0.03,1,0.9996,1,0.3122,0.9994,1,0.9978,0.0962,0.997,0.9906,1,0.6786,0.996,1,1,1,1,0.127,0.9988,1,1,0.987,1,0.9968,0.9994,1,0.9826,1,0.6832,0.9976,1,0.9962,1,1,1,0.9994,1,0.9824,0.9976,1,1,0,0.9962,0,0
C0023892,Biliary cirrhosis,0.8238,0.8524,0.9978,1,0.8526,0.9894,0.0558,0.978,0.974,0.6948,0.99,0.9978,0.9722,0.9892,0.9824,0.8022,0.9906,0.95,0.8892,0.2646,0.9426,0.9714,0.2882,0.9772,0.4366,0.7826,0.9786,0.8892,0.9682,0.9922,0.9914,0.274,0.652,0.9892,0.9918,0.3848,0.992,0.9446,0.9892,0.687,0.7186,0.9822,0.9914,0.9484,0.9828,0.6882,0.8636,0.9782,0.9826,0.9384,0.9908,0.9158,0.9856,0.989,0.8966,0.9764,0.5464,0.966,0.9794,0.9264,0.971,0.9422,0.9666,0.9936,0.988,0.9384,0.9754,0.9282,0.9934,0,0.8856,0,0
C1961102,Precursor Cell Lymphoblastic Leukemia Lymphoma,0.262,0.0416,1,1,0.0388,0.9998,0.0732,0.9998,0.9994,0.777,1,1,1,1,1,0.0534,0.9998,0.9998,0.0756,0.2452,1,1,0.705,1,0.5728,1,1,0.0454,1,1,1,0.8136,1,1,0.9998,0.2442,0.9996,1,0.9998,0.9394,1,1,1,1,1,0.7356,1,1,1,1,0.9998,1,1,1,1,1,0.938,1,1,1,1,1,1,1,1,1,1,1,1,1,1,1,1
C0878544,Cardiomyopathies,0.1478,0.0104,1,1,0.0128,1,0.0626,1,1,0.6212,1,1,1,1,1,0.0144,1,1,0.0242,0.1784,1,1,0.8806,1,0.3148,1,1,0.0168,1,1,1,0.6342,1,1,1,0.145,1,1,1,0.8836,1,1,1,1,1,0.5962,1,1,1,1,1,1,1,1,1,1,0.9656,1,1,1,1,1,1,1,1,1,1,1,1,1,1,1,1
C1832200,Peroxisome biogenesis disorders,0.727,0.4894,0.5904,0.656,0.6438,0.5782,0.3126,0.5178,0.2628,0.974,0.4044,0.6396,0.7418,0.5958,0.8234,0.7068,0.7722,0.4844,0.5688,0.9458,0.7074,0.4812,0.5616,0.4754,0.997,0.6896,0.4482,0.7188,0.847,0.469,0.7326,0.95,0.5402,0.662,0.6528,0.9432,0.6276,0.4264,0.37,0.9426,0.6214,0.496,0.62,0.4824,0.7378,0.979,0.6972,0.6656,0.609,0.2612,0.3818,0.68,0.7472,0.4592,0.6476,0,0.6662,0.7904,0.74,0.6778,0.5214,0,0.313,0.5952,0.5728,0.75,0.8032,0.7456,0.5558,0,0.77,0,0
C0265965,Dyskeratosis Congenita,0.5058,0.2992,0.9748,0.9914,0.5058,0.976,0.2786,0.9816,0.9934,0.9918,0.987,0.992,0.9958,0.9868,0.997,0.4826,0.9872,0.9948,0.553,0.7596,0.9768,0.9824,0.5288,0.9804,0.9854,0.9684,0.9864,0.692,0.996,0.9944,0.995,0.9812,0.966,0.981,0.9986,0.9736,0.9938,0.9942,0.9794,0.9982,0.9896,0.9796,0.9826,0.9998,0.9906,0.9986,0.9994,0.999,0.9926,0.975,0.9822,0.9998,0.9984,0.9908,0.9988,0.9914,0.9992,0.992,0.999,0.9992,0.9938,0.987,1,0.9984,0.9874,0.9998,0.9964,0.994,0.997,0.9868,0.9936,0.9914,0.9958
C0041948,Uremia,0.461,0.338,0.9992,0.999,0.3546,1,0.2236,0.9998,0.9988,0.8862,0.9998,1,0.9988,0.9998,0.9986,0.3528,1,0.9996,0.5186,0.6174,0.9998,0.9998,0.4208,0.9998,0.8884,0.9998,1,0.3908,1,0.9998,0.9998,0.774,1,0.9998,0.998,0.5746,0.996,0.9994,0.9998,0.935,0.9996,0.9998,0.9998,0.9994,0.9998,0.745,0.9994,1,0.9998,0.9942,0.997,0.9978,0.9998,0.9998,0.9888,0.9998,0.862,0.9994,0.9992,0.997,0.9998,0.9998,0.9984,0.999,0.9998,0.9914,0.9994,0.9998,0.9998,0.9998,0.9994,0.9998,0.9972
C0011581,Depressive disorder,0.6486,0.2876,0.9914,0.9988,0.3638,0.9904,0.1868,0.999,0.8044,0.4398,0.994,0.9962,0.9462,0.9848,0.9936,0.357,0.994,0.9178,0.4692,0.5572,0.9976,0.9808,0.538,0.9954,0.5236,0.9752,0.9976,0.2496,0.9826,0.9908,0.9964,0.5798,0.9978,0.9916,0.9506,0.254,0.9756,0.8946,0.8982,0.849,0.9708,0.9318,0.9754,0.9794,0.9928,0.3162,0.979,0.9828,0.9908,0.7896,0.8854,0.9812,0.9798,0.932,0.8414,0.9924,0.8316,0.9916,0.9828,0.8348,0.9916,0.9954,0.9522,0.9692,0.9828,0.9204,0.9286,0.99,0.9826,0,0.9788,0.9912,0
C0040053,Thrombosis,0.967,0.58,0.997,0.9938,0.63,0.9986,0.7108,0.9988,0.9264,0.8066,0.98,0.999,0.9614,0.9948,0.99,0.6612,0.9982,0.9696,0.763,0.773,0.9964,0.9944,0.5036,0.9984,0.7528,0.9538,0.9868,0.735,0.9992,0.9662,0.9926,0.9624,0.9826,0.9934,0.9432,0.8802,0.965,0.9536,0.9662,0.9436,0.937,0.996,0.9988,0.9786,0.9964,0.87,0.9544,0.9816,0.9896,0.9042,0.9136,0.9634,0.959,0.9632,0.8594,0.9946,0.8494,0.9534,0.9924,0.945,0.99,0.998,0.9586,0.9668,0.9582,0.9482,0.9382,0.9926,0.9858,0,0.8726,0.9682,0
C0027765,nervous system disorder,0.5708,0.4538,0.985,0.9998,0.6236,0.9912,0.262,0.9852,0.9552,0.5794,0.9998,0.9992,0.9986,1,0.9998,0.5428,0.998,0.9962,0.7722,0.5686,0.9978,0.995,0.5926,0.9912,0.5366,0.9954,0.9998,0.6282,0.989,0.9998,0.9986,0.6128,0.9998,0.9988,0.9878,0.7934,0.989,1,0.9884,0.9244,0.9982,0.9996,0.9988,0.9978,0.9992,0.5654,0.9996,0.9992,1,0.9966,0.993,0.987,0.9976,0.998,0.9966,0.9986,0.7134,0.999,0.999,0.9988,0.9996,0.9996,0.9948,0.9984,0.9992,0.9968,0.999,0.9992,0.9994,1,0.9992,0.9986,0.9988
C0024299,Lymphoma,0.1296,0.0176,0.8496,0.9742,0.0634,0.9364,0.1244,0.9808,0.9636,0.1992,0.9598,0.9762,0.996,0.9698,0.934,0.0656,0.9128,0.9702,0.1078,0.0626,0.9952,0.9878,0.59,0.993,0.249,0.9926,0.985,0.0918,0.9538,0.9796,0.9856,0.615,0.9976,0.9778,0.9816,0.0472,0.9504,0.9904,0.9828,0.6638,0.9946,0.9962,0.9674,0.9804,0.9768,0.277,0.9836,0.9972,0.9924,0.9838,0.9706,0.9718,0.9796,0.9956,0.9962,0.9878,0.9678,0.9692,0.973,0.9902,0.9948,0.9894,0.9808,0.9942,0.9914,0.9978,0.9638,0.98,0.9888,0.9886,0.9866,0.9674,0.9718
C0017661,IGA Glomerulonephritis,0,0,1,1,0,1,0.3496,1,1,0.3132,1,1,1,1,1,0,1,1,0,0.0794,1,1,1,1,0.0198,1,1,0,1,1,1,1,1,1,1,0.0076,1,1,1,1,1,1,1,1,1,0.6252,1,1,1,1,1,1,1,1,1,1,1,1,1,1,1,1,1,1,1,1,1,1,1,1,1,1,1
C0334634,"Malignant lymphoma, lymphocytic, intermediate differentiation, diffuse",0.1346,0.14,0.9864,0.9952,0.1288,0.9762,0.1416,0.9944,0.9886,0.282,0.9946,0.995,0.994,0.9966,0.9898,0.1426,0.9794,0.9928,0.1602,0.0408,0.999,0.998,0.5938,0.9976,0.2184,0.998,0.9992,0.184,0.9958,0.9924,0.9968,0.7132,0.9954,0.9984,0.9974,0.1476,0.9924,0.9976,0.9976,0.693,0.998,0.9992,0.9986,0.9996,0.9986,0.503,0.997,0.9986,0.9984,0.9922,0.9962,0.9992,0.9988,0.9988,0.996,0.999,0.7852,0.9968,0.997,0.9988,0.9996,0.9994,0.9992,0.998,0.9992,0.9962,0.9946,0.9982,0.9986,0.999,0.989,0.9952,0.9864
C0020672,"Hypothermia, natural",0.9786,0.8748,0.997,0.9934,0.9382,0.693,0.0462,0.7266,0.581,0.9808,0.8112,0.9074,0.8244,0.9246,0.8698,0.9544,0.8184,0.3298,0.9242,0.3524,0.462,0.518,0.1112,0.4966,0.9976,0.4358,0.5586,0.9892,0.7072,0.8772,0.6402,0.3636,0.3884,0.6174,0.5884,0.408,0.5778,0.4368,0.498,0.3846,0.4808,0.5048,0.6976,0.6754,0,0.9152,0.6526,0.5572,0.7786,0.4986,0.4368,0.5894,0.4744,0.441,0.4574,0,0.803,0.7752,0,0.5278,0.6578,0,0.5922,0.4808,0.4596,0.4356,0.7898,0,0,0,0,0,0
C0086543,Cataract,0.9166,0.7296,0.9372,0.9774,0.8928,0.98,0.7208,0.9576,0.9298,0.4158,0.9954,0.9242,0.9466,0.846,0.9798,0.8366,0.9784,0.8702,0.9314,0.8198,0.8884,0.9022,0.3086,0.9242,0.85,0.8726,0.9046,0.9308,0.8818,0.9882,0.6068,0.2938,0.7874,0.898,0.934,0.8952,0.9128,0.8722,0.8858,0.3892,0.844,0.8886,0.861,0.937,0.7836,0.5862,0.981,0.9076,0.834,0.8134,0.8804,0.8404,0.8938,0.8454,0.8998,0.8314,0.4136,0.9764,0.979,0.9294,0.857,0.8214,0.827,0.7854,0.914,0.8912,0.9678,0.9122,0.849,0,0.9584,0,0
C0524909,"Hepatitis B, Chronic",0.4856,0.3458,0.9354,0.7752,0.3648,0.7444,0.0906,0.9118,0.5108,0.6204,0.8088,0.866,0.7558,0.8876,0.7748,0.3796,0.8274,0.775,0.3528,0.3134,0.9276,0.8654,0.7174,0.8492,0.5972,0.9354,0.89,0.526,0.8968,0.8494,0.8868,0.6478,0.861,0.8784,0.714,0.3872,0.6254,0.7576,0.8556,0.7912,0.9126,0.7704,0.8144,0.9476,0.9472,0.7888,0.7502,0.8634,0.9102,0.713,0.7718,0.8416,0.8912,0.8698,0.7876,0.9106,0.8774,0.854,0.8284,0.9018,0.8758,0.9042,0.851,0.8044,0.823,0.9296,0.8112,0.8854,0.8264,0,0.8294,0,0
C0011609,Drug Eruptions,0.9928,0.9442,0.9872,0.989,0.7306,0.938,0.059,0.9504,0.7046,0.2494,0.7942,0.9612,0.7264,0.8852,0.9634,0.8048,0.9526,0.7506,0.9788,0.0508,0.7404,0.8762,0.1918,0.9132,0.6174,0.7558,0.8672,0.892,0.8604,0.8926,0.911,0.063,0.5508,0.9096,0.8068,0.2892,0.9122,0.3794,0.7866,0.0896,0.6144,0.7508,0.8242,0.7588,0.939,0.3326,0.7302,0.8158,0.667,0.3704,0.6734,0.5278,0.7844,0.738,0.6112,0.7398,0.2912,0.8648,0.9402,0.719,0.6988,0,0.4536,0.5508,0.7138,0.6308,0.8308,0.711,0.7708,0,0.8022,0,0
C0346647,Malignant neoplasm of pancreas,0.086,0.0548,0.4944,0.567,0.0566,0.5076,0.2178,0.8334,0.4574,0.0798,0.8656,0.6464,0.7072,0.8938,0.745,0.062,0.5682,0.701,0.0806,0.6396,0.7716,0.8212,0.207,0.8536,0.0982,0.9696,0.8514,0.0624,0.8408,0.7636,0.813,0.4076,0.947,0.8124,0.608,0.2084,0.6314,0.8542,0.5994,0.7988,0.901,0.909,0.843,0.9042,0.8826,0.1826,0.6854,0.712,0.8374,0.8874,0.6056,0.6842,0.8906,0.7748,0.8898,0.9398,0.761,0.883,0.7472,0.9038,0.9272,0.8234,0.612,0.6906,0.8724,0.8576,0.8832,0.8478,0.9042,0,0.87,0,0
C0038356,Stomach Neoplasms,0.0012,0,1,1,0,1,0,1,1,0.5432,1,1,1,1,1,0,1,1,0,0.1266,1,1,0.9944,1,0.1334,1,1,0,1,1,1,0.9888,1,1,1,0.0388,1,1,1,0.9988,1,1,1,1,1,0.8472,1,1,1,1,1,1,1,1,1,1,1,1,1,1,1,1,1,1,1,1,1,1,1,1,1,1,1
C0029463,Osteosarcoma,0.0226,0.0068,0.9922,0.9978,0.0094,0.9998,0.3582,0.9998,1,0.3128,1,1,0.9996,1,0.9992,0.0072,0.9998,1,0.016,0.3762,1,0.9998,0.8908,0.9998,0.4376,1,1,0.0074,1,1,1,0.8936,1,1,1,0.1766,1,1,0.9998,0.9354,1,1,1,1,1,0.4054,1,1,1,1,1,1,1,1,0.9994,1,0.9744,1,1,1,1,1,1,1,1,0.9996,1,1,1,1,1,1,0.9994
C0042900,Vitiligo,0.3136,0.154,0.9628,0.9656,0.179,0.9828,0.13,0.9968,0.8798,0.5352,0.9974,0.9894,0.9912,0.9952,0.9982,0.2528,0.9742,0.9622,0.2812,0.392,0.965,0.9654,0.5388,0.996,0.5744,0.997,0.9924,0.2464,0.979,0.9892,0.9882,0.4718,0.9956,0.9736,0.9744,0.436,0.9612,0.9718,0.9574,0.6616,0.999,0.9994,0.9966,0.9998,0.9886,0.7464,0.9938,0.9922,0.9978,0.9606,0.9764,0.994,0.9992,0.9964,0.9958,0.9976,0.9192,0.9988,0.9954,0.9996,0.9994,0.9896,0.9836,0.9938,0.9966,0.9962,0.9998,0.9988,0.999,0.9948,0.9982,0.9988,0.9994
C0038358,Gastric ulcer,0.709,0.2566,0.9928,0.9912,0.3996,0.9594,0.5882,0.969,0.7016,0.548,0.9448,0.9738,0.9322,0.952,0.9844,0.2976,0.9592,0.8756,0.6516,0.4678,0.977,0.9572,0.6088,0.9384,0.6318,0.8946,0.9588,0.3004,0.9742,0.9682,0.9456,0.939,0.987,0.9686,0.8628,0.3724,0.8194,0.8676,0.8732,0.8484,0.9598,0.9596,0.963,0.9692,0.977,0.6086,0.9466,0.9856,0.9672,0.7556,0.848,0.896,0.904,0.922,0.9486,0.9624,0.7872,0.978,0.9672,0.9592,0.9512,0.9704,0.8452,0.9068,0.9134,0.9488,0.9594,0.9664,0.9504,0.9658,0.9472,0.9514,0.9712
C0021390,Inflammatory Bowel Diseases,0.0502,0.0118,0.8624,0.9222,0.0176,0.6298,0.0086,0.697,0.8608,0.0386,0.9748,0.9594,0.935,0.9786,0.9708,0.0152,0.7862,0.8796,0.0332,0.0484,0.9138,0.8922,0.014,0.8796,0.0216,0.6236,0.919,0.0198,0.9668,0.9668,0.983,0.09,0.8918,0.947,0.9172,0.0994,0.8742,0.9094,0.9228,0.315,0.8258,0.939,0.9498,0.9018,0.9872,0.1196,0.9224,0.9692,0.9624,0.8076,0.9462,0.9234,0.83,0.9498,0.7726,0,0.372,0.9414,0.9874,0.7036,0.9352,0.9444,0.9392,0.9304,0.928,0.6644,0.9622,0.9816,0.9322,0,0.969,0,0
C0860207,Drug-Induced Liver Injury,0.0324,0.0006,0.9992,1,0.002,1,0,1,0.9778,0.0262,0.9998,0.9996,0.9932,0.9996,0.9944,0.0014,1,0.9826,0.0236,0.09,0.9996,0.9994,0.0212,0.9998,0.1126,0.9964,0.9998,0.0048,0.9948,0.9998,0.9998,0.1156,0.998,1,0.9976,0.0134,0.9996,0.8554,0.9954,0.518,0.9834,0.9986,0.9996,0.9998,1,0.3156,0.9984,0.9954,0.9982,0.8924,0.9532,0.9942,0.9996,0.994,0.9314,0.9996,0.5632,0.9878,0.9914,0.963,0.9998,0.9996,0.9496,0.9962,0.9962,0.9456,0.9636,0.9946,1,0,0.965,0,0
C0010278,Craniosynostosis,0.1952,0.2266,0.8358,0.7552,0.1748,0.895,0.433,0.9356,0.91,0.4934,0.8898,0.9454,0.7994,0.9564,0.9142,0.1872,0.924,0.8268,0.1666,0.2902,0.9418,0.9716,0.944,0.9566,0.2708,0.7518,0.9626,0.1604,0.8248,0.8532,0.962,0.8162,0.9166,0.9494,0.7246,0.2872,0.8482,0.8154,0.9188,0.6364,0.884,0.9468,0.9816,0.865,0.9446,0.318,0.7498,0.9,0.9702,0.7992,0.941,0.6758,0.7602,0.9114,0.8272,0.9866,0.6166,0.9514,0.9634,0.8262,0.9338,0.969,0.8236,0.8436,0.9816,0.8032,0.9524,0.9626,0.9642,0.9494,0.9162,0.9608,0.9524
C0079773,"Lymphoma, T-Cell, Cutaneous",0.2578,0.0674,1,1,0.1204,1,0.23,1,1,0.6982,1,1,0.9998,1,1,0.0848,0.9998,1,0.1716,0.5096,1,1,0.7042,1,0.6046,1,1,0.1196,1,1,1,0.8598,1,1,1,0.3714,1,1,1,0.958,1,1,1,1,1,0.8328,1,1,1,0.9998,1,1,1,1,1,1,0.985,1,1,1,1,1,1,1,1,1,1,1,1,1,1,1,1
C0079772,T-Cell Lymphoma,0.134,0.0454,1,0.999,0.066,1,0.0902,1,0.9996,0.1196,1,1,0.9988,1,0.9996,0.065,1,1,0.0522,0.0382,1,1,0.5202,1,0.1112,0.9998,1,0.0862,1,0.9998,1,0.4288,1,1,1,0.059,0.9998,1,1,0.4278,0.9994,1,1,1,1,0.1536,0.9994,1,1,0.995,1,1,1,1,0.987,1,0.7288,0.9998,1,0.9992,1,1,1,1,1,0.9954,0.9998,1,1,1,0.9994,1,0.9996
C0424295,Hyperactive behavior,0.9956,0.9482,0.9996,0.966,0.9604,0.9814,0.367,0.9876,0.9624,0.9246,0.7572,0.9786,0.803,0.755,0.9354,0.9424,0.9942,0.9154,0.9768,0.989,0.9404,0.9692,0.0998,0.9658,0.9912,0.6974,0.9618,0.949,0.978,0.8832,0.9638,0.3264,0.5894,0.9836,0.9144,0.9394,0.9926,0.922,0.943,0.8346,0.6036,0.656,0.825,0.9152,0.959,0.918,0.8102,0.8504,0.7076,0.8734,0.8814,0.9166,0.7072,0.9484,0.6432,0,0.6458,0.7354,0.9464,0.6242,0.637,0,0.9302,0.9576,0.617,0.599,0.7818,0,0.6732,0,0.8826,0,0
C0037268,Skin Abnormalities,0.0776,0.03,0.8166,0.6658,0.056,0.8206,0.4022,0.9316,0.657,0.186,0.8748,0.8818,0.7958,0.9186,0.8666,0.0514,0.8482,0.7608,0.0542,0.0924,0.9814,0.9206,0.982,0.9256,0.1506,0.9708,0.9576,0.0644,0.773,0.81,0.8902,0.4922,0.9898,0.9424,0.7304,0.0918,0.7174,0.8878,0.868,0.645,0.958,0.9648,0.9544,0.9098,0.9292,0.31,0.8276,0.9268,0.9534,0.85,0.9046,0.8286,0.9078,0.9046,0.9166,0.9668,0.8612,0.9244,0.9214,0.9536,0.958,0.9584,0.8406,0.8864,0.9394,0.9268,0.9246,0.9314,0.9486,0.9516,0.9282,0.9232,0.9012
C0677886,Epithelial ovarian cancer,0.0736,0.0032,0.9356,0.6618,0.0062,0.818,0.1606,0.9136,0.3932,0.0178,0.8018,0.8604,0.6108,0.8544,0.901,0.0092,0.8234,0.6882,0.0294,0.242,0.9488,0.916,0.5504,0.946,0.0366,0.7434,0.9398,0.0146,0.8158,0.7074,0.858,0.3522,0.952,0.9312,0.6468,0.0688,0.4562,0.7828,0.7914,0.2344,0.5936,0.9478,0.9254,0.8592,0.9204,0.0952,0.5222,0.7844,0.9392,0.6422,0.608,0.6758,0.614,0.8618,0.4568,0.934,0.359,0.8804,0.9324,0.4906,0.8896,0.9424,0.6442,0.7768,0.8776,0.4418,0.829,0.9436,0.8208,0,0.8616,0.888,0
C0282527,Infantile Refsum Disease (disorder),0.7456,0.4886,0.6538,0.7788,0.6524,0.7068,0.4234,0.5234,0.4698,0.653,0.4834,0.6534,0.7592,0.6086,0.8414,0.7174,0.7932,0.7832,0.5702,0.9582,0.7272,0.4862,0.5636,0.4822,0.6816,0.7094,0.492,0.7386,0.8692,0.5274,0.759,0.965,0.5492,0.685,0.665,0.8536,0.7044,0.4156,0.4108,0.9542,0.6348,0.4944,0.6282,0.4858,0.7856,0.7164,0.7128,0.6764,0.6184,0.2608,0.3762,0.6966,0.7744,0.523,0.6716,0,0.6808,0.8086,0.7564,0.7002,0.5278,0,0.301,0.609,0.583,0.7716,0.8284,0.7664,0.565,0,0.7938,0,0
C0282525,"Adrenoleukodystrophy, Neonatal",0.7456,0.4886,0.6538,0.7788,0.6524,0.7068,0.4234,0.5234,0.4698,0.653,0.4834,0.6534,0.7592,0.6086,0.8414,0.7174,0.7932,0.7832,0.5702,0.9582,0.7272,0.4862,0.5636,0.4822,0.6816,0.7094,0.492,0.7386,0.8692,0.5274,0.759,0.965,0.5492,0.685,0.665,0.8536,0.7044,0.4156,0.4108,0.9542,0.6348,0.4944,0.6282,0.4858,0.7856,0.7164,0.7128,0.6764,0.6184,0.2608,0.3762,0.6966,0.7744,0.523,0.6716,0,0.6808,0.8086,0.7564,0.7002,0.5278,0,0.301,0.609,0.583,0.7716,0.8284,0.7664,0.565,0,0.7938,0,0
C0019569,Hirschsprung Disease,0.201,0.1116,0.4716,0.6034,0.1326,0.2284,0.0006,0.1668,0.2972,0.1262,0.2392,0.3454,0.275,0,0,0.1064,0.3318,0.0194,0.2102,0.0094,0.0144,0.11,0.0056,0,0.1522,0.1368,0.1752,0.0846,0.033,0.3132,0.1586,0.2692,0.178,0,0.0384,0.0784,0.346,0.0492,0.326,0.427,0.168,0,0,0.222,0,0.2584,0.1782,0,0,0.143,0,0.0212,0.1926,0,0.141,0,0.2772,0,0,0.1502,0,0,0,0,0,0.1954,0,0,0,0,0,0,0
C1720887,Female Urogenital Diseases,0.9342,0.725,0.9962,0.9704,0.7238,0.9102,0.3102,0.9068,0.9128,0.9426,0.8528,0.9232,0.8934,0.8904,0.7394,0.7752,0.9506,0.6212,0.8318,0.897,0.786,0.8286,0.42,0.877,0.965,0.7778,0.8212,0.7672,0.6676,0.9504,0.8342,0.5416,0.7716,0.8798,0.5704,0.9168,0.8232,0.668,0.7282,0.7814,0.838,0.7428,0.888,0.7088,0.9216,0.8372,0.8888,0.858,0.7952,0.7542,0.7162,0.7822,0.8928,0.7426,0.7334,0.763,0.6224,0.7206,0.7626,0.8704,0.774,0.8044,0.7134,0.8426,0.6406,0.7976,0.7302,0,0.8122,0,0.7016,0,0
C0919267,ovarian neoplasm,0.024,0.0008,1,1,0.0012,1,0.0216,1,1,0.1594,1,1,1,1,1,0.0014,1,1,0.0032,0.2036,1,1,0.9014,1,0.179,1,1,0.0004,1,1,1,0.9728,1,1,1,0.0674,1,1,1,0.941,1,1,1,1,1,0.3496,1,1,1,1,1,1,1,1,1,1,0.9894,1,1,1,1,1,1,1,1,1,1,1,1,1,1,1,1
C0162871,"Aortic Aneurysm, Abdominal",0.391,0.3658,0.9932,0.9506,0.4364,0.9934,0.6064,0.997,0.904,0.9424,0.9712,0.9936,0.8922,0.984,0.9478,0.3704,0.9902,0.979,0.5986,0.8952,0.9872,0.9914,0.6222,0.9958,0.8944,0.9788,0.9886,0.3208,0.9856,0.9696,0.9786,0.659,0.9904,0.9946,0.9694,0.9264,0.9866,0.9512,0.9754,0.966,0.9266,0.9846,0.9908,0.975,0.9922,0.9408,0.9292,0.9822,0.9754,0.8914,0.9506,0.9592,0.9798,0.9668,0.9044,0.9866,0.866,0.9886,0.9876,0.965,0.9828,0.9828,0.95,0.9658,0.9612,0.8984,0.9564,0.9842,0.9676,0.9772,0.9214,0.9684,0.9266
C0042487,Venous Thrombosis,0.6886,0.4782,0.8218,0.9068,0.5026,0.929,0.6046,0.9262,0.8196,0.9946,0.8894,0.9036,0.8428,0.9186,0.838,0.5158,0.943,0.8458,0.6256,0.9568,0.9416,0.9264,0.5788,0.9088,0.998,0.9028,0.9224,0.582,0.9572,0.9438,0.9256,0.9576,0.9496,0.9158,0.892,0.9686,0.9052,0.794,0.868,0.997,0.8474,0.865,0.9216,0.922,0.9398,0.9948,0.88,0.8676,0.8926,0.8094,0.8098,0.8532,0.8832,0.84,0.7134,0.9046,0.9474,0.8224,0.882,0.8274,0.9046,0.9434,0.8648,0.8712,0.8636,0.7822,0.7824,0.9032,0.9162,0,0.7576,0.8844,0
C0002622,Amnesia,0.3146,0.2474,0.6952,0.696,0.331,0.7246,0.298,0.8308,0.7166,0.506,0.8096,0.8458,0.8526,0.683,0,0.3318,0.8044,0.6444,0.3736,0.3398,0.78,0.7576,0.5862,0.7672,0.309,0.7746,0.726,0.3444,0.8378,0.8382,0.7312,0.6134,0.8216,0.848,0.8444,0.3652,0.5522,0.4946,0.7466,0.7884,0.7676,0.8358,0.7946,0.7532,0.7812,0.3276,0.8532,0.7778,0.6986,0.4258,0.6318,0.7352,0.7006,0.458,0.6654,0,0.632,0,0,0.639,0.7826,0,0.744,0.518,0.7196,0.7722,0,0,0.7236,0,0,0,0
C0020557,Hypertriglyceridemia,0.6502,0.4762,0.9484,0.837,0.4954,0.746,0.3778,0.8754,0.5064,0.5186,0.7744,0.8718,0.7448,0.751,0.852,0.4818,0.6986,0.8186,0.5804,0.4358,0.7792,0.921,0.5702,0.9366,0.7284,0.6912,0.8882,0.5114,0.5874,0.754,0.8998,0.7876,0.7694,0.9216,0.6478,0.5106,0.4672,0.5756,0.8678,0.608,0.683,0.796,0.8316,0.7536,0.9242,0.4826,0.5702,0.8704,0.7994,0.6036,0.72,0.5358,0.7182,0.7688,0.6616,0.8082,0.4666,0.7132,0.8422,0.5768,0.7788,0.8336,0.5576,0.6844,0.7554,0.706,0.7112,0.7164,0.6864,0,0.7916,0,0
C0019080,Hemorrhage,0.837,0.5098,0.9956,0.9702,0.5904,0.9772,0.265,0.9736,0.9564,0.6104,0.8782,0.9848,0.8264,0.9328,0.8864,0.5988,0.9888,0.9668,0.7852,0.8644,0.9864,0.955,0.4542,0.9742,0.7178,0.8474,0.978,0.6542,0.9772,0.9564,0.9682,0.4646,0.9464,0.9696,0.9794,0.7316,0.9734,0.9478,0.9876,0.574,0.7628,0.9534,0.9598,0.8994,0.9806,0.759,0.8516,0.9768,0.8812,0.867,0.9678,0.985,0.8544,0.9554,0.7358,0.9094,0.7626,0.8242,0.9636,0.8606,0.907,0.9212,0.8998,0.9632,0.8456,0.8268,0.9184,0.9162,0.8922,0.9534,0.8686,0.887,0
C0038220,Status Epilepticus,0.226,0.0544,0.9992,0.9996,0.1116,0.9998,0.2782,1,1,0.454,1,1,1,0.9998,0.9996,0.0998,0.9992,1,0.0622,0.6026,1,1,0.9538,1,0.5094,1,1,0.0752,0.9998,1,0.9992,0.9448,1,0.9998,0.9992,0.2196,0.9998,1,1,0.9906,1,0.9998,0.9994,0.9998,1,0.7574,1,1,0.9998,1,0.9998,0.9998,0.9998,1,1,0.9998,0.9266,0.9998,0.9998,1,1,0.9998,1,0.9998,1,0.9994,1,1,1,1,1,0.9998,0.9996
C1561643,Chronic Kidney Diseases,0.2704,0.3368,0.7944,0.5946,0.4674,0.766,0.5736,0.7132,0.7372,0.714,0.6798,0.7434,0.831,0.7672,0.7652,0.5148,0.786,0.7518,0.2844,0.8334,0.8554,0.7754,0.8102,0.7368,0.6408,0.7254,0.8228,0.344,0.821,0.632,0.9004,0.9276,0.7922,0.8046,0.8666,0.7528,0.833,0.8708,0.7274,0.9184,0.8944,0.778,0.7986,0.8876,0.8496,0.7558,0.8726,0.8884,0.84,0.76,0.8506,0.8472,0.7242,0.8422,0.934,0.84,0.877,0.7646,0.8386,0.8958,0.8322,0.8284,0.754,0.8546,0.8264,0.9052,0.7908,0.8648,0.8804,0,0.8038,0.8486,0
C0023473,"Myeloid Leukemia, Chronic",0.1416,0.0688,0.9928,0.997,0.0952,0.9996,0.5008,0.9988,0.999,0.3248,0.9998,0.999,0.9998,0.9978,0.9986,0.0958,0.9972,1,0.1188,0.4886,0.9998,1,0.8762,0.9996,0.4214,1,0.9998,0.1178,0.9998,0.9996,0.9998,0.8444,1,0.9996,1,0.5074,0.9998,0.9998,0.9994,0.7556,1,0.9996,0.9996,1,0.9998,0.8258,0.9998,1,0.9998,0.996,0.9992,1,1,1,0.9996,0.9994,0.7522,0.9998,0.999,1,1,0.9994,1,0.9996,0.9998,0.9996,1,0.999,0.9996,0.9992,0.9996,0.9994,0.9988
C0023470,Myeloid Leukemia,0.0706,0.0242,0.9916,1,0.057,0.9998,0.1654,0.9996,0.9992,0.7494,1,1,0.9996,1,1,0.0616,1,0.9998,0.0656,0.373,0.9994,1,0.9686,1,0.481,1,1,0.0498,1,0.9998,1,0.9876,1,1,1,0.2936,0.9998,1,1,0.9788,1,1,1,1,1,0.7786,1,1,1,0.9998,1,1,1,1,1,1,0.9918,0.9998,1,1,1,1,1,0.9998,1,0.9998,1,1,1,1,0.9998,1,1
C0006663,Calcinosis,0.5044,0.1934,0.9992,0.9938,0.2166,0.9974,0.4332,0.9996,0.9626,0.5256,0.9804,0.9992,0.9578,0.9972,0.9862,0.1794,0.9934,0.9868,0.3606,0.6264,0.9968,0.9998,0.7226,0.9992,0.788,0.995,0.9978,0.1958,0.9888,0.959,0.991,0.9054,0.993,0.9968,0.9902,0.5908,0.9898,0.9856,0.997,0.8142,0.9788,0.995,0.9984,0.994,0.9972,0.7008,0.9768,0.9858,0.993,0.9726,0.9902,0.982,0.9874,0.994,0.9594,0.998,0.6926,0.9754,0.9976,0.9762,0.9934,0.9988,0.9868,0.996,0.9888,0.9372,0.9588,0.9964,0.9856,0.9982,0.921,0.9958,0
C0003504,Aortic Valve Insufficiency,0.458,0.4144,0.8806,0.717,0.4484,0.8986,0.693,0.8698,0.7706,0.5422,0.763,0.8224,0.6608,0.7694,0.8794,0.4356,0.916,0.8848,0.3398,0.676,0.8836,0.876,0.6426,0.8724,0.8076,0.831,0.8292,0.4264,0.9194,0.679,0.856,0.7258,0.7062,0.8414,0.9118,0.3476,0.8744,0.7352,0.8108,0.6102,0.8074,0.8464,0.81,0.8384,0.874,0.3408,0.691,0.8716,0.8698,0.6714,0.783,0.8346,0.79,0.79,0.8134,0.8908,0.7706,0.8468,0.8808,0.7894,0.8204,0.8632,0.7344,0.7574,0.7824,0.766,0.84,0.8628,0.784,0.9464,0.8772,0,0
C1960469,Left ventricular noncompaction,0.7096,0.3884,0.9988,0.9554,0.4438,0.9992,0.241,0.998,0.9862,0.889,0.937,0.9942,0.862,0.983,0.9604,0.4488,0.9998,0.9972,0.4744,0.735,0.9866,0.998,0.5716,0.9978,0.98,0.8972,0.9886,0.509,0.9964,0.9698,0.9924,0.5876,0.8192,0.9962,0.9986,0.881,0.9976,0.957,0.9944,0.8224,0.8038,0.9508,0.9926,0.9398,0.9912,0.9526,0.918,0.9754,0.9458,0.8416,0.9922,0.9796,0.949,0.9766,0.7876,0.9876,0.9688,0.8626,0.9776,0.875,0.9088,0.9828,0.9354,0.9188,0.9442,0.8202,0.824,0.9442,0.866,0.99,0.7768,0.9504,0.9584
C0030567,Parkinson Disease,0.0468,0.0004,1,0.9982,0.0014,1,0.0206,1,0.9996,0.3134,0.9986,0.9998,0.9902,0.9994,0.999,0.001,1,1,0.002,0.197,1,1,0.2618,1,0.2232,0.9932,0.9996,0.0002,1,0.9998,1,0.3564,0.9944,1,1,0.3608,1,0.9994,0.9998,0.4302,0.9782,0.9996,1,0.9986,1,0.212,0.9978,0.9998,0.9994,0.999,0.9962,0.9988,0.9968,0.9998,0.975,1,0.8726,0.9992,0.9994,0.9832,0.9978,0.9996,0.9988,0.9998,0.9954,0.961,0.989,0.998,0.9986,0,0.998,0.9986,0
C0014170,Endometrial Neoplasms,0.2038,0.0664,1,1,0.066,0.9998,0.447,1,0.9996,0.992,1,1,1,1,1,0.0708,1,1,0.1548,0.6526,1,1,0.8254,1,0.8576,1,1,0.0754,1,1,1,0.9882,1,1,1,0.4956,0.9996,1,1,0.9998,1,1,1,1,1,0.9554,1,1,1,1,0.9998,1,1,1,1,1,0.99,1,1,1,1,1,1,1,1,1,1,1,1,1,1,1,1
C0243026,Sepsis,0.765,0.3506,0.9998,0.9996,0.4292,0.9986,0.1118,1,0.9856,0.9134,0.9982,1,0.9852,0.9998,0.9954,0.393,0.999,0.9944,0.6586,0.2998,0.992,1,0.2114,1,0.9106,0.991,1,0.3904,0.998,0.9978,0.9986,0.5056,0.9998,0.9998,0.9988,0.857,0.9944,0.935,0.9978,0.4566,0.9692,1,0.9998,0.9986,0.9994,0.84,0.9978,0.9954,0.997,0.9876,0.9976,0.9858,0.993,0.9848,0.9852,0.9998,0.7822,0.999,0.9994,0.9934,0.998,0.9996,0.9934,0.992,0.9856,0.9846,0.9934,0.9998,0.9994,0.9942,0.9882,0.998,0.9954
C0014175,Endometriosis,0.1068,0.0062,1,1,0.0126,1,0.0252,1,1,0.0746,1,1,0.9984,1,1,0.0122,1,1,0.0152,0.342,1,1,0.797,1,0.109,0.9998,1,0.01,1,1,1,0.8104,0.9994,1,1,0.0398,1,1,1,0.8556,0.9934,1,1,1,1,0.1072,0.9998,1,1,1,1,1,1,1,0.9996,1,0.7464,1,1,0.9902,1,1,0.9996,1,1,0.9962,1,1,1,0,1,1,1
C0014859,Esophageal Neoplasms,0.0204,0,1,1,0.0002,1,0.0072,1,1,0.231,1,1,1,1,1,0.0002,1,1,0.0048,0.0016,1,1,0.812,1,0.1462,1,1,0.0004,1,1,1,0.5498,1,1,1,0.0026,1,1,1,0.8042,1,1,1,1,1,0.1344,1,1,1,1,1,1,1,1,1,1,0.9744,1,1,1,1,1,1,1,1,1,1,1,1,1,1,1,1
C0341106,Eosinophilic esophagitis,0.0074,0.018,0.1064,0.128,0.0106,0.1252,0.159,0.0712,0.0296,0.0988,0.1448,0.1696,0.1338,0,0,0.0116,0.0898,0.0768,0.0066,0.009,0.3488,0.101,0.1734,0.1486,0.0716,0.1606,0.1838,0.0106,0.0514,0.1298,0.2554,0.1566,0.1618,0.2182,0.0718,0.0218,0.0322,0.125,0.0754,0.049,0.1786,0,0,0.1492,0,0.2106,0.1482,0.193,0,0.1064,0.14,0.0628,0.1444,0.2216,0.2118,0,0.1216,0,0,0.165,0,0,0.1776,0.2366,0,0.159,0,0,0,0,0,0,0
C0005684,Malignant neoplasm of urinary bladder,0.2288,0.0292,0.9126,0.7282,0.0444,0.8778,0.2278,0.9236,0.8404,0.1522,0.8016,0.9848,0.6586,0.9366,0.8086,0.043,0.9456,0.737,0.0682,0.1472,0.9488,0.9166,0.918,0.9612,0.0772,0.8588,0.9554,0.0584,0.8694,0.6688,0.9654,0.8498,0.9592,0.885,0.6548,0.1032,0.7284,0.8578,0.819,0.6306,0.8746,0.9874,0.9786,0.8892,0.977,0.152,0.6374,0.9498,0.9156,0.7802,0.899,0.777,0.8002,0.7796,0.7854,0.9682,0.7176,0.909,0.9646,0.7754,0.9214,0.9754,0.6998,0.6746,0.8754,0.7312,0.9004,0.9546,0.7982,0,0.9496,0.894,0.901
C0752347,Lewy Body Disease,0.0546,0.013,0.958,0.9262,0.016,0.9766,0.2726,0.9978,0.9474,0.0554,0.9788,0.9978,0.9062,0.9962,0.98,0.0266,0.9892,0.9822,0.0122,0.042,0.999,0.9978,0.9924,0.9994,0.03,0.9888,0.9988,0.0222,0.9842,0.9466,0.9942,0.4578,0.9998,0.9964,0.981,0.0374,0.9894,0.9882,0.9932,0.2536,0.9646,0.9996,0.9982,0.9802,0.9966,0.0636,0.9052,0.9946,0.9986,0.96,0.9874,0.9506,0.9346,0.9974,0.9614,0.9992,0.6328,0.9964,0.991,0.8954,0.9936,0.9984,0.9338,0.9836,0.9956,0.902,0.9876,0.9976,0.9782,0.9992,0.9636,0.994,0.981
C3160718,"PARKINSON DISEASE, LATE-ONSET",0.0052,0.0094,0.7628,0.9236,0.0096,0.9772,0.109,0.9838,0.9542,0.1142,0.9974,0.9952,0.9618,0.9948,0.96,0.0102,0.9468,0.9788,0.0126,0.069,0.9934,0.9974,0.5476,0.9964,0.1516,0.994,0.9978,0.0142,0.9734,0.9928,0.9976,0.6518,0.9948,0.9946,0.982,0.0762,0.9908,0.9962,0.9976,0.7784,0.9806,0.9974,0.997,0.9942,0.9968,0.3128,0.9978,0.9918,0.9972,0.9856,0.9904,0.9924,0.9768,0.9978,0.993,0.9972,0.8988,0.9824,0.9836,0.9812,0.9948,0.9958,0.9986,0.9912,0.9938,0.9948,0.9904,0.993,0.9882,0.9944,0.9816,0.9862,0.9696
C0311375,Arsenic Poisoning,0.2848,0.0698,1,0.9974,0.1282,0.9996,0.0524,0.9998,0.9982,0.7566,1,0.9998,0.9984,0.9998,0.9984,0.1066,0.9998,0.9942,0.2208,0.2728,1,1,0.8512,0.9998,0.5736,0.9978,0.9996,0.1636,0.9982,0.9998,1,0.8456,1,1,0.998,0.3468,0.9994,0.9956,0.9988,0.94,0.9952,0.9998,0.9998,0.98,0.9996,0.9372,0.9998,0.9992,0.9998,0.9896,0.9988,0.9956,0.997,0.999,0.9926,0.9998,0.9756,0.9992,0.9996,0.9994,0.9992,0.9998,0.9954,1,1,0.9938,0.9998,1,1,0.9996,0.9998,1,0.9992
C0007621,Neoplastic Cell Transformation,0.0002,0,1,1,0,1,0,1,1,0.0192,1,1,1,1,1,0,1,1,0.0002,0,1,1,0.1212,1,0.0056,1,1,0,1,1,1,0.1864,1,1,1,0,1,1,1,0.7406,1,1,1,1,1,0.097,1,1,1,1,1,1,1,1,1,1,0.9532,1,1,1,1,1,1,1,1,1,1,1,1,1,1,1,1