Disease ID,Disease Name,Method,Recall@25,Recall@100,MRR
C0000768,Congenital Abnormality,Neighborhood,0.0,0.2,0.004860457956954478
C0000768,Congenital Abnormality,Random Walk,0.15,0.25,0.010815312810398022
C0000768,Congenital Abnormality,DIAMOnD,0.15,0.25,0.01254661092097135
C0000768,Congenital Abnormality,Neural Embeddings,0.0,0.0,0.0001918851231427191
C0000768,Congenital Abnormality,Matrix Completion,0.25,0.55,0.06659876323876208
C0000786,Spontaneous abortion,Neighborhood,0.0,0.0,0.0010537923855166603
C0000786,Spontaneous abortion,Random Walk,0.019090909090909092,0.057272727272727274,0.0032479565292917664
C0000786,Spontaneous abortion,DIAMOnD,0.04,0.09727272727272726,0.0034935203353019728
C0000786,Spontaneous abortion,Neural Embeddings,0.019090909090909092,0.04727272727272727,0.0021369196849399296
C0000786,Spontaneous abortion,Matrix Completion,0.05,0.15454545454545454,0.0181067669043656
C0001418,Adenocarcinoma,Neighborhood,0.0,0.0,0.0003714197451711679
C0001418,Adenocarcinoma,Random Walk,0.02909090909090909,0.07454545454545454,0.004830979025334186
C0001418,Adenocarcinoma,DIAMOnD,0.0,0.0,8.916658990464655e-05
C0001418,Adenocarcinoma,Neural Embeddings,0.01,0.057272727272727274,0.003279108732890499
C0001418,Adenocarcinoma,Matrix Completion,0.5063636363636363,0.5336363636363637,0.1823932358741449
C0001430,Adenoma,Neighborhood,0.0,0.0,0.00031703137933357823
C0001430,Adenoma,Random Walk,0.0,0.05,0.0016788648704108386
C0001430,Adenoma,DIAMOnD,0.0,0.025,0.0004188552101869913
C0001430,Adenoma,Neural Embeddings,0.0,0.09166666666666666,0.0020652147481342222
C0001430,Adenoma,Matrix Completion,0.20833333333333334,0.3416666666666667,0.07232940369931454
C0001624,Adrenal Gland Neoplasms,Neighborhood,0.0,0.0,0.0017745151563900205
C0001624,Adrenal Gland Neoplasms,Random Walk,0.3,0.6,0.07529796905016747
C0001624,Adrenal Gland Neoplasms,DIAMOnD,0.0,0.0,7.550018388988342e-05
C0001624,Adrenal Gland Neoplasms,Neural Embeddings,0.0,0.3,0.006750052340869633
C0001624,Adrenal Gland Neoplasms,Matrix Completion,0.3,0.4,0.17787672734632273
C0001925,Albuminuria,Neighborhood,0.0,0.05,0.002610544296074819
C0001925,Albuminuria,Random Walk,0.1,0.25,0.017591458361980665
C0001925,Albuminuria,DIAMOnD,0.1,0.15,0.005127800337269388
C0001925,Albuminuria,Neural Embeddings,0.0,0.0,0.0012116470984405306
C0001925,Albuminuria,Matrix Completion,0.4,0.5,0.22192824537299302
C0001973,"Alcoholic Intoxication, Chronic",Neighborhood,0.0,0.0,0.0008070129090534834
C0001973,"Alcoholic Intoxication, Chronic",Random Walk,0.025,0.05,0.0030693043947375956
C0001973,"Alcoholic Intoxication, Chronic",DIAMOnD,0.0,0.0,9.375121895057976e-05
C0001973,"Alcoholic Intoxication, Chronic",Neural Embeddings,0.0,0.025,0.0018070438291072223
C0001973,"Alcoholic Intoxication, Chronic",Matrix Completion,0.15,0.35833333333333334,0.021978535366394384
C0002170,Alopecia,Neighborhood,0.0,0.0,0.0009205627899132758
C0002170,Alopecia,Random Walk,0.0,0.0,0.0014268868807782303
C0002170,Alopecia,DIAMOnD,0.0,0.0,0.00010693754553614117
C0002170,Alopecia,Neural Embeddings,0.0,0.0,0.0005555787619136414
C0002170,Alopecia,Matrix Completion,0.1,0.45,0.11034223495969027
C0002395,Alzheimer's Disease,Neighborhood,0.0,0.0,0.0003306173329685582
C0002395,Alzheimer's Disease,Random Walk,0.006666666666666666,0.02,0.007781034017676142
C0002395,Alzheimer's Disease,DIAMOnD,0.02761904761904762,0.02761904761904762,0.0029448785362361576
C0002395,Alzheimer's Disease,Neural Embeddings,0.01380952380952381,0.02095238095238095,0.001761012584925252
C0002395,Alzheimer's Disease,Matrix Completion,0.1038095238095238,0.2866666666666667,0.023059897838536573
C0002514,"Amino Acid Metabolism, Inborn Errors",Neighborhood,0.0,0.0,0.0001839886812535248
C0002514,"Amino Acid Metabolism, Inborn Errors",Random Walk,0.0,0.0,0.0003246072492984949
C0002514,"Amino Acid Metabolism, Inborn Errors",DIAMOnD,0.0,0.1,0.0015422105619725076
C0002514,"Amino Acid Metabolism, Inborn Errors",Neural Embeddings,0.0,0.0,0.00025094502651185974
C0002514,"Amino Acid Metabolism, Inborn Errors",Matrix Completion,0.0,0.15,0.0034468390407140213
C0002622,Amnesia,Neighborhood,0.0,0.0,0.0005422042776847336
C0002622,Amnesia,Random Walk,0.05,0.1,0.012419579993425849
C0002622,Amnesia,DIAMOnD,0.0,0.0,7.067219839334216e-05
C0002622,Amnesia,Neural Embeddings,0.0,0.05,0.0013626864387919649
C0002622,Amnesia,Matrix Completion,0.25,0.7,0.06192886066088586
C0002736,Amyotrophic Lateral Sclerosis,Neighborhood,0.0,0.0,0.0003264271658128997
C0002736,Amyotrophic Lateral Sclerosis,Random Walk,0.016666666666666666,0.06190476190476191,0.001921346959006577
C0002736,Amyotrophic Lateral Sclerosis,DIAMOnD,0.0,0.0,7.421695239783319e-05
C0002736,Amyotrophic Lateral Sclerosis,Neural Embeddings,0.016666666666666666,0.03333333333333333,0.00249234803294444
C0002736,Amyotrophic Lateral Sclerosis,Matrix Completion,0.07619047619047618,0.07619047619047618,0.042072186246836216
C0002871,Anemia,Neighborhood,0.08333333333333333,0.13333333333333333,0.008953079490537193
C0002871,Anemia,Random Walk,0.08333333333333333,0.15,0.013551801749888783
C0002871,Anemia,DIAMOnD,0.08333333333333333,0.08333333333333333,0.006190046182220285
C0002871,Anemia,Neural Embeddings,0.0,0.0,0.0003690275883985759
C0002871,Anemia,Matrix Completion,0.4,0.45,0.10584682982535734
C0002878,"Anemia, Hemolytic",Neighborhood,0.0,0.1,0.002076220024080263
C0002878,"Anemia, Hemolytic",Random Walk,0.0,0.0,0.0023742621171160866
C0002878,"Anemia, Hemolytic",DIAMOnD,0.1,0.3,0.008095057864473384
C0002878,"Anemia, Hemolytic",Neural Embeddings,0.0,0.0,0.0004338840141748767
C0002878,"Anemia, Hemolytic",Matrix Completion,0.25,0.25,0.021300449555127964
C0002895,"Anemia, Sickle Cell",Neighborhood,0.0,0.0,0.0014410849528920782
C0002895,"Anemia, Sickle Cell",Random Walk,0.0,0.1,0.002670733048922024
C0002895,"Anemia, Sickle Cell",DIAMOnD,0.0,0.0,9.588108341226887e-05
C0002895,"Anemia, Sickle Cell",Neural Embeddings,0.0,0.0,0.0008065841382537524
C0002895,"Anemia, Sickle Cell",Matrix Completion,0.1,0.4,0.10953603314664746
C0003123,Anorexia,Neighborhood,0.1,0.3,0.008756622252818782
C0003123,Anorexia,Random Walk,0.35,0.4,0.05118594464548763
C0003123,Anorexia,DIAMOnD,0.35,0.55,0.027031804105409916
C0003123,Anorexia,Neural Embeddings,0.15,0.2,0.03116185630688569
C0003123,Anorexia,Matrix Completion,0.45,0.55,0.17173348888440446
C0003130,Anoxia,Neighborhood,0.0,0.0,0.0005818383035285747
C0003130,Anoxia,Random Walk,0.0,0.03333333333333333,0.0014734581811533163
C0003130,Anoxia,DIAMOnD,0.0,0.0,7.384101703743348e-05
C0003130,Anoxia,Neural Embeddings,0.0,0.03333333333333333,0.0009910172864479685
C0003130,Anoxia,Matrix Completion,0.18333333333333332,0.3,0.05834990375749671
C0003469,Anxiety Disorders,Neighborhood,0.0,0.03333333333333333,0.0014380667840732685
C0003469,Anxiety Disorders,Random Walk,0.19166666666666665,0.225,0.029918935161523098
C0003469,Anxiety Disorders,DIAMOnD,0.06666666666666667,0.06666666666666667,0.01895694957413506
C0003469,Anxiety Disorders,Neural Embeddings,0.125,0.125,0.07838446676361185
C0003469,Anxiety Disorders,Matrix Completion,0.38333333333333336,0.6,0.11181105575375064
C0003504,Aortic Valve Insufficiency,Neighborhood,0.0,0.2,0.006275898986000339
C0003504,Aortic Valve Insufficiency,Random Walk,0.25,0.25,0.10863539734203456
C0003504,Aortic Valve Insufficiency,DIAMOnD,0.0,0.35,0.0058092701128918695
C0003504,Aortic Valve Insufficiency,Neural Embeddings,0.0,0.0,0.0003601121374229839
C0003504,Aortic Valve Insufficiency,Matrix Completion,0.35,0.65,0.045098227339219726
C0003811,Cardiac Arrhythmia,Neighborhood,0.0,0.1,0.0019141579994892404
C0003811,Cardiac Arrhythmia,Random Walk,0.05,0.05,0.004161843548946115
C0003811,Cardiac Arrhythmia,DIAMOnD,0.0,0.15,0.002600523143383223
C0003811,Cardiac Arrhythmia,Neural Embeddings,0.0,0.0,0.00024586062053511134
C0003811,Cardiac Arrhythmia,Matrix Completion,0.3,0.4,0.1323812654050205
C0003872,"Arthritis, Psoriatic",Neighborhood,0.0,0.0,0.00023950047987695376
C0003872,"Arthritis, Psoriatic",Random Walk,0.0,0.0,0.0006067620376753382
C0003872,"Arthritis, Psoriatic",DIAMOnD,0.0,0.0,8.978754268227475e-05
C0003872,"Arthritis, Psoriatic",Neural Embeddings,0.0,0.0,0.0008604032198512134
C0003872,"Arthritis, Psoriatic",Matrix Completion,0.3,0.35,0.0733019088526404
C0003873,Rheumatoid Arthritis,Neighborhood,0.0,0.004545454545454545,0.0006411075052397805
C0003873,Rheumatoid Arthritis,Random Walk,0.0,0.023593073593073593,0.0009692692166275591
C0003873,Rheumatoid Arthritis,DIAMOnD,0.009307359307359308,0.04264069264069264,0.0023699372582272294
C0003873,Rheumatoid Arthritis,Neural Embeddings,0.0,0.009523809523809523,0.0006623773038577268
C0003873,Rheumatoid Arthritis,Matrix Completion,1.0,1.0,0.17300608264016953
C0004096,Asthma,Neighborhood,0.0,0.0,0.0005867598849233194
C0004096,Asthma,Random Walk,0.01,0.02909090909090909,0.0015053013156458963
C0004096,Asthma,DIAMOnD,0.0,0.0,9.053284141522346e-05
C0004096,Asthma,Neural Embeddings,0.0,0.01818181818181818,0.0010482155081109827
C0004096,Asthma,Matrix Completion,0.16272727272727272,0.2954545454545454,0.0477720220547132
C0004114,Astrocytoma,Neighborhood,0.0,0.03333333333333333,0.0013422265058805566
C0004114,Astrocytoma,Random Walk,0.2,0.2833333333333333,0.03945961444395567
C0004114,Astrocytoma,DIAMOnD,0.0,0.08333333333333333,0.0016991318208207397
C0004114,Astrocytoma,Neural Embeddings,0.0,0.15,0.00401945905308329
C0004114,Astrocytoma,Matrix Completion,0.21666666666666665,0.4833333333333333,0.0713673473143356
C0004134,Ataxia,Neighborhood,0.0,0.45,0.010606767957222962
C0004134,Ataxia,Random Walk,0.1,0.35,0.01000692498721404
C0004134,Ataxia,DIAMOnD,0.0,0.05,0.0019958389137840014
C0004134,Ataxia,Neural Embeddings,0.0,0.0,0.0003484076819733539
C0004134,Ataxia,Matrix Completion,0.1,0.15,0.012314070785572478
C0004153,Atherosclerosis,Neighborhood,0.0,0.0,0.0008012772278281734
C0004153,Atherosclerosis,Random Walk,0.0,0.056666666666666664,0.0024578337564411016
C0004153,Atherosclerosis,DIAMOnD,0.0,0.02,0.00027882397031054695
C0004153,Atherosclerosis,Neural Embeddings,0.0,0.056666666666666664,0.0023874703541438965
C0004153,Atherosclerosis,Matrix Completion,0.39333333333333337,0.56,0.10369203410480496
C0004238,Atrial Fibrillation,Neighborhood,0.05,0.05,0.003353015866550966
C0004238,Atrial Fibrillation,Random Walk,0.03333333333333333,0.03333333333333333,0.0045658859317147926
C0004238,Atrial Fibrillation,DIAMOnD,0.05,0.16666666666666666,0.005092475447233822
C0004238,Atrial Fibrillation,Neural Embeddings,0.0,0.0,0.0002536739463685499
C0004238,Atrial Fibrillation,Matrix Completion,0.25,0.2833333333333333,0.04993633667228174
C0004352,Autistic Disorder,Neighborhood,0.0,0.004347826086956522,0.0008901108366876402
C0004352,Autistic Disorder,Random Walk,0.0,0.029891304347826088,0.0013552068363520777
C0004352,Autistic Disorder,DIAMOnD,0.021376811594202898,0.05126811594202898,0.004225164537736348
C0004352,Autistic Disorder,Neural Embeddings,0.0,0.004347826086956522,0.0006980770698122214
C0004352,Autistic Disorder,Matrix Completion,1.0,1.0,0.1608518275593444
C0004364,Autoimmune Diseases,Neighborhood,0.0,0.0,0.0009284728778715288
C0004364,Autoimmune Diseases,Random Walk,0.0,0.05,0.0019245678873275707
C0004364,Autoimmune Diseases,DIAMOnD,0.0,0.0,7.997935289588676e-05
C0004364,Autoimmune Diseases,Neural Embeddings,0.0,0.025,0.0011233858861897394
C0004364,Autoimmune Diseases,Matrix Completion,0.14999999999999997,0.3416666666666667,0.04030321262006969
C0004763,Barrett Esophagus,Neighborhood,0.0,0.1,0.0022141011740076295
C0004763,Barrett Esophagus,Random Walk,0.0,0.15,0.003373130485460374
C0004763,Barrett Esophagus,DIAMOnD,0.0,0.0,7.919084715681682e-05
C0004763,Barrett Esophagus,Neural Embeddings,0.0,0.0,0.0007025278285051082
C0004763,Barrett Esophagus,Matrix Completion,0.2,0.4,0.06247849256069402
C0004782,Basal Ganglia Diseases,Neighborhood,0.0,0.1,0.0028458155110575
C0004782,Basal Ganglia Diseases,Random Walk,0.0,0.0,0.0016487638618320776
C0004782,Basal Ganglia Diseases,DIAMOnD,0.0,0.0,0.00040648730260808234
C0004782,Basal Ganglia Diseases,Neural Embeddings,0.0,0.0,0.00023333515138972342
C0004782,Basal Ganglia Diseases,Matrix Completion,0.3,0.35,0.1138718371916041
C0004936,Mental disorders,Neighborhood,0.0,0.2,0.0026749831654623384
C0004936,Mental disorders,Random Walk,0.0,0.1,0.0039632244476419404
C0004936,Mental disorders,DIAMOnD,0.0,0.0,9.722166816426834e-05
C0004936,Mental disorders,Neural Embeddings,0.0,0.0,0.0004264104171281131
C0004936,Mental disorders,Matrix Completion,0.35,0.45,0.041615263243855796
C0004943,Behcet Syndrome,Neighborhood,0.03333333333333333,0.1,0.0036927519621904902
C0004943,Behcet Syndrome,Random Walk,0.1,0.25,0.022279922784144496
C0004943,Behcet Syndrome,DIAMOnD,0.08333333333333333,0.08333333333333333,0.005748649421132268
C0004943,Behcet Syndrome,Neural Embeddings,0.0,0.03333333333333333,0.0014969813012271622
C0004943,Behcet Syndrome,Matrix Completion,0.21666666666666665,0.35,0.0355475476281246
C0005283,beta Thalassemia,Neighborhood,0.0,0.0,0.0019918861429349607
C0005283,beta Thalassemia,Random Walk,0.0,0.2,0.004120436045711499
C0005283,beta Thalassemia,DIAMOnD,0.0,0.2,0.00508102377864317
C0005283,beta Thalassemia,Neural Embeddings,0.0,0.0,0.00035246012692339657
C0005283,beta Thalassemia,Matrix Completion,0.2,0.3,0.016798788863841504
C0005586,Bipolar Disorder,Neighborhood,0.0,0.03333333333333333,0.0011279720690089783
C0005586,Bipolar Disorder,Random Walk,0.047619047619047616,0.047619047619047616,0.004511885585262619
C0005586,Bipolar Disorder,DIAMOnD,0.0,0.05,0.0010015550207239778
C0005586,Bipolar Disorder,Neural Embeddings,0.0,0.0,0.00046258731525619727
C0005586,Bipolar Disorder,Matrix Completion,0.21666666666666665,0.3785714285714285,0.046310920504778336
C0005612,Birth Weight,Neighborhood,0.0,0.0,0.00010008099680765006
C0005612,Birth Weight,Random Walk,0.0,0.0,0.00010507967577221334
C0005612,Birth Weight,DIAMOnD,0.0,0.0,0.00010034215025066999
C0005612,Birth Weight,Neural Embeddings,0.0,0.0,0.00010580680899099516
C0005612,Birth Weight,Matrix Completion,0.0,0.2,0.00861608051204645
C0005684,Malignant neoplasm of urinary bladder,Neighborhood,0.0,0.0,0.0009494681423269475
C0005684,Malignant neoplasm of urinary bladder,Random Walk,0.1,0.15,0.005179629894480902
C0005684,Malignant neoplasm of urinary bladder,DIAMOnD,0.0,0.0,0.00022434091879194672
C0005684,Malignant neoplasm of urinary bladder,Neural Embeddings,0.15,0.15,0.009298062415983698
C0005684,Malignant neoplasm of urinary bladder,Matrix Completion,0.25,0.35,0.02013437861734268
C0005695,Bladder Neoplasm,Neighborhood,0.0,0.0,0.0004550005225418515
C0005695,Bladder Neoplasm,Random Walk,0.04818181818181818,0.057272727272727274,0.005944964838035663
C0005695,Bladder Neoplasm,DIAMOnD,0.00909090909090909,0.019090909090909092,0.009309060036867888
C0005695,Bladder Neoplasm,Neural Embeddings,0.038181818181818185,0.07636363636363637,0.004768986212638944
C0005695,Bladder Neoplasm,Matrix Completion,1.0,1.0,0.283715564738292
C0005910,Body Weight,Neighborhood,0.0,0.1,0.002777443848742241
C0005910,Body Weight,Random Walk,0.0,0.1,0.0014576639079044518
C0005910,Body Weight,DIAMOnD,0.1,0.15,0.007476697716082706
C0005910,Body Weight,Neural Embeddings,0.1,0.1,0.010636754959664228
C0005910,Body Weight,Matrix Completion,0.1,0.4,0.10743680369469615
C0005941,"Bone Diseases, Developmental",Neighborhood,0.0,0.0,8.077128513024102e-05
C0005941,"Bone Diseases, Developmental",Random Walk,0.0,0.0,0.00024325205568795686
C0005941,"Bone Diseases, Developmental",DIAMOnD,0.0,0.0,8.111162828627967e-05
C0005941,"Bone Diseases, Developmental",Neural Embeddings,0.0,0.0,0.0003256414132489046
C0005941,"Bone Diseases, Developmental",Matrix Completion,0.11666666666666665,0.4666666666666666,0.024538627899461304
C0005944,Metabolic Bone Disorder,Neighborhood,0.0,0.0,0.00132601989116972
C0005944,Metabolic Bone Disorder,Random Walk,0.0,0.1,0.004939889284906159
C0005944,Metabolic Bone Disorder,DIAMOnD,0.0,0.1,0.0030979352061381287
C0005944,Metabolic Bone Disorder,Neural Embeddings,0.0,0.1,0.0019535713332660557
C0005944,Metabolic Bone Disorder,Matrix Completion,0.3,0.3,0.038971391941162954
C0006111,Brain Diseases,Neighborhood,0.0,0.0,0.0005012823792795617
C0006111,Brain Diseases,Random Walk,0.05,0.11666666666666665,0.007711862787291432
C0006111,Brain Diseases,DIAMOnD,0.0,0.0,0.0003291496429512004
C0006111,Brain Diseases,Neural Embeddings,0.05,0.05,0.016992286685783987
C0006111,Brain Diseases,Matrix Completion,0.11666666666666665,0.25,0.018959123388700202
C0006118,Brain Neoplasms,Neighborhood,0.0,0.03333333333333333,0.0012755557455625744
C0006118,Brain Neoplasms,Random Walk,0.03333333333333333,0.13333333333333333,0.008012973528398006
C0006118,Brain Neoplasms,DIAMOnD,0.0,0.03333333333333333,0.0007109792868632703
C0006118,Brain Neoplasms,Neural Embeddings,0.0,0.05,0.0015361696868698518
C0006118,Brain Neoplasms,Matrix Completion,0.26666666666666666,0.3833333333333333,0.0703691704114898
C0006142,Malignant neoplasm of breast,Neighborhood,0.0,0.016666666666666666,0.0009775052817819587
C0006142,Malignant neoplasm of breast,Random Walk,0.02857142857142857,0.04523809523809523,0.003661661115408035
C0006142,Malignant neoplasm of breast,DIAMOnD,0.0,0.03333333333333333,0.0008300924543450858
C0006142,Malignant neoplasm of breast,Neural Embeddings,0.0,0.030952380952380953,0.0010280087005326225
C0006142,Malignant neoplasm of breast,Matrix Completion,0.06428571428571428,0.12857142857142856,0.008923742335790219
C0006413,Burkitt Lymphoma,Neighborhood,0.0,0.0,0.0007712864859563197
C0006413,Burkitt Lymphoma,Random Walk,0.0,0.15,0.004444838935379869
C0006413,Burkitt Lymphoma,DIAMOnD,0.0,0.0,9.087133124833366e-05
C0006413,Burkitt Lymphoma,Neural Embeddings,0.0,0.05,0.0020103962875241714
C0006413,Burkitt Lymphoma,Matrix Completion,0.15,0.25,0.013037862108964737
C0006625,Cachexia,Neighborhood,0.0,0.2,0.004504436694086239
C0006625,Cachexia,Random Walk,0.0,0.2,0.008377372790305277
C0006625,Cachexia,DIAMOnD,0.0,0.0,9.833166688392717e-05
C0006625,Cachexia,Neural Embeddings,0.0,0.0,0.0008745701507919458
C0006625,Cachexia,Matrix Completion,0.4,0.5,0.2589841467388747
C0006663,Calcinosis,Neighborhood,0.0,0.0,0.0016508125991383227
C0006663,Calcinosis,Random Walk,0.025,0.175,0.0053124319500516964
C0006663,Calcinosis,DIAMOnD,0.05,0.1,0.0033173853738522547
C0006663,Calcinosis,Neural Embeddings,0.0,0.03333333333333333,0.0017849592481525422
C0006663,Calcinosis,Matrix Completion,0.19166666666666665,0.3666666666666666,0.03331745420596842
C0007117,Basal cell carcinoma,Neighborhood,0.03333333333333333,0.13333333333333333,0.0033851121543383073
C0007117,Basal cell carcinoma,Random Walk,0.18333333333333332,0.2333333333333333,0.029990126431822035
C0007117,Basal cell carcinoma,DIAMOnD,0.03333333333333333,0.08333333333333333,0.0036700418878299855
C0007117,Basal cell carcinoma,Neural Embeddings,0.05,0.15,0.005210176193644829
C0007117,Basal cell carcinoma,Matrix Completion,0.15,0.4333333333333333,0.07047724874802899
C0007131,Non-Small Cell Lung Carcinoma,Neighborhood,0.0,0.0,0.00044240472181638284
C0007131,Non-Small Cell Lung Carcinoma,Random Walk,0.02727272727272727,0.06363636363636363,0.004099898070243775
C0007131,Non-Small Cell Lung Carcinoma,DIAMOnD,0.0,0.0,0.00012927810197616436
C0007131,Non-Small Cell Lung Carcinoma,Neural Embeddings,0.00909090909090909,0.02727272727272727,0.00241345600077387
C0007131,Non-Small Cell Lung Carcinoma,Matrix Completion,0.21666666666666665,0.45227272727272727,0.06834951825799791
C0007134,Renal Cell Carcinoma,Neighborhood,0.0,0.0,0.0005009540484396546
C0007134,Renal Cell Carcinoma,Random Walk,0.008333333333333333,0.04935897435897435,0.001879785770974473
C0007134,Renal Cell Carcinoma,DIAMOnD,0.0,0.0,0.0001307029914312219
C0007134,Renal Cell Carcinoma,Neural Embeddings,0.008333333333333333,0.03333333333333333,0.0013536375951306218
C0007134,Renal Cell Carcinoma,Matrix Completion,0.14935897435897436,0.3064102564102564,0.05920946717623319
C0007137,Squamous cell carcinoma,Neighborhood,0.0,0.0,0.00044984070191555385
C0007137,Squamous cell carcinoma,Random Walk,0.025,0.13055555555555556,0.007696762915922579
C0007137,Squamous cell carcinoma,DIAMOnD,0.0,0.0,8.308523945811826e-05
C0007137,Squamous cell carcinoma,Neural Embeddings,0.0375,0.08472222222222223,0.005962600455183128
C0007137,Squamous cell carcinoma,Matrix Completion,0.43611111111111106,0.7958333333333333,0.11914008482069682
C0007138,"Carcinoma, Transitional Cell",Neighborhood,0.0,0.0,0.0005982523157380033
C0007138,"Carcinoma, Transitional Cell",Random Walk,0.05833333333333333,0.08333333333333333,0.009327227671705947
C0007138,"Carcinoma, Transitional Cell",DIAMOnD,0.0,0.06666666666666667,0.0009049592929344204
C0007138,"Carcinoma, Transitional Cell",Neural Embeddings,0.05833333333333333,0.08333333333333333,0.004588977556621814
C0007138,"Carcinoma, Transitional Cell",Matrix Completion,0.8,0.8666666666666666,0.18483353604602118
C0007193,"Cardiomyopathy, Dilated",Neighborhood,0.0,0.0,0.0007228769488650357
C0007193,"Cardiomyopathy, Dilated",Random Walk,0.04,0.125,0.004670378237942687
C0007193,"Cardiomyopathy, Dilated",DIAMOnD,0.0,0.11499999999999999,0.0015513544451854055
C0007193,"Cardiomyopathy, Dilated",Neural Embeddings,0.02,0.04,0.00399044273890453
C0007193,"Cardiomyopathy, Dilated",Matrix Completion,0.14500000000000002,0.25,0.03371697747028878
C0007194,Hypertrophic Cardiomyopathy,Neighborhood,0.0,0.0,0.0005069599187069844
C0007194,Hypertrophic Cardiomyopathy,Random Walk,0.0,0.15,0.0034078654300276727
C0007194,Hypertrophic Cardiomyopathy,DIAMOnD,0.0,0.0,8.413777427816243e-05
C0007194,Hypertrophic Cardiomyopathy,Neural Embeddings,0.0,0.1,0.003131937078553121
C0007194,Hypertrophic Cardiomyopathy,Matrix Completion,0.2,0.25,0.0458666574594858
C0007222,Cardiovascular Diseases,Neighborhood,0.0,0.02,0.0018253056765774986
C0007222,Cardiovascular Diseases,Random Walk,0.02,0.06000000000000001,0.008043164097234972
C0007222,Cardiovascular Diseases,DIAMOnD,0.0,0.1,0.0020815539644236055
C0007222,Cardiovascular Diseases,Neural Embeddings,0.0,0.02,0.001023050549962079
C0007222,Cardiovascular Diseases,Matrix Completion,0.32,0.44000000000000006,0.07249713398456639
C0007273,Carotid Artery Diseases,Neighborhood,0.0,0.0,0.0006948074728682534
C0007273,Carotid Artery Diseases,Random Walk,0.0,0.1,0.0028881521257341654
C0007273,Carotid Artery Diseases,DIAMOnD,0.0,0.0,7.283426320804396e-05
C0007273,Carotid Artery Diseases,Neural Embeddings,0.0,0.0,0.0018340084242147773
C0007273,Carotid Artery Diseases,Matrix Completion,0.5,0.7,0.07973376189567273
C0007370,Catalepsy,Neighborhood,0.0,0.1,0.0012123742086756792
C0007370,Catalepsy,Random Walk,0.0,0.2,0.004803241318901769
C0007370,Catalepsy,DIAMOnD,0.15,0.35,0.01505878973649008
C0007370,Catalepsy,Neural Embeddings,0.0,0.0,0.000749537826063233
C0007370,Catalepsy,Matrix Completion,0.5,0.75,0.2225610037223286
C0007570,Celiac Disease,Neighborhood,0.05,0.1,0.010460163338285153
C0007570,Celiac Disease,Random Walk,0.025,0.125,0.010944177233421847
C0007570,Celiac Disease,DIAMOnD,0.05,0.125,0.006914422407400915
C0007570,Celiac Disease,Neural Embeddings,0.0,0.0,0.0004846754024659487
C0007570,Celiac Disease,Matrix Completion,0.15,0.275,0.02172379907062261
C0007621,Neoplastic Cell Transformation,Neighborhood,0.0,0.0,0.0006105832815999441
C0007621,Neoplastic Cell Transformation,Random Walk,0.0875,0.14722222222222223,0.010404229213827252
C0007621,Neoplastic Cell Transformation,DIAMOnD,0.0,0.025,0.0003671287038747717
C0007621,Neoplastic Cell Transformation,Neural Embeddings,0.0375,0.13472222222222224,0.005216585185780219
C0007621,Neoplastic Cell Transformation,Matrix Completion,0.16805555555555557,0.4138888888888889,0.05923438342611435
C0007785,Cerebral Infarction,Neighborhood,0.0,0.4,0.007475871041927595
C0007785,Cerebral Infarction,Random Walk,0.1,0.3,0.039559131059305884
C0007785,Cerebral Infarction,DIAMOnD,0.3,0.4,0.020599868378306335
C0007785,Cerebral Infarction,Neural Embeddings,0.0,0.0,0.0005688357422686319
C0007785,Cerebral Infarction,Matrix Completion,0.2,0.5,0.01679862899958603
C0007786,Brain Ischemia,Neighborhood,0.0,0.0,0.0009102452918502051
C0007786,Brain Ischemia,Random Walk,0.05,0.2,0.013086223907036005
C0007786,Brain Ischemia,DIAMOnD,0.016666666666666666,0.06666666666666667,0.0027887168955746814
C0007786,Brain Ischemia,Neural Embeddings,0.016666666666666666,0.09999999999999999,0.004015212531333188
C0007786,Brain Ischemia,Matrix Completion,0.41666666666666663,0.6166666666666667,0.1223888709964367
C0007787,Transient Ischemic Attack,Neighborhood,0.0,0.0,0.0014734758175409552
C0007787,Transient Ischemic Attack,Random Walk,0.0,0.1,0.0037532500037014568
C0007787,Transient Ischemic Attack,DIAMOnD,0.0,0.0,9.791549008341855e-05
C0007787,Transient Ischemic Attack,Neural Embeddings,0.0,0.0,0.0018177990074767648
C0007787,Transient Ischemic Attack,Matrix Completion,0.2,0.2,0.12673792673561507
C0007873,Uterine Cervical Neoplasm,Neighborhood,0.0,0.0,0.0005156691636647154
C0007873,Uterine Cervical Neoplasm,Random Walk,0.0,0.2,0.003546679263474922
C0007873,Uterine Cervical Neoplasm,DIAMOnD,0.0,0.05,0.0009199744102364316
C0007873,Uterine Cervical Neoplasm,Neural Embeddings,0.05,0.1,0.009496274530553154
C0007873,Uterine Cervical Neoplasm,Matrix Completion,0.26666666666666666,0.55,0.044829842181241635
C0007959,Charcot-Marie-Tooth Disease,Neighborhood,0.0,0.03333333333333333,0.0013573782885126574
C0007959,Charcot-Marie-Tooth Disease,Random Walk,0.03333333333333333,0.06666666666666667,0.004534661200177298
C0007959,Charcot-Marie-Tooth Disease,DIAMOnD,0.0,0.03333333333333333,0.0010038507058211577
C0007959,Charcot-Marie-Tooth Disease,Neural Embeddings,0.0,0.03333333333333333,0.0009016329664705976
C0007959,Charcot-Marie-Tooth Disease,Matrix Completion,0.03333333333333333,0.06666666666666667,0.003417695511606827
C0008073,Developmental Disabilities,Neighborhood,0.0,0.0,0.0002856557852505478
C0008073,Developmental Disabilities,Random Walk,0.0,0.0,0.00048156033555978055
C0008073,Developmental Disabilities,DIAMOnD,0.0,0.0,0.00017251910916140002
C0008073,Developmental Disabilities,Neural Embeddings,0.0,0.0,0.0008450260518782417
C0008073,Developmental Disabilities,Matrix Completion,0.15,0.4,0.074216045553012
C0008074,"Child Development Disorders, Pervasive",Neighborhood,0.02,0.07666666666666666,0.002785782924277959
C0008074,"Child Development Disorders, Pervasive",Random Walk,0.02,0.07666666666666666,0.006593886869225829
C0008074,"Child Development Disorders, Pervasive",DIAMOnD,0.04,0.056666666666666664,0.0020035281281656154
C0008074,"Child Development Disorders, Pervasive",Neural Embeddings,0.0,0.0,0.0002998594698341879
C0008074,"Child Development Disorders, Pervasive",Matrix Completion,0.18666666666666668,0.34,0.04447968969512208
C0008312,Primary biliary cirrhosis,Neighborhood,0.15,0.25,0.041765108916257745
C0008312,Primary biliary cirrhosis,Random Walk,0.2,0.25,0.029111384836580222
C0008312,Primary biliary cirrhosis,DIAMOnD,0.15,0.15,0.10007307080133357
C0008312,Primary biliary cirrhosis,Neural Embeddings,0.0,0.0,0.00027780903825361323
C0008312,Primary biliary cirrhosis,Matrix Completion,0.1,0.25,0.012829743518977033
C0008370,Cholestasis,Neighborhood,0.0,0.0,0.0006804892369093078
C0008370,Cholestasis,Random Walk,0.025,0.025,0.001836956980198693
C0008370,Cholestasis,DIAMOnD,0.0,0.0,0.00022815946908003024
C0008370,Cholestasis,Neural Embeddings,0.0,0.025,0.0013191492160299447
C0008370,Cholestasis,Matrix Completion,0.18333333333333332,0.30833333333333335,0.06408246301191474
C0008625,Chromosome Aberrations,Neighborhood,0.0,0.15,0.0024662775014272003
C0008625,Chromosome Aberrations,Random Walk,0.05,0.1,0.005289812977325959
C0008625,Chromosome Aberrations,DIAMOnD,0.0,0.0,7.100742657088953e-05
C0008625,Chromosome Aberrations,Neural Embeddings,0.0,0.0,0.0005745792919338666
C0008625,Chromosome Aberrations,Matrix Completion,0.2,0.45,0.031675939685128385
C0008924,Cleft Lip,Neighborhood,0.08333333333333333,0.3,0.00880177329366296
C0008924,Cleft Lip,Random Walk,0.2,0.41666666666666663,0.07379148782190394
C0008924,Cleft Lip,DIAMOnD,0.3,0.36666666666666664,0.046191948932241364
C0008924,Cleft Lip,Neural Embeddings,0.0,0.0,0.0006595178723169448
C0008924,Cleft Lip,Matrix Completion,0.2333333333333333,0.5333333333333333,0.06687453344351328
C0008925,Cleft Palate,Neighborhood,0.025,0.125,0.00501078931064494
C0008925,Cleft Palate,Random Walk,0.1,0.325,0.06955225658434952
C0008925,Cleft Palate,DIAMOnD,0.125,0.25,0.024629817100060413
C0008925,Cleft Palate,Neural Embeddings,0.0,0.0,0.0008539000473010752
C0008925,Cleft Palate,Matrix Completion,0.275,0.45,0.06146681795296131
C0009241,Cognition Disorders,Neighborhood,0.0,0.0,0.00021792689612514616
C0009241,Cognition Disorders,Random Walk,0.03333333333333333,0.03333333333333333,0.0070309006964021
C0009241,Cognition Disorders,DIAMOnD,0.0,0.0,7.915238083892202e-05
C0009241,Cognition Disorders,Neural Embeddings,0.03333333333333333,0.03333333333333333,0.017290226237244976
C0009241,Cognition Disorders,Matrix Completion,0.3833333333333333,0.6666666666666666,0.08956484133558414
C0009319,Colitis,Neighborhood,0.0,0.06666666666666667,0.0015901571729736285
C0009319,Colitis,Random Walk,0.03333333333333333,0.1,0.006351038647865424
C0009319,Colitis,DIAMOnD,0.0,0.03333333333333333,0.001123029868523081
C0009319,Colitis,Neural Embeddings,0.0,0.03333333333333333,0.0013552612554409748
C0009319,Colitis,Matrix Completion,0.5,0.65,0.22419016379925058
C0009324,Ulcerative Colitis,Neighborhood,0.0125,0.05,0.004500344558598273
C0009324,Ulcerative Colitis,Random Walk,0.0125,0.07361111111111111,0.008526658476340527
C0009324,Ulcerative Colitis,DIAMOnD,0.025,0.0875,0.004001689165579317
C0009324,Ulcerative Colitis,Neural Embeddings,0.0,0.025,0.0014181721730553965
C0009324,Ulcerative Colitis,Matrix Completion,0.3333333333333333,0.49444444444444446,0.09185808142480938
C0009363,Congenital ocular coloboma (disorder),Neighborhood,0.0,0.0,0.0002909447199537905
C0009363,Congenital ocular coloboma (disorder),Random Walk,0.0,0.0,0.0008007774562710217
C0009363,Congenital ocular coloboma (disorder),DIAMOnD,0.0,0.0,7.124475076791123e-05
C0009363,Congenital ocular coloboma (disorder),Neural Embeddings,0.0,0.05,0.0013231006227608475
C0009363,Congenital ocular coloboma (disorder),Matrix Completion,0.2,0.2,0.05005598511522143
C0009375,Colonic Neoplasms,Neighborhood,0.0,0.0,0.000426519980359011
C0009375,Colonic Neoplasms,Random Walk,0.03205128205128205,0.06282051282051283,0.004591004163113935
C0009375,Colonic Neoplasms,DIAMOnD,0.0,0.0,0.00014921561300514788
C0009375,Colonic Neoplasms,Neural Embeddings,0.016025641025641024,0.07115384615384615,0.0037648819560685194
C0009375,Colonic Neoplasms,Matrix Completion,0.2128205128205128,0.5012820512820513,0.06719630655478988
C0009404,Colorectal Neoplasms,Neighborhood,0.0,0.0,0.0004280796489519661
C0009404,Colorectal Neoplasms,Random Walk,0.018614718614718615,0.03744588744588744,0.0023733545998290474
C0009404,Colorectal Neoplasms,DIAMOnD,0.0047619047619047615,0.0047619047619047615,0.00034152922026952243
C0009404,Colorectal Neoplasms,Neural Embeddings,0.009307359307359308,0.04696969696969697,0.0023006491616087915
C0009404,Colorectal Neoplasms,Matrix Completion,1.0,1.0,0.17184122841929628
C0009447,Common Variable Immunodeficiency,Neighborhood,0.1,0.2,0.009774806823276963
C0009447,Common Variable Immunodeficiency,Random Walk,0.15,0.25,0.013993769812474601
C0009447,Common Variable Immunodeficiency,DIAMOnD,0.2,0.2,0.02507867677841371
C0009447,Common Variable Immunodeficiency,Neural Embeddings,0.0,0.0,0.0008160253425113313
C0009447,Common Variable Immunodeficiency,Matrix Completion,0.05,0.05,0.0037111142292555036
C0009952,Febrile Convulsions,Neighborhood,0.0,0.0,0.00012784960755004638
C0009952,Febrile Convulsions,Random Walk,0.0,0.0,0.00046533144886622916
C0009952,Febrile Convulsions,DIAMOnD,0.0,0.0,0.00013248175409492913
C0009952,Febrile Convulsions,Neural Embeddings,0.0,0.0,0.0007866274977635079
C0009952,Febrile Convulsions,Matrix Completion,0.0,0.0,0.0017535070672430482
C0010068,Coronary heart disease,Neighborhood,0.0,0.0,0.0007104253639388389
C0010068,Coronary heart disease,Random Walk,0.0,0.016666666666666666,0.000987555604671852
C0010068,Coronary heart disease,DIAMOnD,0.0,0.016666666666666666,0.0004953071770966846
C0010068,Coronary heart disease,Neural Embeddings,0.0,0.016666666666666666,0.0005697751089528129
C0010068,Coronary heart disease,Matrix Completion,0.06666666666666667,0.13999999999999999,0.012753449919040899
C0010278,Craniosynostosis,Neighborhood,0.0,0.2,0.0030458280191128896
C0010278,Craniosynostosis,Random Walk,0.1,0.2,0.009023286954642232
C0010278,Craniosynostosis,DIAMOnD,0.0,0.0,0.0001069895427901265
C0010278,Craniosynostosis,Neural Embeddings,0.0,0.0,0.00029046064034011273
C0010278,Craniosynostosis,Matrix Completion,0.1,0.25,0.10630790868651037
C0010346,Crohn Disease,Neighborhood,0.0,0.0,0.0007687025061444898
C0010346,Crohn Disease,Random Walk,0.01111111111111111,0.05555555555555556,0.0016939783622331342
C0010346,Crohn Disease,DIAMOnD,0.0,0.05972222222222222,0.0009264997581582594
C0010346,Crohn Disease,Neural Embeddings,0.0,0.02222222222222222,0.0010453004212403842
C0010346,Crohn Disease,Matrix Completion,0.4805555555555555,1.0,0.22071100012694317
C0010606,Adenoid Cystic Carcinoma,Neighborhood,0.0,0.0,0.00046972108547118795
C0010606,Adenoid Cystic Carcinoma,Random Walk,0.01,0.06999999999999999,0.00274339787323347
C0010606,Adenoid Cystic Carcinoma,DIAMOnD,0.0,0.01,0.000303999385447049
C0010606,Adenoid Cystic Carcinoma,Neural Embeddings,0.030000000000000006,0.030000000000000006,0.004188043985899079
C0010606,Adenoid Cystic Carcinoma,Matrix Completion,1.0,1.0,0.2950401234567901
C0011053,Deafness,Neighborhood,0.0,0.0,0.0006260736669774924
C0011053,Deafness,Random Walk,0.0,0.0,0.001135075045321617
C0011053,Deafness,DIAMOnD,0.0,0.0,9.929422567641031e-05
C0011053,Deafness,Neural Embeddings,0.0,0.0,0.00013172998598943945
C0011053,Deafness,Matrix Completion,0.15,0.25,0.0571540857175241
C0011581,Depressive disorder,Neighborhood,0.0,0.025,0.0009628144876725975
C0011581,Depressive disorder,Random Walk,0.05,0.08333333333333333,0.005887123576154976
C0011581,Depressive disorder,DIAMOnD,0.0,0.05833333333333333,0.0011205498688035885
C0011581,Depressive disorder,Neural Embeddings,0.0,0.03333333333333333,0.001207789177726718
C0011581,Depressive disorder,Matrix Completion,0.375,0.4583333333333333,0.06300855319525989
C0011609,Drug Eruptions,Neighborhood,0.0,0.05,0.0007591069311106743
C0011609,Drug Eruptions,Random Walk,0.0,0.05,0.0016579641401862151
C0011609,Drug Eruptions,DIAMOnD,0.0,0.05,0.000669689968707119
C0011609,Drug Eruptions,Neural Embeddings,0.0,0.0,0.0006972544908255752
C0011609,Drug Eruptions,Matrix Completion,0.2,0.6,0.025265747036119703
C0011615,"Dermatitis, Atopic",Neighborhood,0.025,0.15,0.028588255808777878
C0011615,"Dermatitis, Atopic",Random Walk,0.1,0.2,0.035873419486139126
C0011615,"Dermatitis, Atopic",DIAMOnD,0.15,0.225,0.020202533992232187
C0011615,"Dermatitis, Atopic",Neural Embeddings,0.1,0.175,0.01711937644773672
C0011615,"Dermatitis, Atopic",Matrix Completion,0.175,0.325,0.04484854814377945
C0011616,Contact Dermatitis,Neighborhood,0.0,0.0,0.000698536152333255
C0011616,Contact Dermatitis,Random Walk,0.0,0.07142857142857142,0.0018536742275748505
C0011616,Contact Dermatitis,DIAMOnD,0.0,0.014285714285714285,0.00033627520304492774
C0011616,Contact Dermatitis,Neural Embeddings,0.0,0.07142857142857142,0.00197538847976894
C0011616,Contact Dermatitis,Matrix Completion,0.07142857142857142,0.19999999999999998,0.009771398311071959
C0011849,Diabetes Mellitus,Neighborhood,0.0,0.0,0.0007503523585226424
C0011849,Diabetes Mellitus,Random Walk,0.03333333333333333,0.06666666666666667,0.0036071976389810472
C0011849,Diabetes Mellitus,DIAMOnD,0.0,0.03333333333333333,0.0006280937258572043
C0011849,Diabetes Mellitus,Neural Embeddings,0.0,0.0,0.0010381378164988709
C0011849,Diabetes Mellitus,Matrix Completion,0.36666666666666664,0.5666666666666667,0.06582449548374035
C0011853,"Diabetes Mellitus, Experimental",Neighborhood,0.0,0.0,0.0009551016078445742
C0011853,"Diabetes Mellitus, Experimental",Random Walk,0.046363636363636364,0.08545454545454546,0.007423200372835645
C0011853,"Diabetes Mellitus, Experimental",DIAMOnD,0.00909090909090909,0.04818181818181818,0.0015325147408998786
C0011853,"Diabetes Mellitus, Experimental",Neural Embeddings,0.00909090909090909,0.019090909090909092,0.0017546817072055256
C0011853,"Diabetes Mellitus, Experimental",Matrix Completion,0.48999999999999994,0.519090909090909,0.17785729049484605
C0011854,"Diabetes Mellitus, Insulin-Dependent",Neighborhood,0.014285714285714285,0.02857142857142857,0.0013792610669644213
C0011854,"Diabetes Mellitus, Insulin-Dependent",Random Walk,0.0,0.08214285714285714,0.0020018993711753805
C0011854,"Diabetes Mellitus, Insulin-Dependent",DIAMOnD,0.014285714285714285,0.02857142857142857,0.00144425950441063
C0011854,"Diabetes Mellitus, Insulin-Dependent",Neural Embeddings,0.02857142857142857,0.02857142857142857,0.0029894040633235376
C0011854,"Diabetes Mellitus, Insulin-Dependent",Matrix Completion,0.1660714285714286,0.4482142857142857,0.09448490686160295
C0011860,"Diabetes Mellitus, Non-Insulin-Dependent",Neighborhood,0.0,0.0,0.0006941956149478193
C0011860,"Diabetes Mellitus, Non-Insulin-Dependent",Random Walk,0.006666666666666666,0.026666666666666665,0.0016915633087086807
C0011860,"Diabetes Mellitus, Non-Insulin-Dependent",DIAMOnD,0.0,0.026250000000000002,0.000572747584519553
C0011860,"Diabetes Mellitus, Non-Insulin-Dependent",Neural Embeddings,0.006666666666666666,0.013333333333333332,0.0014428882717018995
C0011860,"Diabetes Mellitus, Non-Insulin-Dependent",Matrix Completion,1.0,1.0,0.21724738455988457
C0011881,Diabetic Nephropathy,Neighborhood,0.0,0.0,0.0009222124303382522
C0011881,Diabetic Nephropathy,Random Walk,0.0,0.08333333333333333,0.0025833129132776665
C0011881,Diabetic Nephropathy,DIAMOnD,0.0,0.0,8.995474260812232e-05
C0011881,Diabetic Nephropathy,Neural Embeddings,0.0,0.0,0.00113678370414211
C0011881,Diabetic Nephropathy,Matrix Completion,0.29166666666666663,0.375,0.0720272373135678
C0011882,Diabetic Neuropathies,Neighborhood,0.0,0.0,0.0009461661763521553
C0011882,Diabetic Neuropathies,Random Walk,0.0,0.05,0.0033838869892760005
C0011882,Diabetic Neuropathies,DIAMOnD,0.0,0.1,0.0025068543050175366
C0011882,Diabetic Neuropathies,Neural Embeddings,0.0,0.0,0.0009284669787950056
C0011882,Diabetic Neuropathies,Matrix Completion,0.45,0.55,0.07237974066439015
C0011884,Diabetic Retinopathy,Neighborhood,0.0,0.0,0.0005343504154747464
C0011884,Diabetic Retinopathy,Random Walk,0.0,0.05,0.001391524244583873
C0011884,Diabetic Retinopathy,DIAMOnD,0.0,0.0,0.00013067054886672572
C0011884,Diabetic Retinopathy,Neural Embeddings,0.0,0.0,0.0006574872293309778
C0011884,Diabetic Retinopathy,Matrix Completion,0.35,0.5,0.03862724792156943
C0011991,Diarrhea,Neighborhood,0.0,0.2,0.003044527862592751
C0011991,Diarrhea,Random Walk,0.0,0.1,0.0031342879544190676
C0011991,Diarrhea,DIAMOnD,0.0,0.1,0.0010965792625271193
C0011991,Diarrhea,Neural Embeddings,0.0,0.0,0.0006248951196201279
C0011991,Diarrhea,Matrix Completion,0.4,0.4,0.05975672637481899
C0013080,Down Syndrome,Neighborhood,0.0,0.0,0.00025971324555503124
C0013080,Down Syndrome,Random Walk,0.01,0.01,0.010302527091275864
C0013080,Down Syndrome,DIAMOnD,0.0,0.0,0.00010680833948164986
C0013080,Down Syndrome,Neural Embeddings,0.0,0.0,0.00037776695776043186
C0013080,Down Syndrome,Matrix Completion,1.0,1.0,0.2998020991354325
C0013182,Drug Allergy,Neighborhood,0.025,0.1,0.0037655401443836994
C0013182,Drug Allergy,Random Walk,0.075,0.15,0.010025514681395828
C0013182,Drug Allergy,DIAMOnD,0.05,0.15833333333333333,0.005379324512696964
C0013182,Drug Allergy,Neural Embeddings,0.0,0.03333333333333333,0.0011383908308074963
C0013182,Drug Allergy,Matrix Completion,0.13333333333333333,0.3416666666666667,0.04102744209981475
C0013386,"Dyskinesia, Drug-Induced",Neighborhood,0.05,0.1,0.003726433653471647
C0013386,"Dyskinesia, Drug-Induced",Random Walk,0.0,0.1,0.003580320388703407
C0013386,"Dyskinesia, Drug-Induced",DIAMOnD,0.05,0.05,0.0021489207819937817
C0013386,"Dyskinesia, Drug-Induced",Neural Embeddings,0.0,0.0,0.00026182286204570824
C0013386,"Dyskinesia, Drug-Induced",Matrix Completion,0.3,0.55,0.08261425815216841
C0013421,Dystonia,Neighborhood,0.0,0.0,0.00011476638995793413
C0013421,Dystonia,Random Walk,0.0,0.0,0.000402931249163386
C0013421,Dystonia,DIAMOnD,0.0,0.0,0.00012517885440811318
C0013421,Dystonia,Neural Embeddings,0.0,0.05,0.0006669496026416689
C0013421,Dystonia,Matrix Completion,0.05,0.35,0.014809445526028295
C0013604,Edema,Neighborhood,0.0,0.0,0.0004325672201555433
C0013604,Edema,Random Walk,0.0,0.0,0.0010962830025204372
C0013604,Edema,DIAMOnD,0.0,0.03333333333333333,0.0009327446362813364
C0013604,Edema,Neural Embeddings,0.0,0.0,0.0007281620817339042
C0013604,Edema,Matrix Completion,0.23333333333333334,0.5333333333333333,0.10036271121817089
C0013990,Pathological accumulation of air in tissues,Neighborhood,0.0,0.0,0.0004043587529880565
C0013990,Pathological accumulation of air in tissues,Random Walk,0.0,0.1,0.0025510099117473676
C0013990,Pathological accumulation of air in tissues,DIAMOnD,0.0,0.1,0.0013363210690612764
C0013990,Pathological accumulation of air in tissues,Neural Embeddings,0.1,0.1,0.009495195756986999
C0013990,Pathological accumulation of air in tissues,Matrix Completion,0.2,0.5,0.05114250244436571
C0014170,Endometrial Neoplasms,Neighborhood,0.0,0.0,0.0007275470675153946
C0014170,Endometrial Neoplasms,Random Walk,0.04,0.08,0.003701704513892886
C0014170,Endometrial Neoplasms,DIAMOnD,0.0,0.04,0.0006881977750197534
C0014170,Endometrial Neoplasms,Neural Embeddings,0.0,0.08,0.0033166620854291227
C0014170,Endometrial Neoplasms,Matrix Completion,0.16,0.30000000000000004,0.021659213972879076
C0014175,Endometriosis,Neighborhood,0.0,0.0,0.0006753411110756751
C0014175,Endometriosis,Random Walk,0.012916666666666665,0.07166666666666667,0.009449483723596715
C0014175,Endometriosis,DIAMOnD,0.01958333333333333,0.058750000000000004,0.002709214055011546
C0014175,Endometriosis,Neural Embeddings,0.03916666666666667,0.059166666666666666,0.004496083471713103
C0014175,Endometriosis,Matrix Completion,1.0,1.0,0.21823935497372998
C0014544,Epilepsy,Neighborhood,0.0,0.014285714285714285,0.0008640687479981393
C0014544,Epilepsy,Random Walk,0.014285714285714285,0.030952380952380953,0.002524091177093524
C0014544,Epilepsy,DIAMOnD,0.0,0.016666666666666666,0.0003449691799754403
C0014544,Epilepsy,Neural Embeddings,0.0,0.03333333333333333,0.0009879211290178646
C0014544,Epilepsy,Matrix Completion,0.07619047619047618,0.24999999999999994,0.02624984302570944
C0014549,Tonic-Clonic Epilepsy,Neighborhood,0.1,0.2,0.007002404015579881
C0014549,Tonic-Clonic Epilepsy,Random Walk,0.2,0.2,0.010696502840935346
C0014549,Tonic-Clonic Epilepsy,DIAMOnD,0.1,0.2,0.018047615774348904
C0014549,Tonic-Clonic Epilepsy,Neural Embeddings,0.0,0.0,0.0008846080227965727
C0014549,Tonic-Clonic Epilepsy,Matrix Completion,0.5,0.7,0.11672880113179437
C0014556,"Epilepsy, Temporal Lobe",Neighborhood,0.05,0.1,0.0037965992663723364
C0014556,"Epilepsy, Temporal Lobe",Random Walk,0.05,0.1,0.0059630771891034905
C0014556,"Epilepsy, Temporal Lobe",DIAMOnD,0.0,0.1,0.0034653721423719133
C0014556,"Epilepsy, Temporal Lobe",Neural Embeddings,0.0,0.0,0.0009779205864613948
C0014556,"Epilepsy, Temporal Lobe",Matrix Completion,0.1,0.31666666666666665,0.04255602852809611
C0014859,Esophageal Neoplasms,Neighborhood,0.0,0.014285714285714285,0.0007747340430243092
C0014859,Esophageal Neoplasms,Random Walk,0.047619047619047616,0.10952380952380954,0.007357057821652996
C0014859,Esophageal Neoplasms,DIAMOnD,0.014285714285714285,0.06190476190476191,0.008040548096062845
C0014859,Esophageal Neoplasms,Neural Embeddings,0.03333333333333333,0.08095238095238096,0.004657173914577774
C0014859,Esophageal Neoplasms,Matrix Completion,0.18809523809523807,0.36904761904761907,0.087568343487999
C0015393,Eye Abnormalities,Neighborhood,0.0,0.0,0.0015441904768586322
C0015393,Eye Abnormalities,Random Walk,0.0,0.2,0.0037856832530080526
C0015393,Eye Abnormalities,DIAMOnD,0.0,0.1,0.0012297265416353427
C0015393,Eye Abnormalities,Neural Embeddings,0.0,0.0,0.0011223691137120365
C0015393,Eye Abnormalities,Matrix Completion,0.15,0.7,0.03242199773100165
C0015625,Fanconi Anemia,Neighborhood,0.15,0.5,0.02393777862267609
C0015625,Fanconi Anemia,Random Walk,0.55,0.6,0.15317006240711578
C0015625,Fanconi Anemia,DIAMOnD,0.5,0.55,0.17987973189462741
C0015625,Fanconi Anemia,Neural Embeddings,0.0,0.0,0.0003172215726744413
C0015625,Fanconi Anemia,Matrix Completion,0.05,0.2,0.05267269868549793
C0015695,Fatty Liver,Neighborhood,0.02,0.065,0.0038197092093194647
C0015695,Fatty Liver,Random Walk,0.04,0.04,0.027805950619014003
C0015695,Fatty Liver,DIAMOnD,0.02,0.065,0.0029581808000413183
C0015695,Fatty Liver,Neural Embeddings,0.02,0.04,0.002269076264403833
C0015695,Fatty Liver,Matrix Completion,0.25,0.53,0.06847643665649229
C0015934,Fetal Growth Retardation,Neighborhood,0.0,0.1,0.005413756708482799
C0015934,Fetal Growth Retardation,Random Walk,0.1,0.3,0.03833297544814319
C0015934,Fetal Growth Retardation,DIAMOnD,0.0,0.0,7.756556157618346e-05
C0015934,Fetal Growth Retardation,Neural Embeddings,0.0,0.0,0.0005360835763503963
C0015934,Fetal Growth Retardation,Matrix Completion,0.4,0.4,0.10030026947647208
C0015967,Fever,Neighborhood,0.0,0.05,0.00104099222798314
C0015967,Fever,Random Walk,0.0,0.05,0.0018313718168414075
C0015967,Fever,DIAMOnD,0.0,0.05,0.000748048881708576
C0015967,Fever,Neural Embeddings,0.0,0.0,0.0004980345384348966
C0015967,Fever,Matrix Completion,0.5,0.75,0.20812471766843138
C0016059,Fibrosis,Neighborhood,0.0,0.025,0.0015758491612434928
C0016059,Fibrosis,Random Walk,0.025,0.225,0.006683893155560876
C0016059,Fibrosis,DIAMOnD,0.0,0.15,0.0045458152455055845
C0016059,Fibrosis,Neural Embeddings,0.0,0.1,0.0024995600444805135
C0016059,Fibrosis,Matrix Completion,0.3,0.475,0.08617518364520642
C0017178,Gastrointestinal Diseases,Neighborhood,0.0,0.1,0.0038559556537146786
C0017178,Gastrointestinal Diseases,Random Walk,0.0,0.1,0.003601697194739629
C0017178,Gastrointestinal Diseases,DIAMOnD,0.0,0.15,0.0025665194677451887
C0017178,Gastrointestinal Diseases,Neural Embeddings,0.0,0.0,0.00046342528166736245
C0017178,Gastrointestinal Diseases,Matrix Completion,0.35,0.5,0.06959751675632983
C0017601,Glaucoma,Neighborhood,0.0,0.03333333333333333,0.0013236968814891825
C0017601,Glaucoma,Random Walk,0.0,0.05,0.0014379100863864233
C0017601,Glaucoma,DIAMOnD,0.0,0.0,0.00010755827920601591
C0017601,Glaucoma,Neural Embeddings,0.0,0.0,0.0001322852566984811
C0017601,Glaucoma,Matrix Completion,0.15,0.2,0.013100753863982285
C0017636,Glioblastoma,Neighborhood,0.0,0.0,0.0008323771372199331
C0017636,Glioblastoma,Random Walk,0.05,0.11190476190476191,0.006996627066915256
C0017636,Glioblastoma,DIAMOnD,0.0,0.05,0.0009398191813177713
C0017636,Glioblastoma,Neural Embeddings,0.016666666666666666,0.03333333333333333,0.003148717726069116
C0017636,Glioblastoma,Matrix Completion,0.11190476190476191,0.3238095238095238,0.024072104264618355
C0017638,Glioma,Neighborhood,0.0,0.0,0.00039591421006327345
C0017638,Glioma,Random Walk,0.07619047619047618,0.07619047619047618,0.013481620413070572
C0017638,Glioma,DIAMOnD,0.0,0.0,8.635607758313777e-05
C0017638,Glioma,Neural Embeddings,0.047619047619047616,0.047619047619047616,0.009374448043644595
C0017638,Glioma,Matrix Completion,0.14285714285714285,0.34523809523809523,0.06625412953090092
C0017639,Gliosis,Neighborhood,0.0,0.0,0.0014775014155014986
C0017639,Gliosis,Random Walk,0.1,0.25,0.018055944989531697
C0017639,Gliosis,DIAMOnD,0.0,0.4,0.009396165866839393
C0017639,Gliosis,Neural Embeddings,0.0,0.1,0.002660617456793171
C0017639,Gliosis,Matrix Completion,0.2,0.35,0.07482280248950837
C0017658,Glomerulonephritis,Neighborhood,0.0,0.03333333333333333,0.0025661245630025763
C0017658,Glomerulonephritis,Random Walk,0.18333333333333332,0.31666666666666665,0.01821922488033103
C0017658,Glomerulonephritis,DIAMOnD,0.03333333333333333,0.3,0.008460918759832927
C0017658,Glomerulonephritis,Neural Embeddings,0.15,0.26666666666666666,0.014180829499968286
C0017658,Glomerulonephritis,Matrix Completion,0.3833333333333333,0.7,0.20065546136569115
C0017661,IGA Glomerulonephritis,Neighborhood,0.0,0.002325581395348837,0.00040345212262339456
C0017661,IGA Glomerulonephritis,Random Walk,0.0,0.011627906976744186,0.0008747897436161084
C0017661,IGA Glomerulonephritis,DIAMOnD,0.009302325581395349,0.025692137320044293,0.0031389656269911817
C0017661,IGA Glomerulonephritis,Neural Embeddings,0.002325581395348837,0.01168327796234773,0.000837056369388514
C0017661,IGA Glomerulonephritis,Matrix Completion,0.582779623477298,1.0,0.10134825134404035
C0017668,Focal glomerulosclerosis,Neighborhood,0.0,0.05,0.0030731883766451267
C0017668,Focal glomerulosclerosis,Random Walk,0.15,0.26666666666666666,0.04050034222565603
C0017668,Focal glomerulosclerosis,DIAMOnD,0.05,0.13333333333333333,0.006767125527460368
C0017668,Focal glomerulosclerosis,Neural Embeddings,0.05,0.05,0.003261338264900494
C0017668,Focal glomerulosclerosis,Matrix Completion,0.16666666666666666,0.35,0.04265410828617145
C0018099,Gout,Neighborhood,0.0,0.0,8.583065600233258e-05
C0018099,Gout,Random Walk,0.0,0.0,0.00015756891584007106
C0018099,Gout,DIAMOnD,0.0,0.0,8.635943023725594e-05
C0018099,Gout,Neural Embeddings,0.0,0.0,0.00029231842783109517
C0018099,Gout,Matrix Completion,0.2,0.2,0.05545909595458196
C0018213,Graves Disease,Neighborhood,0.0,0.0,0.00022648195314818476
C0018213,Graves Disease,Random Walk,0.0,0.0,0.00034031171010693776
C0018213,Graves Disease,DIAMOnD,0.0,0.0,0.00023161766349842947
C0018213,Graves Disease,Neural Embeddings,0.0,0.0,0.000559915861065894
C0018213,Graves Disease,Matrix Completion,0.15,0.3,0.015520797501649749
C0018273,Growth Disorders,Neighborhood,0.0,0.0,0.0003599769111998767
C0018273,Growth Disorders,Random Walk,0.0,0.0,0.0004704765715342554
C0018273,Growth Disorders,DIAMOnD,0.0,0.0,0.00010941534307636915
C0018273,Growth Disorders,Neural Embeddings,0.0,0.0,0.0004149480975898116
C0018273,Growth Disorders,Matrix Completion,0.05833333333333333,0.3416666666666667,0.024674549671819042
C0018621,Hay fever,Neighborhood,0.0,0.0,6.999801569018311e-05
C0018621,Hay fever,Random Walk,0.0,0.0,0.0010456604879048104
C0018621,Hay fever,DIAMOnD,0.0,0.0,7.28092732797757e-05
C0018621,Hay fever,Neural Embeddings,0.0,0.0,0.0001285835344820067
C0018621,Hay fever,Matrix Completion,0.1,0.2,0.014670875389501684
C0018671,Head and Neck Neoplasms,Neighborhood,0.0,0.0,0.0006677904040009344
C0018671,Head and Neck Neoplasms,Random Walk,0.03333333333333333,0.1,0.005175683643451665
C0018671,Head and Neck Neoplasms,DIAMOnD,0.0,0.0,7.48005721803001e-05
C0018671,Head and Neck Neoplasms,Neural Embeddings,0.03333333333333333,0.1,0.004596929857949839
C0018671,Head and Neck Neoplasms,Matrix Completion,0.16666666666666666,0.5166666666666666,0.030958060655948923
C0018772,"Hearing Loss, Partial",Neighborhood,0.0,0.0,0.00010853771331589025
C0018772,"Hearing Loss, Partial",Random Walk,0.0,0.0,0.00011322397874574553
C0018772,"Hearing Loss, Partial",DIAMOnD,0.0,0.0,0.0001087270327427715
C0018772,"Hearing Loss, Partial",Neural Embeddings,0.0,0.0,0.00021150517092226824
C0018772,"Hearing Loss, Partial",Matrix Completion,0.05,0.05,0.0072822070509837925
C0018798,Congenital Heart Defects,Neighborhood,0.0,0.025,0.001303172673885068
C0018798,Congenital Heart Defects,Random Walk,0.025,0.1,0.0031432857616009594
C0018798,Congenital Heart Defects,DIAMOnD,0.0,0.05,0.0014124718417092138
C0018798,Congenital Heart Defects,Neural Embeddings,0.0,0.0,0.0003083441111689543
C0018798,Congenital Heart Defects,Matrix Completion,0.225,0.4833333333333333,0.048998822010315114
C0018799,Heart Diseases,Neighborhood,0.0,0.0,0.00034677740342995263
C0018799,Heart Diseases,Random Walk,0.0,0.025,0.0010728663269173057
C0018799,Heart Diseases,DIAMOnD,0.0,0.0,7.86600035661983e-05
C0018799,Heart Diseases,Neural Embeddings,0.0,0.025,0.0013251660441394736
C0018799,Heart Diseases,Matrix Completion,0.125,0.31,0.019044734633278528
C0018800,Cardiomegaly,Neighborhood,0.0,0.0,0.0007909205251785515
C0018800,Cardiomegaly,Random Walk,0.030952380952380953,0.13809523809523808,0.012050649545103423
C0018800,Cardiomegaly,DIAMOnD,0.0,0.04523809523809523,0.0009188614166931728
C0018800,Cardiomegaly,Neural Embeddings,0.030952380952380953,0.07857142857142856,0.005786890335100878
C0018800,Cardiomegaly,Matrix Completion,0.22857142857142856,0.36428571428571427,0.08117946285461981
C0018801,Heart failure,Neighborhood,0.0,0.0125,0.0010614498589908898
C0018801,Heart failure,Random Walk,0.0125,0.0625,0.004697505796622331
C0018801,Heart failure,DIAMOnD,0.0,0.025,0.00042365490075356145
C0018801,Heart failure,Neural Embeddings,0.0,0.0,0.0008716428717093364
C0018801,Heart failure,Matrix Completion,0.425,0.5125,0.11098875797704584
C0018824,Heart valve disease,Neighborhood,0.0,0.0,0.0009145245653979639
C0018824,Heart valve disease,Random Walk,0.0,0.03333333333333333,0.0023532034307223526
C0018824,Heart valve disease,DIAMOnD,0.0,0.03333333333333333,0.0009140119874410359
C0018824,Heart valve disease,Neural Embeddings,0.0,0.03333333333333333,0.0017980381206778493
C0018824,Heart valve disease,Matrix Completion,0.1,0.2833333333333333,0.035669544917458024
C0018843,Heat Stroke,Neighborhood,0.0,0.0,0.00139839281387338
C0018843,Heat Stroke,Random Walk,0.1,0.45,0.04081554075981145
C0018843,Heat Stroke,DIAMOnD,0.0,0.3,0.007165548813402614
C0018843,Heat Stroke,Neural Embeddings,0.0,0.2,0.004299137676014088
C0018843,Heat Stroke,Matrix Completion,0.4,0.5,0.28926717083968845
C0018923,Hemangiosarcoma,Neighborhood,0.0,0.05,0.002094645960750227
C0018923,Hemangiosarcoma,Random Walk,0.2,0.45,0.02288580470073066
C0018923,Hemangiosarcoma,DIAMOnD,0.0,0.15,0.0038244449822001448
C0018923,Hemangiosarcoma,Neural Embeddings,0.0,0.25,0.0062127566239994604
C0018923,Hemangiosarcoma,Matrix Completion,0.4,0.5,0.12159139530271043
C0018995,Hemochromatosis,Neighborhood,0.35,0.55,0.041321910035992
C0018995,Hemochromatosis,Random Walk,0.5,0.65,0.1892565168259177
C0018995,Hemochromatosis,DIAMOnD,0.4,0.4,0.037491699985034974
C0018995,Hemochromatosis,Neural Embeddings,0.0,0.0,0.0003795823423077715
C0018995,Hemochromatosis,Matrix Completion,0.1,0.3,0.10600808149816957
C0019080,Hemorrhage,Neighborhood,0.0,0.0,0.001466082350861518
C0019080,Hemorrhage,Random Walk,0.0,0.15,0.004018954912553737
C0019080,Hemorrhage,DIAMOnD,0.0,0.3,0.006514921655922134
C0019080,Hemorrhage,Neural Embeddings,0.0,0.0,0.0007644233732998704
C0019080,Hemorrhage,Matrix Completion,0.25,0.4,0.03910749144302546
C0019151,Hepatic Encephalopathy,Neighborhood,0.0,0.05,0.0024085203318172017
C0019151,Hepatic Encephalopathy,Random Walk,0.05,0.3,0.007983681753304323
C0019151,Hepatic Encephalopathy,DIAMOnD,0.0,0.0,7.484762151964318e-05
C0019151,Hepatic Encephalopathy,Neural Embeddings,0.0,0.1,0.001754348538490971
C0019151,Hepatic Encephalopathy,Matrix Completion,0.15,0.4,0.061005772592365504
C0019158,Hepatitis,Neighborhood,0.0,0.0,0.0006531132591264325
C0019158,Hepatitis,Random Walk,0.0,0.0,0.0009497580005048703
C0019158,Hepatitis,DIAMOnD,0.0,0.0,0.0001790009033014643
C0019158,Hepatitis,Neural Embeddings,0.0,0.0,0.0005143501400107291
C0019158,Hepatitis,Matrix Completion,0.25,0.5,0.03829303638769061
C0019163,Hepatitis B,Neighborhood,0.0,0.25,0.006256522355330413
C0019163,Hepatitis B,Random Walk,0.05,0.3,0.012203206566101476
C0019163,Hepatitis B,DIAMOnD,0.15,0.2,0.012548697485582527
C0019163,Hepatitis B,Neural Embeddings,0.0,0.0,0.0003134297839160691
C0019163,Hepatitis B,Matrix Completion,0.15,0.3,0.034336506137187625
C0019189,"Hepatitis, Chronic",Neighborhood,0.0,0.08333333333333333,0.0032193666193715497
C0019189,"Hepatitis, Chronic",Random Walk,0.13333333333333333,0.31666666666666665,0.03063756698979736
C0019189,"Hepatitis, Chronic",DIAMOnD,0.08333333333333333,0.13333333333333333,0.006994443701963481
C0019189,"Hepatitis, Chronic",Neural Embeddings,0.0,0.03333333333333333,0.0014223215768707656
C0019189,"Hepatitis, Chronic",Matrix Completion,0.26666666666666666,0.4666666666666666,0.0315434189534603
C0019196,Hepatitis C,Neighborhood,0.0,0.0,6.983478507340812e-05
C0019196,Hepatitis C,Random Walk,0.0,0.0,0.000866615148215822
C0019196,Hepatitis C,DIAMOnD,0.0,0.0,7.153996233191657e-05
C0019196,Hepatitis C,Neural Embeddings,0.0,0.0,0.0008147494027726344
C0019196,Hepatitis C,Matrix Completion,0.15,0.2,0.02660230633769206
C0019202,Hepatolenticular Degeneration,Neighborhood,0.0,0.0,0.0007457456382235404
C0019202,Hepatolenticular Degeneration,Random Walk,0.03333333333333333,0.06666666666666667,0.0033899161797445185
C0019202,Hepatolenticular Degeneration,DIAMOnD,0.0,0.0,9.699000565295765e-05
C0019202,Hepatolenticular Degeneration,Neural Embeddings,0.0,0.0,0.0006577846840995161
C0019202,Hepatolenticular Degeneration,Matrix Completion,0.13333333333333333,0.31666666666666665,0.11614136247737246
C0019284,Diaphragmatic Hernia,Neighborhood,0.0,0.0,0.0009432978331758082
C0019284,Diaphragmatic Hernia,Random Walk,0.0,0.05,0.002452787096730277
C0019284,Diaphragmatic Hernia,DIAMOnD,0.0,0.05,0.0012394137374887285
C0019284,Diaphragmatic Hernia,Neural Embeddings,0.0,0.025,0.00088578081389236
C0019284,Diaphragmatic Hernia,Matrix Completion,0.225,0.325,0.11151954851230225
C0019569,Hirschsprung Disease,Neighborhood,0.3,0.5,0.04298212563440938
C0019569,Hirschsprung Disease,Random Walk,0.4,0.5,0.12336644419850151
C0019569,Hirschsprung Disease,DIAMOnD,0.3,0.3,0.04379608519049461
C0019569,Hirschsprung Disease,Neural Embeddings,0.0,0.0,0.000715554393555648
C0019569,Hirschsprung Disease,Matrix Completion,0.1,0.2,0.011315259949082675
C0019693,HIV Infections,Neighborhood,0.0,0.0,0.000528560352483785
C0019693,HIV Infections,Random Walk,0.01,0.15333333333333332,0.004661563139397146
C0019693,HIV Infections,DIAMOnD,0.10111111111111112,0.16333333333333333,0.011588683193374923
C0019693,HIV Infections,Neural Embeddings,0.01,0.07111111111111112,0.003196474620845804
C0019693,HIV Infections,Matrix Completion,0.04111111111111111,0.12111111111111113,0.010571010156551049
C0019829,Hodgkin Disease,Neighborhood,0.0,0.1,0.0022559422008808375
C0019829,Hodgkin Disease,Random Walk,0.05,0.05,0.005255193519833178
C0019829,Hodgkin Disease,DIAMOnD,0.0,0.0,8.349774345525164e-05
C0019829,Hodgkin Disease,Neural Embeddings,0.0,0.1,0.002185085191674253
C0019829,Hodgkin Disease,Matrix Completion,0.15,0.25,0.03061665733933046
C0020179,Huntington Disease,Neighborhood,0.0,0.0,0.000938530184445222
C0020179,Huntington Disease,Random Walk,0.0,0.15,0.0029214253400003743
C0020179,Huntington Disease,DIAMOnD,0.0,0.0,9.427489437952587e-05
C0020179,Huntington Disease,Neural Embeddings,0.0,0.0,0.0005131090370933565
C0020179,Huntington Disease,Matrix Completion,0.25,0.35,0.06126107978795079
C0020429,Hyperalgesia,Neighborhood,0.014285714285714285,0.014285714285714285,0.0018915968436466525
C0020429,Hyperalgesia,Random Walk,0.014285714285714285,0.0857142857142857,0.017332117883470007
C0020429,Hyperalgesia,DIAMOnD,0.014285714285714285,0.05714285714285714,0.003106363669633628
C0020429,Hyperalgesia,Neural Embeddings,0.02857142857142857,0.02857142857142857,0.018418157456432167
C0020429,Hyperalgesia,Matrix Completion,0.2333333333333333,0.4666666666666667,0.07908659313375342
C0020437,Hypercalcemia,Neighborhood,0.1,0.4,0.01462629046491995
C0020437,Hypercalcemia,Random Walk,0.1,0.3,0.01581791513883463
C0020437,Hypercalcemia,DIAMOnD,0.2,0.2,0.008987435320713357
C0020437,Hypercalcemia,Neural Embeddings,0.0,0.0,0.0003174621420302347
C0020437,Hypercalcemia,Matrix Completion,0.2,0.4,0.203080845094579
C0020443,Hypercholesterolemia,Neighborhood,0.0,0.05,0.001062811696666264
C0020443,Hypercholesterolemia,Random Walk,0.0,0.0,0.0014248874361953083
C0020443,Hypercholesterolemia,DIAMOnD,0.0,0.0,7.861207415449966e-05
C0020443,Hypercholesterolemia,Neural Embeddings,0.0,0.0,0.0003436963504541932
C0020443,Hypercholesterolemia,Matrix Completion,0.26666666666666666,0.4,0.03181769344463584
C0020445,"Hypercholesterolemia, Familial",Neighborhood,0.0,0.25,0.005797027845040836
C0020445,"Hypercholesterolemia, Familial",Random Walk,0.1,0.35,0.02626924132124934
C0020445,"Hypercholesterolemia, Familial",DIAMOnD,0.0,0.3,0.007358330396380247
C0020445,"Hypercholesterolemia, Familial",Neural Embeddings,0.0,0.0,0.0007721185479994516
C0020445,"Hypercholesterolemia, Familial",Matrix Completion,0.2,0.3,0.018661579539203006
C0020452,Hyperemia,Neighborhood,0.0,0.0,0.0016229130451137258
C0020452,Hyperemia,Random Walk,0.0,0.1,0.00236579951006466
C0020452,Hyperemia,DIAMOnD,0.0,0.05,0.0008350567766661845
C0020452,Hyperemia,Neural Embeddings,0.0,0.0,0.000579553381891961
C0020452,Hyperemia,Matrix Completion,0.5,0.75,0.10770199169485968
C0020456,Hyperglycemia,Neighborhood,0.0,0.0,0.0016435464982393593
C0020456,Hyperglycemia,Random Walk,0.05,0.1,0.006322616907216113
C0020456,Hyperglycemia,DIAMOnD,0.0,0.0,6.956242588733504e-05
C0020456,Hyperglycemia,Neural Embeddings,0.0,0.05,0.0015995849116935072
C0020456,Hyperglycemia,Matrix Completion,0.35,0.65,0.11669771824431566
C0020459,Hyperinsulinism,Neighborhood,0.0,0.05,0.0027561267976733343
C0020459,Hyperinsulinism,Random Walk,0.0,0.15,0.004994924023072651
C0020459,Hyperinsulinism,DIAMOnD,0.0,0.0,0.000108984489787918
C0020459,Hyperinsulinism,Neural Embeddings,0.0,0.0,0.0007257472487578899
C0020459,Hyperinsulinism,Matrix Completion,0.6,0.7,0.19626771420246775
C0020473,Hyperlipidemia,Neighborhood,0.0,0.15,0.00446855158792578
C0020473,Hyperlipidemia,Random Walk,0.15,0.35,0.058445433322332076
C0020473,Hyperlipidemia,DIAMOnD,0.05,0.15,0.005046390771843262
C0020473,Hyperlipidemia,Neural Embeddings,0.0,0.0,0.0008442486978010625
C0020473,Hyperlipidemia,Matrix Completion,0.5,0.75,0.09233500564919936
C0020507,Hyperplasia,Neighborhood,0.0,0.0,0.0004493954173896638
C0020507,Hyperplasia,Random Walk,0.0,0.06666666666666667,0.0019705923506122686
C0020507,Hyperplasia,DIAMOnD,0.0,0.0,7.444654873251414e-05
C0020507,Hyperplasia,Neural Embeddings,0.0,0.06666666666666667,0.001690148817949094
C0020507,Hyperplasia,Matrix Completion,0.31666666666666665,0.3833333333333333,0.042265525131451695
C0020517,Hypersensitivity,Neighborhood,0.0,0.06190476190476189,0.002823504388044668
C0020517,Hypersensitivity,Random Walk,0.09285714285714283,0.24047619047619043,0.010570889996770071
C0020517,Hypersensitivity,DIAMOnD,0.14285714285714285,0.24047619047619045,0.01997202917681424
C0020517,Hypersensitivity,Neural Embeddings,0.17619047619047618,0.20714285714285713,0.02295168027267521
C0020517,Hypersensitivity,Matrix Completion,0.26428571428571423,0.5833333333333333,0.10913918692658417
C0020538,Hypertensive disease,Neighborhood,0.0,0.0,0.0006837386084341915
C0020538,Hypertensive disease,Random Walk,0.01608187134502924,0.04824561403508772,0.002773266522695487
C0020538,Hypertensive disease,DIAMOnD,0.01608187134502924,0.04766081871345029,0.005386505450204814
C0020538,Hypertensive disease,Neural Embeddings,0.005555555555555555,0.021637426900584796,0.0016607416940244695
C0020538,Hypertensive disease,Matrix Completion,1.0,1.0,0.18821304608191528
C0020542,Pulmonary Hypertension,Neighborhood,0.0,0.03333333333333333,0.001487355566391292
C0020542,Pulmonary Hypertension,Random Walk,0.0,0.09166666666666666,0.00263206042743342
C0020542,Pulmonary Hypertension,DIAMOnD,0.0,0.1,0.0019325302519432176
C0020542,Pulmonary Hypertension,Neural Embeddings,0.03333333333333333,0.03333333333333333,0.0019196400865204425
C0020542,Pulmonary Hypertension,Matrix Completion,0.225,0.3833333333333333,0.05873925816275517
C0020557,Hypertriglyceridemia,Neighborhood,0.0,0.2,0.005310184030504855
C0020557,Hypertriglyceridemia,Random Walk,0.05,0.2,0.006084483987303867
C0020557,Hypertriglyceridemia,DIAMOnD,0.1,0.2,0.00738514044911
C0020557,Hypertriglyceridemia,Neural Embeddings,0.0,0.0,0.00024077970700180353
C0020557,Hypertriglyceridemia,Matrix Completion,0.2,0.4,0.04558927332604061
C0020615,Hypoglycemia,Neighborhood,0.0,0.0,7.248449178748848e-05
C0020615,Hypoglycemia,Random Walk,0.0,0.0,0.0010525497140750914
C0020615,Hypoglycemia,DIAMOnD,0.0,0.0,7.454419924405783e-05
C0020615,Hypoglycemia,Neural Embeddings,0.0,0.0,0.0006261522559714963
C0020615,Hypoglycemia,Matrix Completion,0.5,0.6,0.21332968990668758
C0020619,Hypogonadism,Neighborhood,0.45,0.7,0.04197746457527537
C0020619,Hypogonadism,Random Walk,0.25,0.75,0.03950214582255031
C0020619,Hypogonadism,DIAMOnD,0.35,0.35,0.04369877616413055
C0020619,Hypogonadism,Neural Embeddings,0.1,0.15,0.012899846611008205
C0020619,Hypogonadism,Matrix Completion,0.4,0.4,0.07696025614544139
C0020649,Hypotension,Neighborhood,0.0,0.0,0.0017419465235059112
C0020649,Hypotension,Random Walk,0.02,0.07666666666666666,0.004208734913685586
C0020649,Hypotension,DIAMOnD,0.0,0.03666666666666667,0.0011325652526053462
C0020649,Hypotension,Neural Embeddings,0.03666666666666667,0.07666666666666666,0.02200260642448016
C0020649,Hypotension,Matrix Completion,0.4166666666666667,0.74,0.1347150424697122
C0020672,"Hypothermia, natural",Neighborhood,0.0,0.2,0.007332309732628983
C0020672,"Hypothermia, natural",Random Walk,0.2,0.2,0.08466247862950599
C0020672,"Hypothermia, natural",DIAMOnD,0.0,0.4,0.005626317986848014
C0020672,"Hypothermia, natural",Neural Embeddings,0.0,0.0,0.00021080790776741983
C0020672,"Hypothermia, natural",Matrix Completion,0.3,0.55,0.08827932073589123
C0021051,Immunologic Deficiency Syndromes,Neighborhood,0.2,0.35,0.031159121686608976
C0021051,Immunologic Deficiency Syndromes,Random Walk,0.3,0.3,0.1438791386351486
C0021051,Immunologic Deficiency Syndromes,DIAMOnD,0.25,0.5,0.04432391972262502
C0021051,Immunologic Deficiency Syndromes,Neural Embeddings,0.0,0.0,0.0004656378700447682
C0021051,Immunologic Deficiency Syndromes,Matrix Completion,0.15,0.15,0.011073885026777145
C0021361,Female infertility,Neighborhood,0.0,0.0,0.0007424737734078545
C0021361,Female infertility,Random Walk,0.03333333333333333,0.11666666666666665,0.00484929977513835
C0021361,Female infertility,DIAMOnD,0.0,0.06666666666666667,0.0008892450387394246
C0021361,Female infertility,Neural Embeddings,0.03333333333333333,0.2333333333333333,0.006407230255256126
C0021361,Female infertility,Matrix Completion,0.25,0.36666666666666664,0.050758084861414685
C0021364,Male infertility,Neighborhood,0.0,0.0,0.0007774200427527601
C0021364,Male infertility,Random Walk,0.025,0.145,0.004792904058634512
C0021364,Male infertility,DIAMOnD,0.0,0.025,0.00042119511662227674
C0021364,Male infertility,Neural Embeddings,0.0,0.11000000000000001,0.0022583468254396104
C0021364,Male infertility,Matrix Completion,0.195,0.31,0.07601675193636268
C0021368,Inflammation,Neighborhood,0.0,0.00909090909090909,0.0011667898881039598
C0021368,Inflammation,Random Walk,0.00909090909090909,0.06454545454545454,0.0033470799374762687
C0021368,Inflammation,DIAMOnD,0.0,0.06545454545454546,0.000969681523864882
C0021368,Inflammation,Neural Embeddings,0.045454545454545456,0.07272727272727272,0.005234326790118591
C0021368,Inflammation,Matrix Completion,0.3672727272727273,0.6690909090909091,0.12280852441607874
C0021390,Inflammatory Bowel Diseases,Neighborhood,0.0,0.0,0.000414737136093346
C0021390,Inflammatory Bowel Diseases,Random Walk,0.0,0.025,0.0010981199882396631
C0021390,Inflammatory Bowel Diseases,DIAMOnD,0.0,0.0125,0.0003561313033525794
C0021390,Inflammatory Bowel Diseases,Neural Embeddings,0.0,0.0125,0.0009030604597445744
C0021390,Inflammatory Bowel Diseases,Matrix Completion,0.475,0.9875,0.13302604013210512
C0021400,Influenza,Neighborhood,0.0,0.06000000000000001,0.0020442928900183495
C0021400,Influenza,Random Walk,0.02,0.06000000000000001,0.003072770786346801
C0021400,Influenza,DIAMOnD,0.08,0.1,0.005437039320291668
C0021400,Influenza,Neural Embeddings,0.04,0.06000000000000001,0.0037322960043579484
C0021400,Influenza,Matrix Completion,0.06000000000000001,0.08,0.007474053706767955
C0021655,Insulin Resistance,Neighborhood,0.0,0.0,0.0009614887226136605
C0021655,Insulin Resistance,Random Walk,0.04,0.1,0.010628643259520277
C0021655,Insulin Resistance,DIAMOnD,0.0,0.0,9.596070605695049e-05
C0021655,Insulin Resistance,Neural Embeddings,0.02,0.045,0.003761955061626427
C0021655,Insulin Resistance,Matrix Completion,0.34,0.54,0.18532808170153908
C0021841,Intestinal Neoplasms,Neighborhood,0.0,0.0,0.000627777673114779
C0021841,Intestinal Neoplasms,Random Walk,0.0,0.05,0.003751548351654426
C0021841,Intestinal Neoplasms,DIAMOnD,0.0,0.0,7.427706911276711e-05
C0021841,Intestinal Neoplasms,Neural Embeddings,0.0,0.15,0.006034833377870028
C0021841,Intestinal Neoplasms,Matrix Completion,0.3,0.5,0.10051998829747866
C0022116,Ischemia,Neighborhood,0.0,0.0,0.0005248447116725337
C0022116,Ischemia,Random Walk,0.03333333333333333,0.03333333333333333,0.0032980595768708695
C0022116,Ischemia,DIAMOnD,0.0,0.0,8.472062726377937e-05
C0022116,Ischemia,Neural Embeddings,0.03333333333333333,0.03333333333333333,0.003321020119773175
C0022116,Ischemia,Matrix Completion,0.25,0.3833333333333333,0.07479711455128109
C0022336,Creutzfeldt-Jakob disease,Neighborhood,0.0,0.0,0.0001516112528691115
C0022336,Creutzfeldt-Jakob disease,Random Walk,0.0,0.0,0.0002429313539096849
C0022336,Creutzfeldt-Jakob disease,DIAMOnD,0.0,0.0,0.00026085216047755876
C0022336,Creutzfeldt-Jakob disease,Neural Embeddings,0.0,0.0,8.543656026984625e-05
C0022336,Creutzfeldt-Jakob disease,Matrix Completion,0.0,0.2,0.004022671577422253
C0022521,Kartagener Syndrome,Neighborhood,0.03333333333333333,0.08333333333333333,0.0029560101427009763
C0022521,Kartagener Syndrome,Random Walk,0.0,0.05,0.0013599618074501601
C0022521,Kartagener Syndrome,DIAMOnD,0.0,0.0,0.00043425226229245885
C0022521,Kartagener Syndrome,Neural Embeddings,0.0,0.0,0.0006464368384088749
C0022521,Kartagener Syndrome,Matrix Completion,0.0,0.0,0.0009399462723797758
C0022548,Keloid,Neighborhood,0.0,0.0,0.0003758033763955057
C0022548,Keloid,Random Walk,0.0,0.0,0.0009855469171460973
C0022548,Keloid,DIAMOnD,0.0,0.0,8.434403165186585e-05
C0022548,Keloid,Neural Embeddings,0.0,0.0,0.0008182950623151454
C0022548,Keloid,Matrix Completion,0.0,0.1,0.004744658474044982
C0022658,Kidney Diseases,Neighborhood,0.0,0.0125,0.0008129792055102007
C0022658,Kidney Diseases,Random Walk,0.0125,0.02361111111111111,0.002126526899317379
C0022658,Kidney Diseases,DIAMOnD,0.0,0.0375,0.0009144890839523129
C0022658,Kidney Diseases,Neural Embeddings,0.0,0.0,0.00042813577310810033
C0022658,Kidney Diseases,Matrix Completion,0.20277777777777778,0.3583333333333333,0.048761705182716
C0022661,"Kidney Failure, Chronic",Neighborhood,0.0,0.045,0.0013990497108597997
C0022661,"Kidney Failure, Chronic",Random Walk,0.05,0.12,0.004490404713862837
C0022661,"Kidney Failure, Chronic",DIAMOnD,0.0,0.0,8.219562710059486e-05
C0022661,"Kidney Failure, Chronic",Neural Embeddings,0.0,0.025,0.0012416609354456278
C0022661,"Kidney Failure, Chronic",Matrix Completion,0.33999999999999997,0.41500000000000004,0.11478920864136063
C0022665,Kidney Neoplasm,Neighborhood,0.0,0.0,0.0008218235364214791
C0022665,Kidney Neoplasm,Random Walk,0.0,0.1,0.0050108220260272115
C0022665,Kidney Neoplasm,DIAMOnD,0.0,0.1,0.0023071318375978297
C0022665,Kidney Neoplasm,Neural Embeddings,0.0,0.13333333333333333,0.002770353879925555
C0022665,Kidney Neoplasm,Matrix Completion,0.16666666666666666,0.5833333333333333,0.06181489920703247
C0023186,Learning Disorders,Neighborhood,0.0,0.0,0.0003373588238851853
C0023186,Learning Disorders,Random Walk,0.05,0.05,0.013183865573918981
C0023186,Learning Disorders,DIAMOnD,0.0,0.0,0.00010215297770366984
C0023186,Learning Disorders,Neural Embeddings,0.05,0.05,0.003969439830403918
C0023186,Learning Disorders,Matrix Completion,0.08333333333333333,0.6333333333333333,0.021149217370490643
C0023264,Leigh Disease,Neighborhood,0.06666666666666667,0.4499999999999999,0.021475746336264548
C0023264,Leigh Disease,Random Walk,0.13333333333333333,0.39166666666666666,0.014506333162455207
C0023264,Leigh Disease,DIAMOnD,0.1,0.5166666666666667,0.017422342109663782
C0023264,Leigh Disease,Neural Embeddings,0.1,0.45,0.018460232819998437
C0023264,Leigh Disease,Matrix Completion,0.03333333333333333,0.06666666666666667,0.0032059514752514986
C0023290,"Leishmaniasis, Visceral",Neighborhood,0.1,0.3,0.01049791420235947
C0023290,"Leishmaniasis, Visceral",Random Walk,0.3,0.3,0.06420692331054142
C0023290,"Leishmaniasis, Visceral",DIAMOnD,0.0,0.0,6.930582037268424e-05
C0023290,"Leishmaniasis, Visceral",Neural Embeddings,0.0,0.1,0.0018510526862319386
C0023290,"Leishmaniasis, Visceral",Matrix Completion,0.7,0.9,0.43352520823123636
C0023343,Leprosy,Neighborhood,0.0,0.15,0.0030060944885527785
C0023343,Leprosy,Random Walk,0.05,0.1,0.004447742040474707
C0023343,Leprosy,DIAMOnD,0.0,0.0,8.66903527350872e-05
C0023343,Leprosy,Neural Embeddings,0.0,0.0,0.00017434509638243186
C0023343,Leprosy,Matrix Completion,0.1,0.2,0.013131329267785144
C0023418,leukemia,Neighborhood,0.0,0.025,0.00116194105235668
C0023418,leukemia,Random Walk,0.03333333333333333,0.1,0.009271181663137475
C0023418,leukemia,DIAMOnD,0.0,0.03333333333333333,0.0005248242012989015
C0023418,leukemia,Neural Embeddings,0.03333333333333333,0.05833333333333333,0.003199200172723875
C0023418,leukemia,Matrix Completion,0.225,0.4,0.02478966833772648
C0023434,Chronic Lymphocytic Leukemia,Neighborhood,0.0,0.02,0.0007235668605201052
C0023434,Chronic Lymphocytic Leukemia,Random Walk,0.04,0.06000000000000001,0.003976929780710582
C0023434,Chronic Lymphocytic Leukemia,DIAMOnD,0.0,0.10500000000000001,0.001908567321820109
C0023434,Chronic Lymphocytic Leukemia,Neural Embeddings,0.0,0.02,0.001416913651135811
C0023434,Chronic Lymphocytic Leukemia,Matrix Completion,0.13999999999999999,0.22000000000000003,0.05826398959710007
C0023452,"Leukemia, Lymphocytic, Acute, L1",Neighborhood,0.0,0.0,0.00011724405157218713
C0023452,"Leukemia, Lymphocytic, Acute, L1",Random Walk,0.0,0.0,0.00021983067276154763
C0023452,"Leukemia, Lymphocytic, Acute, L1",DIAMOnD,0.0,0.0,0.00012398742071111573
C0023452,"Leukemia, Lymphocytic, Acute, L1",Neural Embeddings,0.0,0.0,0.00031334698887441133
C0023452,"Leukemia, Lymphocytic, Acute, L1",Matrix Completion,0.1,0.1,0.014350928865782658
C0023467,"Leukemia, Myelocytic, Acute",Neighborhood,0.0,0.0,0.0004542084033757205
C0023467,"Leukemia, Myelocytic, Acute",Random Walk,0.0,0.026515151515151512,0.0012423383444235831
C0023467,"Leukemia, Myelocytic, Acute",DIAMOnD,0.0,0.02727272727272727,0.0006670611377140971
C0023467,"Leukemia, Myelocytic, Acute",Neural Embeddings,0.0,0.008333333333333333,0.0007600294979782374
C0023467,"Leukemia, Myelocytic, Acute",Matrix Completion,1.0,1.0,0.2684564362405271
C0023470,Myeloid Leukemia,Neighborhood,0.0,0.0,0.0012537142438902647
C0023470,Myeloid Leukemia,Random Walk,0.0,0.25,0.00591832385293126
C0023470,Myeloid Leukemia,DIAMOnD,0.2,0.3,0.010900204042767524
C0023470,Myeloid Leukemia,Neural Embeddings,0.0,0.05,0.0014500839608867513
C0023470,Myeloid Leukemia,Matrix Completion,0.05,0.25,0.009519332760839772
C0023473,"Myeloid Leukemia, Chronic",Neighborhood,0.0,0.05,0.0025706916409592804
C0023473,"Myeloid Leukemia, Chronic",Random Walk,0.16666666666666666,0.26666666666666666,0.01719378563516219
C0023473,"Myeloid Leukemia, Chronic",DIAMOnD,0.1,0.26666666666666666,0.010147816903599862
C0023473,"Myeloid Leukemia, Chronic",Neural Embeddings,0.0,0.1,0.0021196089478925807
C0023473,"Myeloid Leukemia, Chronic",Matrix Completion,0.2,0.4,0.019872664554632512
C0023485,Precursor B-Cell Lymphoblastic Leukemia-Lymphoma,Neighborhood,0.0,0.0,0.0007874330283663189
C0023485,Precursor B-Cell Lymphoblastic Leukemia-Lymphoma,Random Walk,0.0,0.0,0.0022546455988188482
C0023485,Precursor B-Cell Lymphoblastic Leukemia-Lymphoma,DIAMOnD,0.0,0.0,9.730080281055048e-05
C0023485,Precursor B-Cell Lymphoblastic Leukemia-Lymphoma,Neural Embeddings,0.0,0.0,0.0009820008689381886
C0023485,Precursor B-Cell Lymphoblastic Leukemia-Lymphoma,Matrix Completion,0.3,0.35,0.12709350594812466
C0023487,Acute Promyelocytic Leukemia,Neighborhood,0.0,0.0,0.0010450295705137131
C0023487,Acute Promyelocytic Leukemia,Random Walk,0.03333333333333333,0.1,0.004165083769184168
C0023487,Acute Promyelocytic Leukemia,DIAMOnD,0.0,0.06666666666666667,0.001038133795090499
C0023487,Acute Promyelocytic Leukemia,Neural Embeddings,0.0,0.03333333333333333,0.0010273068201257897
C0023487,Acute Promyelocytic Leukemia,Matrix Completion,0.06666666666666667,0.19999999999999998,0.00882183194328772
C0023493,Adult T-Cell Lymphoma/Leukemia,Neighborhood,0.0,0.0,0.0010853295799082103
C0023493,Adult T-Cell Lymphoma/Leukemia,Random Walk,0.0,0.14999999999999997,0.005187470993182503
C0023493,Adult T-Cell Lymphoma/Leukemia,DIAMOnD,0.0,0.03333333333333333,0.0006278985223206212
C0023493,Adult T-Cell Lymphoma/Leukemia,Neural Embeddings,0.05833333333333333,0.11666666666666665,0.0053078350441972694
C0023493,Adult T-Cell Lymphoma/Leukemia,Matrix Completion,0.09166666666666665,0.21666666666666665,0.03320800883646975
C0023794,Lipoidosis,Neighborhood,0.05,0.1,0.00567559160813119
C0023794,Lipoidosis,Random Walk,0.05,0.1,0.009534364988118198
C0023794,Lipoidosis,DIAMOnD,0.0,0.05,0.00129382140435331
C0023794,Lipoidosis,Neural Embeddings,0.0,0.0,0.00033397995279186535
C0023794,Lipoidosis,Matrix Completion,0.05,0.15,0.01230146810304637
C0023890,Liver Cirrhosis,Neighborhood,0.0,0.0,0.001466159780393551
C0023890,Liver Cirrhosis,Random Walk,0.02,0.16999999999999998,0.007300439970868336
C0023890,Liver Cirrhosis,DIAMOnD,0.02,0.11666666666666667,0.022396993927148143
C0023890,Liver Cirrhosis,Neural Embeddings,0.0,0.056666666666666664,0.0018258179473147756
C0023890,Liver Cirrhosis,Matrix Completion,0.19333333333333336,0.43,0.03640069898428492
C0023891,"Liver Cirrhosis, Alcoholic",Neighborhood,0.0,0.0,0.0013630051373774879
C0023891,"Liver Cirrhosis, Alcoholic",Random Walk,0.15,0.15,0.009120479471307128
C0023891,"Liver Cirrhosis, Alcoholic",DIAMOnD,0.0,0.1,0.0024506906546591933
C0023891,"Liver Cirrhosis, Alcoholic",Neural Embeddings,0.0,0.0,0.0013183988438914226
C0023891,"Liver Cirrhosis, Alcoholic",Matrix Completion,0.45,0.6,0.21095482768817214
C0023892,Biliary cirrhosis,Neighborhood,0.0,0.06666666666666667,0.0022032889753241004
C0023892,Biliary cirrhosis,Random Walk,0.06666666666666667,0.1,0.006878330092600064
C0023892,Biliary cirrhosis,DIAMOnD,0.06666666666666667,0.13333333333333333,0.008879633459395056
C0023892,Biliary cirrhosis,Neural Embeddings,0.0,0.1,0.002476196699972459
C0023892,Biliary cirrhosis,Matrix Completion,0.1,0.25,0.010401354942605225
C0023893,"Liver Cirrhosis, Experimental",Neighborhood,0.0,0.00909090909090909,0.0008836106960118217
C0023893,"Liver Cirrhosis, Experimental",Random Walk,0.0,0.046363636363636364,0.0020594136252675725
C0023893,"Liver Cirrhosis, Experimental",DIAMOnD,0.0,0.03636363636363636,0.0005549913800045787
C0023893,"Liver Cirrhosis, Experimental",Neural Embeddings,0.02,0.03909090909090909,0.0029585261621577676
C0023893,"Liver Cirrhosis, Experimental",Matrix Completion,0.18909090909090912,0.38636363636363635,0.07217168918688177
C0023895,Liver diseases,Neighborhood,0.0,0.030952380952380953,0.001097939131824132
C0023895,Liver diseases,Random Walk,0.030952380952380953,0.04523809523809523,0.008878253584573587
C0023895,Liver diseases,DIAMOnD,0.0,0.014285714285714285,0.00029954104326160075
C0023895,Liver diseases,Neural Embeddings,0.016666666666666666,0.07619047619047618,0.01007179152557011
C0023895,Liver diseases,Matrix Completion,0.11904761904761903,0.2595238095238095,0.03535209479432504
C0023903,Liver neoplasms,Neighborhood,0.0,0.0,0.0003697910714914501
C0023903,Liver neoplasms,Random Walk,0.0,0.06363636363636363,0.0019348674321873617
C0023903,Liver neoplasms,DIAMOnD,0.0,0.0,0.00014354547669990792
C0023903,Liver neoplasms,Neural Embeddings,0.00909090909090909,0.06363636363636363,0.002139542307837472
C0023903,Liver neoplasms,Matrix Completion,0.11272727272727275,0.17909090909090908,0.0942921820730752
C0023904,"Liver Neoplasms, Experimental",Neighborhood,0.0,0.0,0.00043186918135556607
C0023904,"Liver Neoplasms, Experimental",Random Walk,0.02,0.03666666666666667,0.003271156860144115
C0023904,"Liver Neoplasms, Experimental",DIAMOnD,0.0,0.02,0.00028564584252030293
C0023904,"Liver Neoplasms, Experimental",Neural Embeddings,0.0,0.016666666666666666,0.001304011395409513
C0023904,"Liver Neoplasms, Experimental",Matrix Completion,0.21333333333333332,0.36333333333333334,0.0881409511938582
C0023976,Long QT Syndrome,Neighborhood,0.15,0.25,0.011022968525618893
C0023976,Long QT Syndrome,Random Walk,0.1,0.4,0.10845712583777442
C0023976,Long QT Syndrome,DIAMOnD,0.1,0.25,0.017235614144922393
C0023976,Long QT Syndrome,Neural Embeddings,0.0,0.0,0.00042517238920628436
C0023976,Long QT Syndrome,Matrix Completion,0.15,0.3,0.12078307848591874
C0024115,Lung diseases,Neighborhood,0.0,0.02,0.0014383936095499323
C0024115,Lung diseases,Random Walk,0.045,0.045,0.004155677437061638
C0024115,Lung diseases,DIAMOnD,0.0,0.025,0.00045347040787878997
C0024115,Lung diseases,Neural Embeddings,0.0,0.0,0.0006057335714217297
C0024115,Lung diseases,Matrix Completion,0.155,0.24,0.05007612361627861
C0024117,Chronic Obstructive Airway Disease,Neighborhood,0.0,0.0,0.0003828904283603293
C0024117,Chronic Obstructive Airway Disease,Random Walk,0.0,0.045,0.001264682523312095
C0024117,Chronic Obstructive Airway Disease,DIAMOnD,0.0,0.065,0.001345583056396687
C0024117,Chronic Obstructive Airway Disease,Neural Embeddings,0.0,0.0,0.000523043363912625
C0024117,Chronic Obstructive Airway Disease,Matrix Completion,0.175,0.23500000000000001,0.049821831098222115
C0024121,Lung Neoplasms,Neighborhood,0.0,0.0,0.00044949050712579446
C0024121,Lung Neoplasms,Random Walk,0.029411764705882353,0.0934640522875817,0.0038354542509683328
C0024121,Lung Neoplasms,DIAMOnD,0.016993464052287584,0.05196078431372549,0.0016289967370662652
C0024121,Lung Neoplasms,Neural Embeddings,0.0058823529411764705,0.07026143790849673,0.002912452626777697
C0024121,Lung Neoplasms,Matrix Completion,1.0,1.0,0.20069582938527578
C0024141,"Lupus Erythematosus, Systemic",Neighborhood,0.0,0.07857142857142856,0.0015584935338475536
C0024141,"Lupus Erythematosus, Systemic",Random Walk,0.0,0.0375,0.0013801417584587829
C0024141,"Lupus Erythematosus, Systemic",DIAMOnD,0.014285714285714285,0.05178571428571428,0.001378526914678041
C0024141,"Lupus Erythematosus, Systemic",Neural Embeddings,0.0,0.0,0.0004298415896216151
C0024141,"Lupus Erythematosus, Systemic",Matrix Completion,0.17678571428571427,0.4499999999999999,0.04652953513847024
C0024232,Lymphatic Metastasis,Neighborhood,0.0,0.0,0.0003951870391722372
C0024232,Lymphatic Metastasis,Random Walk,0.0,0.05,0.0013721076111102397
C0024232,Lymphatic Metastasis,DIAMOnD,0.0,0.0,6.518684898241262e-05
C0024232,Lymphatic Metastasis,Neural Embeddings,0.0,0.0,0.0008988600763657345
C0024232,Lymphatic Metastasis,Matrix Completion,0.3,0.5,0.16599492453980386
C0024299,Lymphoma,Neighborhood,0.0,0.0,0.0018534795014318775
C0024299,Lymphoma,Random Walk,0.0,0.15,0.003617419953284528
C0024299,Lymphoma,DIAMOnD,0.0,0.0,0.00017551356976294282
C0024299,Lymphoma,Neural Embeddings,0.0,0.0,0.000684100981415269
C0024299,Lymphoma,Matrix Completion,0.25,0.4,0.07205740663054198
C0024301,"Lymphoma, Follicular",Neighborhood,0.0,0.1,0.002169942478500909
C0024301,"Lymphoma, Follicular",Random Walk,0.05,0.16666666666666666,0.005728009614936075
C0024301,"Lymphoma, Follicular",DIAMOnD,0.0,0.1,0.0031194935386353673
C0024301,"Lymphoma, Follicular",Neural Embeddings,0.0,0.05,0.0011875265875133782
C0024301,"Lymphoma, Follicular",Matrix Completion,0.15,0.25,0.04179175270876566
C0024305,"Lymphoma, Non-Hodgkin",Neighborhood,0.0,0.0,0.001597522746077567
C0024305,"Lymphoma, Non-Hodgkin",Random Walk,0.03333333333333333,0.18333333333333332,0.008775887379894341
C0024305,"Lymphoma, Non-Hodgkin",DIAMOnD,0.05,0.18333333333333332,0.006016210099672159
C0024305,"Lymphoma, Non-Hodgkin",Neural Embeddings,0.05,0.05,0.003978129666217262
C0024305,"Lymphoma, Non-Hodgkin",Matrix Completion,0.4,0.4833333333333333,0.12435993732272424
C0024530,Malaria,Neighborhood,0.0,0.0,0.0012965462064828083
C0024530,Malaria,Random Walk,0.0,0.0,0.0014629920630583116
C0024530,Malaria,DIAMOnD,0.0,0.0,0.00012275809474997923
C0024530,Malaria,Neural Embeddings,0.0,0.0,0.0005456668323622865
C0024530,Malaria,Matrix Completion,0.2,0.25,0.07115302506220622
C0024667,Animal Mammary Neoplasms,Neighborhood,0.0,0.0,0.00039414295471081257
C0024667,Animal Mammary Neoplasms,Random Walk,0.02857142857142857,0.08681318681318681,0.004678365301860933
C0024667,Animal Mammary Neoplasms,DIAMOnD,0.014835164835164835,0.03626373626373626,0.0024905120279658044
C0024667,Animal Mammary Neoplasms,Neural Embeddings,0.02857142857142857,0.05769230769230769,0.0035883354174557646
C0024667,Animal Mammary Neoplasms,Matrix Completion,0.9412087912087912,1.0,0.2329380284857392
C0024668,"Mammary Neoplasms, Experimental",Neighborhood,0.0,0.0,0.0003982730862836575
C0024668,"Mammary Neoplasms, Experimental",Random Walk,0.026249999999999996,0.08499999999999999,0.004450331542487482
C0024668,"Mammary Neoplasms, Experimental",DIAMOnD,0.0,0.012916666666666665,0.00022829468430940787
C0024668,"Mammary Neoplasms, Experimental",Neural Embeddings,0.026249999999999996,0.04625,0.003305803211608863
C0024668,"Mammary Neoplasms, Experimental",Matrix Completion,1.0,1.0,0.21911182383971667
C0024796,Marfan Syndrome,Neighborhood,0.0,0.0,0.0011786285470748808
C0024796,Marfan Syndrome,Random Walk,0.0,0.2,0.005717080121929822
C0024796,Marfan Syndrome,DIAMOnD,0.0,0.0,7.467446341639044e-05
C0024796,Marfan Syndrome,Neural Embeddings,0.0,0.0,0.0016184168073737689
C0024796,Marfan Syndrome,Matrix Completion,0.6,0.7,0.17513274432714382
C0024809,Marijuana Abuse,Neighborhood,0.0,0.0,0.0003719816742406362
C0024809,Marijuana Abuse,Random Walk,0.0,0.1,0.0022687777254119567
C0024809,Marijuana Abuse,DIAMOnD,0.0,0.1,0.0021080305058544984
C0024809,Marijuana Abuse,Neural Embeddings,0.0,0.2,0.0055435964590525265
C0024809,Marijuana Abuse,Matrix Completion,0.1,0.5,0.04346324111738682
C0025149,Medulloblastoma,Neighborhood,0.0,0.0,0.0007493622258823734
C0025149,Medulloblastoma,Random Walk,0.0,0.11499999999999999,0.0031690918723326035
C0025149,Medulloblastoma,DIAMOnD,0.0,0.0,0.00016028142389314242
C0025149,Medulloblastoma,Neural Embeddings,0.0,0.025,0.002027419283888645
C0025149,Medulloblastoma,Matrix Completion,0.11000000000000001,0.18,0.025031406213456887
C0025202,melanoma,Neighborhood,0.0,0.005,0.000327570239979156
C0025202,melanoma,Random Walk,0.020789473684210524,0.03131578947368421,0.002102985232483366
C0025202,melanoma,DIAMOnD,0.005,0.005,0.00039504243379879535
C0025202,melanoma,Neural Embeddings,0.020789473684210524,0.03105263157894737,0.0018161095879005457
C0025202,melanoma,Matrix Completion,1.0,1.0,0.18535590845117078
C0025261,Memory Disorders,Neighborhood,0.0,0.0,0.0003547509678495652
C0025261,Memory Disorders,Random Walk,0.025,0.05,0.0062672364872592935
C0025261,Memory Disorders,DIAMOnD,0.0,0.0,8.04362852660572e-05
C0025261,Memory Disorders,Neural Embeddings,0.025,0.025,0.013348705089011514
C0025261,Memory Disorders,Matrix Completion,0.225,0.5999999999999999,0.05304948161075322
C0025286,Meningioma,Neighborhood,0.0,0.2,0.005506566268527975
C0025286,Meningioma,Random Walk,0.3,0.3,0.0394646382204311
C0025286,Meningioma,DIAMOnD,0.1,0.1,0.005624080447197583
C0025286,Meningioma,Neural Embeddings,0.0,0.1,0.0017314446177561353
C0025286,Meningioma,Matrix Completion,0.05,0.25,0.014427400835515419
C0025500,Mesothelioma,Neighborhood,0.0,0.0,0.0006413958395566574
C0025500,Mesothelioma,Random Walk,0.045,0.065,0.004018843135259615
C0025500,Mesothelioma,DIAMOnD,0.0,0.0,0.00010701021532632153
C0025500,Mesothelioma,Neural Embeddings,0.045,0.045,0.005212053626313423
C0025500,Mesothelioma,Matrix Completion,0.13999999999999999,0.315,0.04929337298857303
C0025521,Inborn Errors of Metabolism,Neighborhood,0.0,0.0,0.0005209940407267337
C0025521,Inborn Errors of Metabolism,Random Walk,0.0,0.0,0.0004784391089111452
C0025521,Inborn Errors of Metabolism,DIAMOnD,0.0,0.0,8.943626543946829e-05
C0025521,Inborn Errors of Metabolism,Neural Embeddings,0.0,0.0,0.0003503746425165249
C0025521,Inborn Errors of Metabolism,Matrix Completion,0.05,0.2,0.013040746852285925
C0025958,Microcephaly,Neighborhood,0.0,0.08333333333333333,0.0019866378750543453
C0025958,Microcephaly,Random Walk,0.13333333333333333,0.16666666666666666,0.013595565345330093
C0025958,Microcephaly,DIAMOnD,0.13333333333333333,0.13333333333333333,0.011319240006431568
C0025958,Microcephaly,Neural Embeddings,0.0,0.0,0.0006557841344192125
C0025958,Microcephaly,Matrix Completion,0.0,0.08333333333333333,0.004513737097697318
C0026603,Motion Sickness,Neighborhood,0.0,0.0,9.462895771475868e-05
C0026603,Motion Sickness,Random Walk,0.0,0.0,0.0004269152231037146
C0026603,Motion Sickness,DIAMOnD,0.0,0.0,9.548761940205428e-05
C0026603,Motion Sickness,Neural Embeddings,0.0,0.0,0.00017738957174128435
C0026603,Motion Sickness,Matrix Completion,0.0,0.0,0.002929461340797823
C0026636,Mouth Diseases,Neighborhood,0.0,0.1,0.0018314364418906745
C0026636,Mouth Diseases,Random Walk,0.05,0.05,0.006614451170844603
C0026636,Mouth Diseases,DIAMOnD,0.0,0.0,0.00010031425990714008
C0026636,Mouth Diseases,Neural Embeddings,0.0,0.05,0.0010501901569439605
C0026636,Mouth Diseases,Matrix Completion,0.1,0.15,0.052917250310769645
C0026640,Mouth Neoplasms,Neighborhood,0.0,0.0,0.0008465485127135457
C0026640,Mouth Neoplasms,Random Walk,0.025,0.125,0.011224940417542057
C0026640,Mouth Neoplasms,DIAMOnD,0.0,0.025,0.0003890486209901788
C0026640,Mouth Neoplasms,Neural Embeddings,0.0,0.06999999999999999,0.0024912521574186846
C0026640,Mouth Neoplasms,Matrix Completion,0.335,0.8300000000000001,0.11744348421900237
C0026650,Movement Disorders,Neighborhood,0.0,0.15,0.001990792335452292
C0026650,Movement Disorders,Random Walk,0.05,0.15,0.005054228121422796
C0026650,Movement Disorders,DIAMOnD,0.15,0.2,0.010208069551404663
C0026650,Movement Disorders,Neural Embeddings,0.0,0.0,0.0005066374553340624
C0026650,Movement Disorders,Matrix Completion,0.4,0.5,0.13529624077276653
C0026691,Mucocutaneous Lymph Node Syndrome,Neighborhood,0.0,0.0,0.0014567944270776428
C0026691,Mucocutaneous Lymph Node Syndrome,Random Walk,0.0,0.05,0.001179341374477671
C0026691,Mucocutaneous Lymph Node Syndrome,DIAMOnD,0.0,0.0,0.0011114339543176802
C0026691,Mucocutaneous Lymph Node Syndrome,Neural Embeddings,0.0,0.0,0.00020678553154436304
C0026691,Mucocutaneous Lymph Node Syndrome,Matrix Completion,0.1,0.25,0.013090557691191024
C0026764,Multiple Myeloma,Neighborhood,0.0,0.0,0.0008074673031595876
C0026764,Multiple Myeloma,Random Walk,0.025,0.025,0.00251245299046031
C0026764,Multiple Myeloma,DIAMOnD,0.0,0.025,0.00059450483675594
C0026764,Multiple Myeloma,Neural Embeddings,0.0,0.025,0.0010686563632367387
C0026764,Multiple Myeloma,Matrix Completion,0.175,0.35,0.03858877034095104
C0026769,Multiple Sclerosis,Neighborhood,0.0,0.01111111111111111,0.0006232769021735499
C0026769,Multiple Sclerosis,Random Walk,0.0,0.01111111111111111,0.0008411266950423702
C0026769,Multiple Sclerosis,DIAMOnD,0.0,0.01111111111111111,0.00030800595312853045
C0026769,Multiple Sclerosis,Neural Embeddings,0.0,0.01111111111111111,0.0006740356356910404
C0026769,Multiple Sclerosis,Matrix Completion,0.1,0.31805555555555554,0.03368759769296921
C0026846,Muscular Atrophy,Neighborhood,0.0,0.0,0.0003651288480888872
C0026846,Muscular Atrophy,Random Walk,0.0,0.0,0.001590220061087035
C0026846,Muscular Atrophy,DIAMOnD,0.0,0.0,0.0001486340746489284
C0026846,Muscular Atrophy,Neural Embeddings,0.0,0.2,0.0036673198922031816
C0026846,Muscular Atrophy,Matrix Completion,0.2,0.3,0.020801006785786648
C0026848,Myopathy,Neighborhood,0.0,0.0,0.0008467422150894074
C0026848,Myopathy,Random Walk,0.0,0.06666666666666667,0.001852746231173949
C0026848,Myopathy,DIAMOnD,0.0,0.0,9.583679038069066e-05
C0026848,Myopathy,Neural Embeddings,0.0,0.0,0.0004448140234946596
C0026848,Myopathy,Matrix Completion,0.13333333333333333,0.2333333333333333,0.030680920831817747
C0027051,Myocardial Infarction,Neighborhood,0.0,0.0,0.000700634949342482
C0027051,Myocardial Infarction,Random Walk,0.0125,0.03611111111111111,0.002880054513046467
C0027051,Myocardial Infarction,DIAMOnD,0.0,0.03611111111111111,0.0005731098110099149
C0027051,Myocardial Infarction,Neural Embeddings,0.0,0.01111111111111111,0.001112898333581179
C0027051,Myocardial Infarction,Matrix Completion,0.2333333333333333,0.37222222222222223,0.07426701901032826
C0027055,Myocardial Reperfusion Injury,Neighborhood,0.0,0.0,0.0012143436377864548
C0027055,Myocardial Reperfusion Injury,Random Walk,0.05833333333333333,0.125,0.008448345033465164
C0027055,Myocardial Reperfusion Injury,DIAMOnD,0.03333333333333333,0.225,0.005732013789215718
C0027055,Myocardial Reperfusion Injury,Neural Embeddings,0.0,0.0,0.001248331604855994
C0027055,Myocardial Reperfusion Injury,Matrix Completion,0.375,0.5333333333333334,0.05762465921421254
C0027092,Myopia,Neighborhood,0.0,0.08333333333333333,0.0013879143233727408
C0027092,Myopia,Random Walk,0.0,0.03333333333333333,0.002047436575238074
C0027092,Myopia,DIAMOnD,0.0,0.03333333333333333,0.0006627710208081676
C0027092,Myopia,Neural Embeddings,0.0,0.0,0.0003699250707463684
C0027092,Myopia,Matrix Completion,0.03333333333333333,0.19999999999999998,0.005152372745971865
C0027404,Narcolepsy,Neighborhood,0.15,0.3,0.038069267869854206
C0027404,Narcolepsy,Random Walk,0.15,0.15,0.10685359807126227
C0027404,Narcolepsy,DIAMOnD,0.15,0.15,0.033405692158810306
C0027404,Narcolepsy,Neural Embeddings,0.0,0.15,0.0024514415252137986
C0027404,Narcolepsy,Matrix Completion,0.1,0.25,0.020283281519703343
C0027540,Necrosis,Neighborhood,0.0,0.0,0.0003738223993313239
C0027540,Necrosis,Random Walk,0.02,0.06000000000000001,0.021482644214734524
C0027540,Necrosis,DIAMOnD,0.0,0.0,7.05683200441862e-05
C0027540,Necrosis,Neural Embeddings,0.02,0.02,0.004287851428100725
C0027540,Necrosis,Matrix Completion,0.2966666666666667,0.44666666666666677,0.09072991911401664
C0027626,Neoplasm Invasiveness,Neighborhood,0.0,0.0,0.0006795952267045399
C0027626,Neoplasm Invasiveness,Random Walk,0.023076923076923078,0.14102564102564102,0.007087478699634107
C0027626,Neoplasm Invasiveness,DIAMOnD,0.023717948717948717,0.08717948717948719,0.003913417251473173
C0027626,Neoplasm Invasiveness,Neural Embeddings,0.03141025641025641,0.0782051282051282,0.004415469458735935
C0027626,Neoplasm Invasiveness,Matrix Completion,0.4525641025641026,0.9685897435897436,0.18607761109369744
C0027627,Neoplasm Metastasis,Neighborhood,0.0,0.0,0.0004979857290006663
C0027627,Neoplasm Metastasis,Random Walk,0.04285714285714285,0.11483516483516483,0.006301263699106876
C0027627,Neoplasm Metastasis,DIAMOnD,0.007142857142857143,0.02857142857142857,0.0008214194166373922
C0027627,Neoplasm Metastasis,Neural Embeddings,0.02857142857142857,0.08681318681318681,0.004298015897508548
C0027627,Neoplasm Metastasis,Matrix Completion,0.6532967032967034,1.0,0.1933662263959583
C0027643,"Neoplasm Recurrence, Local",Neighborhood,0.0,0.0,0.0004910175101293523
C0027643,"Neoplasm Recurrence, Local",Random Walk,0.08333333333333333,0.18333333333333332,0.008847409804471835
C0027643,"Neoplasm Recurrence, Local",DIAMOnD,0.0,0.0,0.00012616873980113823
C0027643,"Neoplasm Recurrence, Local",Neural Embeddings,0.05,0.13333333333333333,0.009116905918810722
C0027643,"Neoplasm Recurrence, Local",Matrix Completion,0.2,0.3,0.04770933842551402
C0027658,"Neoplasms, Germ Cell and Embryonal",Neighborhood,0.0,0.1,0.001553237761138414
C0027658,"Neoplasms, Germ Cell and Embryonal",Random Walk,0.0,0.05,0.0017663412433513465
C0027658,"Neoplasms, Germ Cell and Embryonal",DIAMOnD,0.05,0.05,0.0028681752792466863
C0027658,"Neoplasms, Germ Cell and Embryonal",Neural Embeddings,0.0,0.0,0.00018443758239676493
C0027658,"Neoplasms, Germ Cell and Embryonal",Matrix Completion,0.0,0.15,0.004297125770239866
C0027659,"Neoplasms, Experimental",Neighborhood,0.0,0.0,0.0010947043263592172
C0027659,"Neoplasms, Experimental",Random Walk,0.1,0.13333333333333333,0.028399924800375898
C0027659,"Neoplasms, Experimental",DIAMOnD,0.0,0.025,0.0005140213730032775
C0027659,"Neoplasms, Experimental",Neural Embeddings,0.0,0.05833333333333333,0.002336737681664405
C0027659,"Neoplasms, Experimental",Matrix Completion,0.29999999999999993,0.475,0.06511892231972947
C0027672,"Neoplastic Syndromes, Hereditary",Neighborhood,0.0,0.0,0.0015094773825680779
C0027672,"Neoplastic Syndromes, Hereditary",Random Walk,0.16,0.29,0.021084673517748974
C0027672,"Neoplastic Syndromes, Hereditary",DIAMOnD,0.19,0.34,0.03767555049705702
C0027672,"Neoplastic Syndromes, Hereditary",Neural Embeddings,0.04,0.08,0.0035286192621186395
C0027672,"Neoplastic Syndromes, Hereditary",Matrix Completion,0.14500000000000002,0.3,0.02690379195214244
C0027707,"Nephritis, Interstitial",Neighborhood,0.0,0.2,0.00427144484941413
C0027707,"Nephritis, Interstitial",Random Walk,0.2,0.4,0.02669961485331237
C0027707,"Nephritis, Interstitial",DIAMOnD,0.0,0.3,0.0047263150183394316
C0027707,"Nephritis, Interstitial",Neural Embeddings,0.2,0.3,0.016790412600667062
C0027707,"Nephritis, Interstitial",Matrix Completion,0.2,0.4,0.046671688067013654
C0027708,Nephroblastoma,Neighborhood,0.0,0.0,0.0013020651146913604
C0027708,Nephroblastoma,Random Walk,0.05,0.15,0.0068214729143004915
C0027708,Nephroblastoma,DIAMOnD,0.0,0.0,7.797764277283047e-05
C0027708,Nephroblastoma,Neural Embeddings,0.0,0.1,0.002642749940563639
C0027708,Nephroblastoma,Matrix Completion,0.15,0.25,0.05570095932490591
C0027720,Nephrosis,Neighborhood,0.0,0.2,0.0034436400532440368
C0027720,Nephrosis,Random Walk,0.1,0.45,0.01685118615644557
C0027720,Nephrosis,DIAMOnD,0.0,0.1,0.0019494415012350796
C0027720,Nephrosis,Neural Embeddings,0.0,0.0,0.0009824105434330071
C0027720,Nephrosis,Matrix Completion,0.35,0.35,0.057526546309004535
C0027726,Nephrotic Syndrome,Neighborhood,0.0,0.0,0.00043523055374943226
C0027726,Nephrotic Syndrome,Random Walk,0.0,0.1,0.0030601352793293056
C0027726,Nephrotic Syndrome,DIAMOnD,0.0,0.18333333333333332,0.003305180413190418
C0027726,Nephrotic Syndrome,Neural Embeddings,0.0,0.05,0.0020299697528885856
C0027726,Nephrotic Syndrome,Matrix Completion,0.13333333333333333,0.3833333333333333,0.029638160528338942
C0027746,Nerve Degeneration,Neighborhood,0.0,0.0,0.00040921320665939474
C0027746,Nerve Degeneration,Random Walk,0.05714285714285714,0.09464285714285714,0.0179027263082854
C0027746,Nerve Degeneration,DIAMOnD,0.0,0.0,0.00012783962751267375
C0027746,Nerve Degeneration,Neural Embeddings,0.026785714285714284,0.06785714285714287,0.007762029547203046
C0027746,Nerve Degeneration,Matrix Completion,0.21071428571428572,0.5321428571428571,0.041412214727856556
C0027765,nervous system disorder,Neighborhood,0.0,0.0,0.0005681975101791651
C0027765,nervous system disorder,Random Walk,0.0,0.02,0.0009636014062226561
C0027765,nervous system disorder,DIAMOnD,0.0,0.02,0.0007802494970641221
C0027765,nervous system disorder,Neural Embeddings,0.0,0.0,0.0007033898505080521
C0027765,nervous system disorder,Matrix Completion,0.24,0.3566666666666667,0.05766996785103666
C0027794,Neural Tube Defects,Neighborhood,0.08333333333333333,0.21666666666666665,0.007590329679986801
C0027794,Neural Tube Defects,Random Walk,0.08333333333333333,0.21666666666666665,0.013320499894295831
C0027794,Neural Tube Defects,DIAMOnD,0.03333333333333333,0.18333333333333332,0.006363501694165291
C0027794,Neural Tube Defects,Neural Embeddings,0.0,0.1,0.0027537068915507415
C0027794,Neural Tube Defects,Matrix Completion,0.15,0.2333333333333333,0.02769626361093417
C0027796,Neuralgia,Neighborhood,0.0,0.0,7.058631171376384e-05
C0027796,Neuralgia,Random Walk,0.0,0.1,0.003181448589482212
C0027796,Neuralgia,DIAMOnD,0.0,0.2,0.0029261976009598042
C0027796,Neuralgia,Neural Embeddings,0.0,0.0,0.0018172798302718619
C0027796,Neuralgia,Matrix Completion,0.1,0.3,0.10707911498628445
C0027819,Neuroblastoma,Neighborhood,0.0,0.0,0.0005568749061955593
C0027819,Neuroblastoma,Random Walk,0.05,0.075,0.007472740654286057
C0027819,Neuroblastoma,DIAMOnD,0.0,0.02,0.00040045651417221727
C0027819,Neuroblastoma,Neural Embeddings,0.025,0.05,0.006271735305566395
C0027819,Neuroblastoma,Matrix Completion,0.21000000000000002,0.27999999999999997,0.05693832177494658
C0027947,Neutropenia,Neighborhood,0.05,0.15,0.026894682964919453
C0027947,Neutropenia,Random Walk,0.1,0.1,0.033975343936047
C0027947,Neutropenia,DIAMOnD,0.05,0.05,0.025114588673109346
C0027947,Neutropenia,Neural Embeddings,0.0,0.0,0.0004006974362036176
C0027947,Neutropenia,Matrix Completion,0.45,0.5,0.1022779243836462
C0028326,Noonan Syndrome,Neighborhood,0.0,0.1,0.004866796177186564
C0028326,Noonan Syndrome,Random Walk,0.15,0.4,0.031905652518286406
C0028326,Noonan Syndrome,DIAMOnD,0.1,0.5,0.03698941181504494
C0028326,Noonan Syndrome,Neural Embeddings,0.0,0.0,0.0009971811857582588
C0028326,Noonan Syndrome,Matrix Completion,0.2,0.35,0.04521554569758015
C0028754,Obesity,Neighborhood,0.0,0.0038461538461538464,0.0006459521546048328
C0028754,Obesity,Random Walk,0.0038461538461538464,0.023230769230769232,0.0012525341473598153
C0028754,Obesity,DIAMOnD,0.007692307692307693,0.015384615384615385,0.0025613782593645654
C0028754,Obesity,Neural Embeddings,0.015384615384615385,0.038615384615384614,0.0027777889117364006
C0028754,Obesity,Matrix Completion,0.9692307692307693,1.0,0.14912519515172176
C0029172,Oral Submucous Fibrosis,Neighborhood,0.0,0.2,0.00629477612070721
C0029172,Oral Submucous Fibrosis,Random Walk,0.35,0.55,0.04947394106781046
C0029172,Oral Submucous Fibrosis,DIAMOnD,0.15,0.35,0.013882757898186016
C0029172,Oral Submucous Fibrosis,Neural Embeddings,0.0,0.0,0.001074504116439927
C0029172,Oral Submucous Fibrosis,Matrix Completion,0.4,0.65,0.17363431432656337
C0029408,Degenerative polyarthritis,Neighborhood,0.0,0.0,0.0006496968524596613
C0029408,Degenerative polyarthritis,Random Walk,0.01111111111111111,0.03111111111111111,0.0023953795352626263
C0029408,Degenerative polyarthritis,DIAMOnD,0.0,0.05333333333333333,0.0007704600565886964
C0029408,Degenerative polyarthritis,Neural Embeddings,0.0,0.04111111111111111,0.0013378716017187656
C0029408,Degenerative polyarthritis,Matrix Completion,0.05333333333333333,0.11555555555555556,0.019009572509809544
C0029422,Osteochondrodysplasias,Neighborhood,0.0,0.25,0.003872873095628823
C0029422,Osteochondrodysplasias,Random Walk,0.05,0.25,0.010197028303349514
C0029422,Osteochondrodysplasias,DIAMOnD,0.0,0.15,0.004547751310076145
C0029422,Osteochondrodysplasias,Neural Embeddings,0.0,0.0,0.0008895640214739523
C0029422,Osteochondrodysplasias,Matrix Completion,0.2,0.2,0.02039545575787468
C0029456,Osteoporosis,Neighborhood,0.0,0.014285714285714285,0.0007805850542437433
C0029456,Osteoporosis,Random Walk,0.0,0.030952380952380953,0.0014452838261011544
C0029456,Osteoporosis,DIAMOnD,0.0,0.030952380952380953,0.0006665261148666189
C0029456,Osteoporosis,Neural Embeddings,0.0,0.0,0.0007868122584940212
C0029456,Osteoporosis,Matrix Completion,0.06190476190476189,0.17142857142857143,0.02667642250158514
C0029463,Osteosarcoma,Neighborhood,0.0,0.0,0.0004560970033032427
C0029463,Osteosarcoma,Random Walk,0.05833333333333333,0.05833333333333333,0.005169171351492785
C0029463,Osteosarcoma,DIAMOnD,0.0,0.0,8.589763555973474e-05
C0029463,Osteosarcoma,Neural Embeddings,0.05833333333333333,0.10833333333333332,0.006201304037061548
C0029463,Osteosarcoma,Matrix Completion,0.16666666666666666,0.25,0.03923717209719627
C0029927,Ovarian Cysts,Neighborhood,0.0,0.0,0.00010136803262056433
C0029927,Ovarian Cysts,Random Walk,0.0,0.0,0.0003414797385434344
C0029927,Ovarian Cysts,DIAMOnD,0.0,0.0,9.919618945045706e-05
C0029927,Ovarian Cysts,Neural Embeddings,0.0,0.06666666666666667,0.0015632207079881739
C0029927,Ovarian Cysts,Matrix Completion,0.0,0.09166666666666665,0.0020181683087446022
C0030193,Pain,Neighborhood,0.0,0.0,0.0004007903755797916
C0030193,Pain,Random Walk,0.0,0.025,0.001049897969568676
C0030193,Pain,DIAMOnD,0.0,0.04,0.001064976311144436
C0030193,Pain,Neural Embeddings,0.0,0.02,0.0010682584030559457
C0030193,Pain,Matrix Completion,0.19,0.6050000000000001,0.10631813685915661
C0030297,Pancreatic Neoplasm,Neighborhood,0.0,0.0,0.0007632917133120344
C0030297,Pancreatic Neoplasm,Random Walk,0.025,0.1,0.004757113047248356
C0030297,Pancreatic Neoplasm,DIAMOnD,0.0125,0.025,0.0027179378699425825
C0030297,Pancreatic Neoplasm,Neural Embeddings,0.0,0.05,0.0018535998814216575
C0030297,Pancreatic Neoplasm,Matrix Completion,0.2625,0.3875,0.08414087653668478
C0030305,Pancreatitis,Neighborhood,0.0,0.0,0.00033850606166105395
C0030305,Pancreatitis,Random Walk,0.0,0.0,0.0010587808953866175
C0030305,Pancreatitis,DIAMOnD,0.0,0.05,0.0006963106308630172
C0030305,Pancreatitis,Neural Embeddings,0.0,0.0,0.000699033620011534
C0030305,Pancreatitis,Matrix Completion,0.2,0.4,0.045252786671709164
C0030354,Papilloma,Neighborhood,0.0,0.0,0.000384224264113375
C0030354,Papilloma,Random Walk,0.0,0.1,0.0032841290360893782
C0030354,Papilloma,DIAMOnD,0.0,0.0,7.434118477593283e-05
C0030354,Papilloma,Neural Embeddings,0.1,0.1,0.01563807573152585
C0030354,Papilloma,Matrix Completion,0.6,0.85,0.2596507370206465
C0030567,Parkinson Disease,Neighborhood,0.0,0.0,0.00048317398881363047
C0030567,Parkinson Disease,Random Walk,0.0,0.030000000000000006,0.0014713344733802984
C0030567,Parkinson Disease,DIAMOnD,0.0,0.0,0.00015779091654418706
C0030567,Parkinson Disease,Neural Embeddings,0.0,0.01,0.0007777753915975596
C0030567,Parkinson Disease,Matrix Completion,0.15555555555555559,0.34,0.041190982531810735
C0031117,Peripheral Neuropathy,Neighborhood,0.0,0.0,0.00038551771693589416
C0031117,Peripheral Neuropathy,Random Walk,0.0,0.017857142857142856,0.0009291848539882544
C0031117,Peripheral Neuropathy,DIAMOnD,0.007142857142857143,0.014417989417989418,0.0007457404246833082
C0031117,Peripheral Neuropathy,Neural Embeddings,0.01798941798941799,0.032275132275132276,0.002300184347144013
C0031117,Peripheral Neuropathy,Matrix Completion,0.8961640211640212,1.0,0.14064330047088436
C0031511,Pheochromocytoma,Neighborhood,0.0,0.05,0.00267726305094734
C0031511,Pheochromocytoma,Random Walk,0.15,0.3,0.01227453750731876
C0031511,Pheochromocytoma,DIAMOnD,0.05,0.2,0.006358848103847593
C0031511,Pheochromocytoma,Neural Embeddings,0.0,0.0,0.000780402447503012
C0031511,Pheochromocytoma,Matrix Completion,0.1,0.3,0.012888289395609865
C0032273,Pneumoconiosis,Neighborhood,0.0,0.0,0.00012056513726712338
C0032273,Pneumoconiosis,Random Walk,0.0,0.0,0.0002926180597748679
C0032273,Pneumoconiosis,DIAMOnD,0.0,0.0,0.00012115832887744113
C0032273,Pneumoconiosis,Neural Embeddings,0.0,0.0,0.00017257267711677984
C0032273,Pneumoconiosis,Matrix Completion,0.1,0.1,0.007388681691016063
C0032285,Pneumonia,Neighborhood,0.0,0.12000000000000002,0.0037436989098763155
C0032285,Pneumonia,Random Walk,0.10500000000000001,0.32,0.013791772895487484
C0032285,Pneumonia,DIAMOnD,0.16999999999999998,0.32,0.01813211626042234
C0032285,Pneumonia,Neural Embeddings,0.21000000000000002,0.255,0.026735321604342204
C0032285,Pneumonia,Matrix Completion,0.36000000000000004,0.7150000000000001,0.14183243905041876
C0032460,Polycystic Ovary Syndrome,Neighborhood,0.0,0.0,0.00045038134112274173
C0032460,Polycystic Ovary Syndrome,Random Walk,0.0,0.0,0.0005277267049637269
C0032460,Polycystic Ovary Syndrome,DIAMOnD,0.0,0.01380952380952381,0.00043708695846270015
C0032460,Polycystic Ovary Syndrome,Neural Embeddings,0.006666666666666666,0.01380952380952381,0.0009519245475039814
C0032460,Polycystic Ovary Syndrome,Matrix Completion,1.0,1.0,0.22673485905628765
C0032914,Pre-Eclampsia,Neighborhood,0.05,0.15,0.00323839315574346
C0032914,Pre-Eclampsia,Random Walk,0.1,0.1,0.007651477843103742
C0032914,Pre-Eclampsia,DIAMOnD,0.0,0.0,7.27741776802138e-05
C0032914,Pre-Eclampsia,Neural Embeddings,0.0,0.0,0.00029581281844164844
C0032914,Pre-Eclampsia,Matrix Completion,0.35,0.4,0.18012062773661225
C0032927,Precancerous Conditions,Neighborhood,0.0,0.0,0.0004933795070794601
C0032927,Precancerous Conditions,Random Walk,0.0,0.014285714285714285,0.0012569752855958849
C0032927,Precancerous Conditions,DIAMOnD,0.0,0.014285714285714285,0.00034036004437457997
C0032927,Precancerous Conditions,Neural Embeddings,0.0,0.02857142857142857,0.001242918165119134
C0032927,Precancerous Conditions,Matrix Completion,0.0857142857142857,0.17142857142857143,0.015259427946583174
C0033578,Prostatic Neoplasms,Neighborhood,0.0,0.002127659574468085,0.0004121021432531259
C0033578,Prostatic Neoplasms,Random Walk,0.006382978723404255,0.0362627197039778,0.002307991570041086
C0033578,Prostatic Neoplasms,DIAMOnD,0.03200740055504162,0.07687326549491211,0.004588394280382199
C0033578,Prostatic Neoplasms,Neural Embeddings,0.017067530064754855,0.0469472710453284,0.00268264605799777
C0033578,Prostatic Neoplasms,Matrix Completion,0.53422756706753,1.0,0.0947427980980399
C0033687,Proteinuria,Neighborhood,0.0,0.025,0.0010046938497948266
C0033687,Proteinuria,Random Walk,0.025,0.13333333333333333,0.00565079967288263
C0033687,Proteinuria,DIAMOnD,0.0,0.13333333333333333,0.0023082304907046393
C0033687,Proteinuria,Neural Embeddings,0.0,0.0,0.0009412395147336047
C0033687,Proteinuria,Matrix Completion,0.2833333333333333,0.5166666666666667,0.0370977791119934
C0033860,Psoriasis,Neighborhood,0.0,0.016666666666666666,0.0008051409106117853
C0033860,Psoriasis,Random Walk,0.04523809523809523,0.07857142857142857,0.004840616771385925
C0033860,Psoriasis,DIAMOnD,0.0,0.05,0.0010525934780161211
C0033860,Psoriasis,Neural Embeddings,0.0,0.014285714285714285,0.0008226937527217882
C0033860,Psoriasis,Matrix Completion,0.23809523809523808,0.36190476190476184,0.08161062815302651
C0033941,"Psychoses, Substance-Induced",Neighborhood,0.0,0.0,0.0004125339194153401
C0033941,"Psychoses, Substance-Induced",Random Walk,0.0,0.1,0.0035710309519850873
C0033941,"Psychoses, Substance-Induced",DIAMOnD,0.0,0.0,7.029476333901091e-05
C0033941,"Psychoses, Substance-Induced",Neural Embeddings,0.0,0.2,0.0036133437761764102
C0033941,"Psychoses, Substance-Induced",Matrix Completion,0.3,0.75,0.04740403080716835
C0033975,Psychotic Disorders,Neighborhood,0.0,0.1,0.0015137745557630075
C0033975,Psychotic Disorders,Random Walk,0.05,0.1,0.019452110027257254
C0033975,Psychotic Disorders,DIAMOnD,0.0,0.05,0.0016079769968031978
C0033975,Psychotic Disorders,Neural Embeddings,0.05,0.05,0.012930696615969798
C0033975,Psychotic Disorders,Matrix Completion,0.2,0.45,0.041646714982518936
C0034065,Pulmonary Embolism,Neighborhood,0.0,0.3,0.006177894680568753
C0034065,Pulmonary Embolism,Random Walk,0.0,0.3,0.006180160129764025
C0034065,Pulmonary Embolism,DIAMOnD,0.3,0.4,0.037153646065534604
C0034065,Pulmonary Embolism,Neural Embeddings,0.0,0.0,0.0003910364510262408
C0034065,Pulmonary Embolism,Matrix Completion,0.35,0.45,0.03988082731186038
C0034069,Pulmonary Fibrosis,Neighborhood,0.0,0.125,0.0032670167828931845
C0034069,Pulmonary Fibrosis,Random Walk,0.065,0.28500000000000003,0.009597440611041376
C0034069,Pulmonary Fibrosis,DIAMOnD,0.08,0.32999999999999996,0.008582774564011623
C0034069,Pulmonary Fibrosis,Neural Embeddings,0.125,0.14500000000000002,0.02053039443531343
C0034069,Pulmonary Fibrosis,Matrix Completion,0.445,0.64,0.12587112837477737
C0034951,Refractive Errors,Neighborhood,0.0,0.0,0.000178035635720388
C0034951,Refractive Errors,Random Walk,0.0,0.0,0.00013942786253075292
C0034951,Refractive Errors,DIAMOnD,0.0,0.0,0.0002049409700802754
C0034951,Refractive Errors,Neural Embeddings,0.0,0.0,0.00034549229215986903
C0034951,Refractive Errors,Matrix Completion,0.0,0.0,0.0017124543613096053
C0035126,Reperfusion Injury,Neighborhood,0.0,0.0,0.0005935595551048039
C0035126,Reperfusion Injury,Random Walk,0.01111111111111111,0.08333333333333333,0.0029558496750805422
C0035126,Reperfusion Injury,DIAMOnD,0.0,0.0125,0.0002490996094214413
C0035126,Reperfusion Injury,Neural Embeddings,0.0,0.02361111111111111,0.0017516255262797077
C0035126,Reperfusion Injury,Matrix Completion,0.31666666666666665,0.5625,0.12250145006676434
C0035228,Respiratory Hypersensitivity,Neighborhood,0.0,0.05,0.0022572479774272047
C0035228,Respiratory Hypersensitivity,Random Walk,0.05,0.25,0.014198184025627867
C0035228,Respiratory Hypersensitivity,DIAMOnD,0.05,0.05,0.0022666352168367416
C0035228,Respiratory Hypersensitivity,Neural Embeddings,0.15,0.15,0.02132754214953133
C0035228,Respiratory Hypersensitivity,Matrix Completion,0.2,0.3,0.10924347135776839
C0035229,Respiratory Insufficiency,Neighborhood,0.0,0.0,0.00013818831187398253
C0035229,Respiratory Insufficiency,Random Walk,0.0,0.0,0.00021806638885768634
C0035229,Respiratory Insufficiency,DIAMOnD,0.0,0.05,0.0006668427668152012
C0035229,Respiratory Insufficiency,Neural Embeddings,0.0,0.0,0.000176236310194323
C0035229,Respiratory Insufficiency,Matrix Completion,0.2,0.5,0.023246958014487385
C0035304,Retinal Degeneration,Neighborhood,0.05,0.05,0.0069933490776356135
C0035304,Retinal Degeneration,Random Walk,0.15,0.15,0.03295016639694066
C0035304,Retinal Degeneration,DIAMOnD,0.05,0.05,0.025111563125268892
C0035304,Retinal Degeneration,Neural Embeddings,0.0,0.0,0.0003781004047386169
C0035304,Retinal Degeneration,Matrix Completion,0.1,0.2,0.06673139806488099
C0035309,Retinal Diseases,Neighborhood,0.0,0.0,0.0001847281061734925
C0035309,Retinal Diseases,Random Walk,0.0,0.0,0.0008403104706156177
C0035309,Retinal Diseases,DIAMOnD,0.0,0.03333333333333333,0.0006311751762879928
C0035309,Retinal Diseases,Neural Embeddings,0.0,0.0,0.00068913954906866
C0035309,Retinal Diseases,Matrix Completion,0.31666666666666665,0.36666666666666664,0.09469686921347632
C0035334,Retinitis Pigmentosa,Neighborhood,0.0738095238095238,0.14523809523809522,0.007191848363790468
C0035334,Retinitis Pigmentosa,Random Walk,0.04285714285714286,0.08809523809523809,0.02103432925385802
C0035334,Retinitis Pigmentosa,DIAMOnD,0.04285714285714286,0.0738095238095238,0.0063784046526100865
C0035334,Retinitis Pigmentosa,Neural Embeddings,0.04285714285714286,0.07142857142857142,0.023429441626446532
C0035334,Retinitis Pigmentosa,Matrix Completion,0.0,0.0,0.0007452164799683863
C0035828,Romano-Ward Syndrome,Neighborhood,0.0,0.0,0.00305003257926011
C0035828,Romano-Ward Syndrome,Random Walk,0.25,0.65,0.07959462971110942
C0035828,Romano-Ward Syndrome,DIAMOnD,0.05,0.1,0.026576023599760207
C0035828,Romano-Ward Syndrome,Neural Embeddings,0.05,0.05,0.0027783730498192423
C0035828,Romano-Ward Syndrome,Matrix Completion,0.15,0.15,0.01615447300096535
C0036095,Salivary Gland Neoplasms,Neighborhood,0.0,0.0,0.0003767249339114356
C0036095,Salivary Gland Neoplasms,Random Walk,0.0,0.0,0.00043429790859461696
C0036095,Salivary Gland Neoplasms,DIAMOnD,0.0,0.0,0.00028740982882000316
C0036095,Salivary Gland Neoplasms,Neural Embeddings,0.0,0.0,0.00037052805652808176
C0036095,Salivary Gland Neoplasms,Matrix Completion,0.9800000000000001,1.0,0.49149453551912564
C0036341,Schizophrenia,Neighborhood,0.0,0.004166666666666667,0.0003500298669519941
C0036341,Schizophrenia,Random Walk,0.012681159420289856,0.021195652173913043,0.002162155905247514
C0036341,Schizophrenia,DIAMOnD,0.0,0.004166666666666667,0.0002206954491218529
C0036341,Schizophrenia,Neural Embeddings,0.004166666666666667,0.012681159420289856,0.0009671811935487787
C0036341,Schizophrenia,Matrix Completion,1.0,1.0,0.1588402636624216
C0036346,"Schizophrenia, Childhood",Neighborhood,0.0,0.0,0.00015509299856940724
C0036346,"Schizophrenia, Childhood",Random Walk,0.0,0.0,0.00041187756945695343
C0036346,"Schizophrenia, Childhood",DIAMOnD,0.0,0.0,0.00016401276000882356
C0036346,"Schizophrenia, Childhood",Neural Embeddings,0.0,0.0,0.00012860137549233107
C0036346,"Schizophrenia, Childhood",Matrix Completion,0.0,0.1,0.0035574968483960993
C0036421,Systemic Scleroderma,Neighborhood,0.0,0.0,0.0004791742225714957
C0036421,Systemic Scleroderma,Random Walk,0.0,0.0,0.0006310672941325568
C0036421,Systemic Scleroderma,DIAMOnD,0.0,0.0,0.00021593797196564437
C0036421,Systemic Scleroderma,Neural Embeddings,0.0,0.0,0.00043761141547102127
C0036421,Systemic Scleroderma,Matrix Completion,0.11666666666666665,0.3333333333333333,0.013214391937968584
C0036572,Seizures,Neighborhood,0.0,0.03111111111111111,0.0015237213633126643
C0036572,Seizures,Random Walk,0.02222222222222222,0.05333333333333333,0.005596305010725804
C0036572,Seizures,DIAMOnD,0.021111111111111112,0.06444444444444444,0.007926909813898169
C0036572,Seizures,Neural Embeddings,0.01,0.02,0.0013413525893020517
C0036572,Seizures,Matrix Completion,0.33999999999999997,0.7422222222222222,0.12575676316459564
C0036920,Sezary Syndrome,Neighborhood,0.0,0.0,0.0006859693790164022
C0036920,Sezary Syndrome,Random Walk,0.03333333333333333,0.15,0.006400110477613674
C0036920,Sezary Syndrome,DIAMOnD,0.0,0.0,0.0001083484578347208
C0036920,Sezary Syndrome,Neural Embeddings,0.08333333333333333,0.21666666666666665,0.009648335676777127
C0036920,Sezary Syndrome,Matrix Completion,0.25,0.3,0.06949807109226655
C0037268,Skin Abnormalities,Neighborhood,0.0,0.0,0.0007435975653089546
C0037268,Skin Abnormalities,Random Walk,0.0,0.0,0.0007225687064647445
C0037268,Skin Abnormalities,DIAMOnD,0.0,0.0,0.00016872476631734541
C0037268,Skin Abnormalities,Neural Embeddings,0.0,0.0,0.00041346875040022276
C0037268,Skin Abnormalities,Matrix Completion,0.3,0.5,0.13243605136347578
C0037274,Dermatologic disorders,Neighborhood,0.0,0.0,0.0005580585164343567
C0037274,Dermatologic disorders,Random Walk,0.0,0.016666666666666666,0.0012082305000820951
C0037274,Dermatologic disorders,DIAMOnD,0.016666666666666666,0.06190476190476189,0.002241748914958714
C0037274,Dermatologic disorders,Neural Embeddings,0.0,0.0,0.0005193595183045407
C0037274,Dermatologic disorders,Matrix Completion,0.2285714285714285,0.26190476190476186,0.12300071657824738
C0037286,Skin Neoplasms,Neighborhood,0.0,0.0,0.0005266010164693243
C0037286,Skin Neoplasms,Random Walk,0.065,0.15,0.01040236593378397
C0037286,Skin Neoplasms,DIAMOnD,0.0,0.0,7.230427965440951e-05
C0037286,Skin Neoplasms,Neural Embeddings,0.045,0.11000000000000001,0.00573731971140385
C0037286,Skin Neoplasms,Matrix Completion,0.15,0.33999999999999997,0.07809063675909243
C0037769,West Syndrome,Neighborhood,0.0,0.0,0.0010482458034769058
C0037769,West Syndrome,Random Walk,0.0,0.0,0.0008672528656386241
C0037769,West Syndrome,DIAMOnD,0.0,0.0,0.00010463076678985308
C0037769,West Syndrome,Neural Embeddings,0.0,0.0,0.000599776472822626
C0037769,West Syndrome,Matrix Completion,0.1,0.25,0.034426573820667425
C0038013,Ankylosing spondylitis,Neighborhood,0.0,0.05,0.0011734136634673764
C0038013,Ankylosing spondylitis,Random Walk,0.0,0.05,0.0026332145817868553
C0038013,Ankylosing spondylitis,DIAMOnD,0.0,0.0,0.0001101030642047569
C0038013,Ankylosing spondylitis,Neural Embeddings,0.0,0.0,0.00019215228696279146
C0038013,Ankylosing spondylitis,Matrix Completion,0.25,0.3,0.026085228414139537
C0038220,Status Epilepticus,Neighborhood,0.0,0.02857142857142857,0.0013317898544854918
C0038220,Status Epilepticus,Random Walk,0.07380952380952381,0.15952380952380954,0.010021126318163074
C0038220,Status Epilepticus,DIAMOnD,0.02857142857142857,0.1476190476190476,0.01128641471561463
C0038220,Status Epilepticus,Neural Embeddings,0.09047619047619047,0.14761904761904762,0.014028782441421828
C0038220,Status Epilepticus,Matrix Completion,0.21428571428571427,0.34523809523809523,0.04710146883835946
C0038325,Stevens-Johnson Syndrome,Neighborhood,0.0,0.0,0.00038059667825436313
C0038325,Stevens-Johnson Syndrome,Random Walk,0.03333333333333333,0.26666666666666666,0.00901415351352733
C0038325,Stevens-Johnson Syndrome,DIAMOnD,0.0,0.0,9.15494740111689e-05
C0038325,Stevens-Johnson Syndrome,Neural Embeddings,0.06666666666666667,0.19999999999999998,0.007872879819807792
C0038325,Stevens-Johnson Syndrome,Matrix Completion,0.23333333333333334,0.29999999999999993,0.02993518154990127
C0038356,Stomach Neoplasms,Neighborhood,0.0,0.0,0.0003086026504918624
C0038356,Stomach Neoplasms,Random Walk,0.007142857142857143,0.05677339901477831,0.0027217889019332054
C0038356,Stomach Neoplasms,DIAMOnD,0.007142857142857143,0.04261083743842364,0.0021238057188914103
C0038356,Stomach Neoplasms,Neural Embeddings,0.010714285714285714,0.03214285714285714,0.0022432384704843085
C0038356,Stomach Neoplasms,Matrix Completion,0.8866995073891626,1.0,0.1395266371557971
C0038358,Gastric ulcer,Neighborhood,0.0,0.1,0.0025628060704783696
C0038358,Gastric ulcer,Random Walk,0.0,0.15,0.004023886992162494
C0038358,Gastric ulcer,DIAMOnD,0.0,0.0,8.637495984113943e-05
C0038358,Gastric ulcer,Neural Embeddings,0.0,0.05,0.001953958460880585
C0038358,Gastric ulcer,Matrix Completion,0.55,0.75,0.13423697922321998
C0038454,Cerebrovascular accident,Neighborhood,0.0,0.0,0.0008780731547736974
C0038454,Cerebrovascular accident,Random Walk,0.025,0.05,0.004243149736683517
C0038454,Cerebrovascular accident,DIAMOnD,0.025,0.05833333333333333,0.001855605860847076
C0038454,Cerebrovascular accident,Neural Embeddings,0.0,0.0,0.0009515112541398514
C0038454,Cerebrovascular accident,Matrix Completion,0.33333333333333337,0.4916666666666667,0.13652984545001287
C0038587,Substance Withdrawal Syndrome,Neighborhood,0.02,0.13999999999999999,0.006156723118596257
C0038587,Substance Withdrawal Syndrome,Random Walk,0.06000000000000001,0.2,0.017151285571041192
C0038587,Substance Withdrawal Syndrome,DIAMOnD,0.04,0.12000000000000002,0.004917707159700265
C0038587,Substance Withdrawal Syndrome,Neural Embeddings,0.02,0.04,0.0031442953505268377
C0038587,Substance Withdrawal Syndrome,Matrix Completion,0.25999999999999995,0.6466666666666667,0.14427180154731087
C0038644,Sudden infant death syndrome,Neighborhood,0.1,0.3,0.009363544601762775
C0038644,Sudden infant death syndrome,Random Walk,0.0,0.3,0.0060988761283343965
C0038644,Sudden infant death syndrome,DIAMOnD,0.2,0.4,0.025514685564203648
C0038644,Sudden infant death syndrome,Neural Embeddings,0.0,0.05,0.0012092390409160732
C0038644,Sudden infant death syndrome,Matrix Completion,0.2,0.3,0.024384527375113464
C0039231,Tachycardia,Neighborhood,0.0,0.1,0.0033239553799775416
C0039231,Tachycardia,Random Walk,0.05,0.05,0.0038425794269126533
C0039231,Tachycardia,DIAMOnD,0.05,0.05,0.0036341126170178796
C0039231,Tachycardia,Neural Embeddings,0.0,0.0,0.0003769967477086517
C0039231,Tachycardia,Matrix Completion,0.45,0.6,0.12234394910100252
C0039685,Tetralogy of Fallot,Neighborhood,0.0,0.35,0.00810809055387526
C0039685,Tetralogy of Fallot,Random Walk,0.05,0.05,0.008096744853415778
C0039685,Tetralogy of Fallot,DIAMOnD,0.05,0.15,0.00878455653561379
C0039685,Tetralogy of Fallot,Neural Embeddings,0.0,0.0,0.0004265106272867094
C0039685,Tetralogy of Fallot,Matrix Completion,0.1,0.15,0.007134803412259088
C0040028,"Thrombocythemia, Essential",Neighborhood,0.0,0.15,0.0028303985776994252
C0040028,"Thrombocythemia, Essential",Random Walk,0.15,0.3,0.02553586941849138
C0040028,"Thrombocythemia, Essential",DIAMOnD,0.0,0.15,0.003724251656197091
C0040028,"Thrombocythemia, Essential",Neural Embeddings,0.0,0.05,0.0013908484490346986
C0040028,"Thrombocythemia, Essential",Matrix Completion,0.2,0.35,0.03870504602279768
C0040034,Thrombocytopenia,Neighborhood,0.0,0.05,0.0022838609290641585
C0040034,Thrombocytopenia,Random Walk,0.0,0.13333333333333333,0.003798455338665603
C0040034,Thrombocytopenia,DIAMOnD,0.1,0.13333333333333333,0.008745912884685387
C0040034,Thrombocytopenia,Neural Embeddings,0.0,0.0,0.00048196665733887047
C0040034,Thrombocytopenia,Matrix Completion,0.21666666666666665,0.25,0.055798871030205824
C0040038,Thromboembolism,Neighborhood,0.15,0.65,0.020549676617227744
C0040038,Thromboembolism,Random Walk,0.3,0.65,0.08579068020836256
C0040038,Thromboembolism,DIAMOnD,0.55,0.6,0.04926549906952345
C0040038,Thromboembolism,Neural Embeddings,0.0,0.0,0.0007437243644189018
C0040038,Thromboembolism,Matrix Completion,0.1,0.4,0.010730046933668063
C0040053,Thrombosis,Neighborhood,0.075,0.4,0.012464652582475337
C0040053,Thrombosis,Random Walk,0.25,0.425,0.04701005971142759
C0040053,Thrombosis,DIAMOnD,0.225,0.375,0.0728530296573492
C0040053,Thrombosis,Neural Embeddings,0.0,0.025,0.0011041409889706905
C0040053,Thrombosis,Matrix Completion,0.175,0.35,0.07071980828490868
C0040128,Thyroid Diseases,Neighborhood,0.0,0.0,7.566524432556346e-05
C0040128,Thyroid Diseases,Random Walk,0.0,0.0,0.0005889569274753305
C0040128,Thyroid Diseases,DIAMOnD,0.0,0.0,9.851845669774132e-05
C0040128,Thyroid Diseases,Neural Embeddings,0.0,0.0,0.0006646474478882907
C0040128,Thyroid Diseases,Matrix Completion,0.1,0.2,0.027975463883961972
C0040136,Thyroid Neoplasm,Neighborhood,0.0,0.0,0.0008792507462357758
C0040136,Thyroid Neoplasm,Random Walk,0.03333333333333333,0.06666666666666667,0.003968939738726958
C0040136,Thyroid Neoplasm,DIAMOnD,0.0,0.0,0.0002433206378882722
C0040136,Thyroid Neoplasm,Neural Embeddings,0.0,0.0,0.001081000100392172
C0040136,Thyroid Neoplasm,Matrix Completion,0.36666666666666664,0.4749999999999999,0.16871019952074567
C0040336,Tobacco Use Disorder,Neighborhood,0.0,0.0,0.0001386380262834155
C0040336,Tobacco Use Disorder,Random Walk,0.0,0.15,0.002319955850934932
C0040336,Tobacco Use Disorder,DIAMOnD,0.1,0.1,0.0068009426578682875
C0040336,Tobacco Use Disorder,Neural Embeddings,0.0,0.0,0.00020515257360744933
C0040336,Tobacco Use Disorder,Matrix Completion,0.4,0.45,0.21600599963848194
C0040427,Tooth Abnormalities,Neighborhood,0.0,0.0,0.00016810580880088823
C0040427,Tooth Abnormalities,Random Walk,0.0,0.0,0.00043664036495845925
C0040427,Tooth Abnormalities,DIAMOnD,0.0,0.0,0.00016120165067291104
C0040427,Tooth Abnormalities,Neural Embeddings,0.0,0.0,0.0004973016967403036
C0040427,Tooth Abnormalities,Matrix Completion,0.4,0.7,0.23407948902050885
C0041755,Adverse reaction to drug,Neighborhood,0.0,0.02,0.0015543090589313709
C0041755,Adverse reaction to drug,Random Walk,0.0,0.056666666666666664,0.002525434742188133
C0041755,Adverse reaction to drug,DIAMOnD,0.0,0.04,0.0012562996549330954
C0041755,Adverse reaction to drug,Neural Embeddings,0.016666666666666666,0.016666666666666666,0.002166110902854298
C0041755,Adverse reaction to drug,Matrix Completion,0.17,0.38333333333333336,0.036970742939966134
C0041948,Uremia,Neighborhood,0.05,0.05,0.003947650364562717
C0041948,Uremia,Random Walk,0.1,0.1,0.05457078085452858
C0041948,Uremia,DIAMOnD,0.05,0.1,0.05067039948468457
C0041948,Uremia,Neural Embeddings,0.0,0.05,0.0013458103795456642
C0041948,Uremia,Matrix Completion,0.25,0.45,0.031183518916648213
C0042109,Urticaria,Neighborhood,0.0,0.0,6.860509452518676e-05
C0042109,Urticaria,Random Walk,0.0,0.0,0.0008783323631139194
C0042109,Urticaria,DIAMOnD,0.0,0.0,7.159153249667994e-05
C0042109,Urticaria,Neural Embeddings,0.0,0.0,0.0006576523073819627
C0042109,Urticaria,Matrix Completion,0.4,0.75,0.15401289523501832
C0042373,Vascular Diseases,Neighborhood,0.0,0.0,0.0011167548189528306
C0042373,Vascular Diseases,Random Walk,0.0,0.0,0.0013407003506762877
C0042373,Vascular Diseases,DIAMOnD,0.0,0.0,0.00010895717640322701
C0042373,Vascular Diseases,Neural Embeddings,0.0,0.0,0.0008346208855719058
C0042373,Vascular Diseases,Matrix Completion,0.35,0.6,0.15438372163674505
C0042487,Venous Thrombosis,Neighborhood,0.1,0.65,0.01747241384076276
C0042487,Venous Thrombosis,Random Walk,0.4,0.65,0.06792717131304134
C0042487,Venous Thrombosis,DIAMOnD,0.6,0.7,0.05939417667361628
C0042487,Venous Thrombosis,Neural Embeddings,0.0,0.0,0.0007362569704889088
C0042487,Venous Thrombosis,Matrix Completion,0.2,0.25,0.013283300624241934
C0042514,"Tachycardia, Ventricular",Neighborhood,0.0,0.0,7.179547027297119e-05
C0042514,"Tachycardia, Ventricular",Random Walk,0.0,0.0,0.0004482622250093139
C0042514,"Tachycardia, Ventricular",DIAMOnD,0.0,0.0,7.139023190966079e-05
C0042514,"Tachycardia, Ventricular",Neural Embeddings,0.0,0.0,0.00027882872106102573
C0042514,"Tachycardia, Ventricular",Matrix Completion,0.3,0.4,0.07017672302772632
C0042900,Vitiligo,Neighborhood,0.0,0.0,0.0002476181688978976
C0042900,Vitiligo,Random Walk,0.0,0.0,0.0003559655824587167
C0042900,Vitiligo,DIAMOnD,0.0,0.03333333333333333,0.0006032168786412447
C0042900,Vitiligo,Neural Embeddings,0.0,0.0,0.00038330918658446514
C0042900,Vitiligo,Matrix Completion,0.13333333333333333,0.26666666666666666,0.02634828337198471
C0043094,Weight Gain,Neighborhood,0.0,0.0,0.0003072137668544459
C0043094,Weight Gain,Random Walk,0.02361111111111111,0.04583333333333333,0.014475420411663048
C0043094,Weight Gain,DIAMOnD,0.0,0.0,0.00011740275098913672
C0043094,Weight Gain,Neural Embeddings,0.0125,0.02361111111111111,0.006976047823799884
C0043094,Weight Gain,Matrix Completion,0.06666666666666667,0.16944444444444445,0.03319036391393943
C0043459,Zellweger Syndrome,Neighborhood,0.55,0.9,0.10120829220701966
C0043459,Zellweger Syndrome,Random Walk,0.7,0.95,0.5911638050963389
C0043459,Zellweger Syndrome,DIAMOnD,0.85,0.85,0.5020105472178675
C0043459,Zellweger Syndrome,Neural Embeddings,0.0,0.0,0.0006369247008315624
C0043459,Zellweger Syndrome,Matrix Completion,0.0,0.0,0.0013094823026755698
C0079744,Diffuse Large B-Cell Lymphoma,Neighborhood,0.0,0.0,0.0009738747592163172
C0079744,Diffuse Large B-Cell Lymphoma,Random Walk,0.0,0.03333333333333333,0.0025413682910511324
C0079744,Diffuse Large B-Cell Lymphoma,DIAMOnD,0.0,0.05833333333333333,0.0015052741940231678
C0079744,Diffuse Large B-Cell Lymphoma,Neural Embeddings,0.0,0.05,0.0017066908494760794
C0079744,Diffuse Large B-Cell Lymphoma,Matrix Completion,0.14166666666666666,0.225,0.03951848885000387
C0079772,T-Cell Lymphoma,Neighborhood,0.0,0.0,0.0006567251142079544
C0079772,T-Cell Lymphoma,Random Walk,0.15,0.25,0.020433503663955865
C0079772,T-Cell Lymphoma,DIAMOnD,0.0,0.1,0.0012380764793312076
C0079772,T-Cell Lymphoma,Neural Embeddings,0.15,0.15,0.015785280069275008
C0079772,T-Cell Lymphoma,Matrix Completion,0.3,0.5,0.07898051445961356
C0079773,"Lymphoma, T-Cell, Cutaneous",Neighborhood,0.0,0.0,0.0008875611249131547
C0079773,"Lymphoma, T-Cell, Cutaneous",Random Walk,0.05,0.15,0.009307354788720868
C0079773,"Lymphoma, T-Cell, Cutaneous",DIAMOnD,0.0,0.1,0.001316080530168592
C0079773,"Lymphoma, T-Cell, Cutaneous",Neural Embeddings,0.0,0.1,0.002905500139002811
C0079773,"Lymphoma, T-Cell, Cutaneous",Matrix Completion,0.18333333333333332,0.3,0.08767266458659081
C0080178,Spina Bifida,Neighborhood,0.0,0.1,0.0032409512810746997
C0080178,Spina Bifida,Random Walk,0.1,0.2,0.01703181718828434
C0080178,Spina Bifida,DIAMOnD,0.1,0.1,0.008409061004478972
C0080178,Spina Bifida,Neural Embeddings,0.0,0.0,0.0006084508823927142
C0080178,Spina Bifida,Matrix Completion,0.15,0.25,0.03360410282330169
C0085110,Severe Combined Immunodeficiency,Neighborhood,0.1,0.4,0.012834030661414243
C0085110,Severe Combined Immunodeficiency,Random Walk,0.2,0.5,0.0261744281959194
C0085110,Severe Combined Immunodeficiency,DIAMOnD,0.2,0.2,0.019359528431337276
C0085110,Severe Combined Immunodeficiency,Neural Embeddings,0.0,0.0,0.00038916373214024723
C0085110,Severe Combined Immunodeficiency,Matrix Completion,0.1,0.1,0.034786496775514444
C0085129,Bronchial Hyperreactivity,Neighborhood,0.0,0.0,0.00026935951300162343
C0085129,Bronchial Hyperreactivity,Random Walk,0.0,0.0,0.0009999679946407478
C0085129,Bronchial Hyperreactivity,DIAMOnD,0.0,0.1,0.0015014233790655812
C0085129,Bronchial Hyperreactivity,Neural Embeddings,0.0,0.1,0.002061354031737997
C0085129,Bronchial Hyperreactivity,Matrix Completion,0.35,0.75,0.05044828464402347
C0085207,Gestational Diabetes,Neighborhood,0.0,0.1,0.0030803020991290895
C0085207,Gestational Diabetes,Random Walk,0.1,0.1,0.006678167622082969
C0085207,Gestational Diabetes,DIAMOnD,0.0,0.0,7.392901845602798e-05
C0085207,Gestational Diabetes,Neural Embeddings,0.0,0.0,0.0004555224237147232
C0085207,Gestational Diabetes,Matrix Completion,0.35,0.55,0.0880397675600659
C0085580,Essential Hypertension,Neighborhood,0.0,0.3,0.006770868840899019
C0085580,Essential Hypertension,Random Walk,0.0,0.2,0.006849922577772169
C0085580,Essential Hypertension,DIAMOnD,0.0,0.1,0.0010737051279364372
C0085580,Essential Hypertension,Neural Embeddings,0.0,0.0,0.00032712525910293035
C0085580,Essential Hypertension,Matrix Completion,0.25,0.5,0.2107853314595623
C0086445,Idiopathic Membranous Glomerulonephritis,Neighborhood,0.0,0.0,0.0003711093027713964
C0086445,Idiopathic Membranous Glomerulonephritis,Random Walk,0.0,0.0,0.00044501413144097825
C0086445,Idiopathic Membranous Glomerulonephritis,DIAMOnD,0.0,0.0,0.00022757162716176204
C0086445,Idiopathic Membranous Glomerulonephritis,Neural Embeddings,0.0,0.0,0.0003672766850378266
C0086445,Idiopathic Membranous Glomerulonephritis,Matrix Completion,0.0,0.1,0.0027057393465808295
C0086543,Cataract,Neighborhood,0.2,0.3,0.023188186558912593
C0086543,Cataract,Random Walk,0.25,0.3,0.1323142285406284
C0086543,Cataract,DIAMOnD,0.35,0.4,0.12307983272670879
C0086543,Cataract,Neural Embeddings,0.0,0.0,0.00042611802991047277
C0086543,Cataract,Matrix Completion,0.03333333333333333,0.11666666666666665,0.005697561514627077
C0087012,"Ataxia, Spinocerebellar",Neighborhood,0.0,0.0,0.0013068408485548328
C0087012,"Ataxia, Spinocerebellar",Random Walk,0.1,0.1,0.10064525752620745
C0087012,"Ataxia, Spinocerebellar",DIAMOnD,0.0,0.15,0.00326251899650032
C0087012,"Ataxia, Spinocerebellar",Neural Embeddings,0.0,0.0,0.0009225408734860498
C0087012,"Ataxia, Spinocerebellar",Matrix Completion,0.0,0.0,0.001398102087359371
C0149721,Left Ventricular Hypertrophy,Neighborhood,0.0,0.2,0.003999944178264392
C0149721,Left Ventricular Hypertrophy,Random Walk,0.18333333333333332,0.26666666666666666,0.06178157193539367
C0149721,Left Ventricular Hypertrophy,DIAMOnD,0.05,0.18333333333333332,0.007077884197979477
C0149721,Left Ventricular Hypertrophy,Neural Embeddings,0.03333333333333333,0.06666666666666667,0.0027747454633913725
C0149721,Left Ventricular Hypertrophy,Matrix Completion,0.25,0.55,0.14181081436180407
C0149925,Small cell carcinoma of lung,Neighborhood,0.0,0.0,0.0005665749888943143
C0149925,Small cell carcinoma of lung,Random Walk,0.05,0.15,0.005526367988767049
C0149925,Small cell carcinoma of lung,DIAMOnD,0.0,0.0,8.073978212690042e-05
C0149925,Small cell carcinoma of lung,Neural Embeddings,0.05,0.1,0.005663070249838169
C0149925,Small cell carcinoma of lung,Matrix Completion,0.175,0.225,0.06854817073791195
C0149931,Migraine Disorders,Neighborhood,0.11666666666666665,0.11666666666666665,0.007763362877731726
C0149931,Migraine Disorders,Random Walk,0.13333333333333333,0.13333333333333333,0.021536424368649353
C0149931,Migraine Disorders,DIAMOnD,0.08333333333333333,0.15,0.0532741437068752
C0149931,Migraine Disorders,Neural Embeddings,0.0,0.0,0.000360925284479094
C0149931,Migraine Disorders,Matrix Completion,0.06666666666666667,0.18333333333333332,0.04688850337051195
C0151744,Myocardial Ischemia,Neighborhood,0.0,0.0,0.00037269489606605547
C0151744,Myocardial Ischemia,Random Walk,0.0,0.011764705882352941,0.0013518856928231222
C0151744,Myocardial Ischemia,DIAMOnD,0.0,0.0,9.182163648901231e-05
C0151744,Myocardial Ischemia,Neural Embeddings,0.0,0.02389705882352941,0.0011239394112767282
C0151744,Myocardial Ischemia,Matrix Completion,1.0,1.0,0.2041204075984569
C0151786,Muscle Weakness,Neighborhood,0.0,0.0,0.0002127709806061889
C0151786,Muscle Weakness,Random Walk,0.01111111111111111,0.01111111111111111,0.005860069022359795
C0151786,Muscle Weakness,DIAMOnD,0.0,0.0,0.00010937639596683536
C0151786,Muscle Weakness,Neural Embeddings,0.0,0.01111111111111111,0.0004885481297393383
C0151786,Muscle Weakness,Matrix Completion,1.0,1.0,0.30848306582955703
C0152013,Adenocarcinoma of lung (disorder),Neighborhood,0.0,0.0,0.0004871049944046475
C0152013,Adenocarcinoma of lung (disorder),Random Walk,0.02,0.06000000000000001,0.003815079799747206
C0152013,Adenocarcinoma of lung (disorder),DIAMOnD,0.0,0.0,0.00010581277563318428
C0152013,Adenocarcinoma of lung (disorder),Neural Embeddings,0.02,0.02,0.003939766692733158
C0152013,Adenocarcinoma of lung (disorder),Matrix Completion,0.21500000000000002,0.36,0.057985014721081266
C0162557,"Liver Failure, Acute",Neighborhood,0.0,0.0,0.0008744463480495537
C0162557,"Liver Failure, Acute",Random Walk,0.0,0.08333333333333333,0.0023975533733115234
C0162557,"Liver Failure, Acute",DIAMOnD,0.0,0.0,6.888028220102597e-05
C0162557,"Liver Failure, Acute",Neural Embeddings,0.0,0.0,0.0010945573054265195
C0162557,"Liver Failure, Acute",Matrix Completion,0.25,0.3833333333333333,0.06043176812906714
C0162666,Mitochondrial Encephalomyopathies,Neighborhood,0.0,0.0,0.00217246040961769
C0162666,Mitochondrial Encephalomyopathies,Random Walk,0.0,0.2,0.00436231955395474
C0162666,Mitochondrial Encephalomyopathies,DIAMOnD,0.0,0.1,0.002950803352719472
C0162666,Mitochondrial Encephalomyopathies,Neural Embeddings,0.05,0.2,0.028637701702086703
C0162666,Mitochondrial Encephalomyopathies,Matrix Completion,0.0,0.1,0.004278384229357606
C0162671,MELAS Syndrome,Neighborhood,0.0,0.1,0.004430878648866256
C0162671,MELAS Syndrome,Random Walk,0.0,0.5,0.011939962809463373
C0162671,MELAS Syndrome,DIAMOnD,0.0,0.8,0.01087893979386836
C0162671,MELAS Syndrome,Neural Embeddings,0.1,0.8,0.02382847101665219
C0162671,MELAS Syndrome,Matrix Completion,0.4,0.4,0.08430132016567274
C0162809,Kallmann Syndrome,Neighborhood,0.2,0.2,0.03875371424260297
C0162809,Kallmann Syndrome,Random Walk,0.05,0.05,0.025671143628242576
C0162809,Kallmann Syndrome,DIAMOnD,0.1,0.2,0.028758609241237586
C0162809,Kallmann Syndrome,Neural Embeddings,0.0,0.0,0.00038529972335455494
C0162809,Kallmann Syndrome,Matrix Completion,0.05,0.15,0.007308644497762631
C0162820,"Dermatitis, Allergic Contact",Neighborhood,0.0,0.0,0.0004888719219684111
C0162820,"Dermatitis, Allergic Contact",Random Walk,0.0,0.0,0.0006014620468204867
C0162820,"Dermatitis, Allergic Contact",DIAMOnD,0.0,0.014285714285714285,0.00037613622309455043
C0162820,"Dermatitis, Allergic Contact",Neural Embeddings,0.014285714285714285,0.02857142857142857,0.0024398244801089298
C0162820,"Dermatitis, Allergic Contact",Matrix Completion,0.07619047619047618,0.26190476190476186,0.030641835343429773
C0162871,"Aortic Aneurysm, Abdominal",Neighborhood,0.0,0.0,0.0029168613745374273
C0162871,"Aortic Aneurysm, Abdominal",Random Walk,0.1,0.2,0.011435321604131164
C0162871,"Aortic Aneurysm, Abdominal",DIAMOnD,0.1,0.3,0.009770335201737323
C0162871,"Aortic Aneurysm, Abdominal",Neural Embeddings,0.0,0.0,0.0007282795097709213
C0162871,"Aortic Aneurysm, Abdominal",Matrix Completion,0.4,0.6,0.2321279088036428
C0175702,Williams Syndrome,Neighborhood,0.0,0.0,0.00016709881717482145
C0175702,Williams Syndrome,Random Walk,0.0,0.1,0.0014450607974208101
C0175702,Williams Syndrome,DIAMOnD,0.1,0.1,0.006109838986531856
C0175702,Williams Syndrome,Neural Embeddings,0.0,0.0,0.0004214910512298755
C0175702,Williams Syndrome,Matrix Completion,0.0,0.1,0.003213712336269295
C0206062,"Lung Diseases, Interstitial",Neighborhood,0.0,0.0,0.00019065441597049878
C0206062,"Lung Diseases, Interstitial",Random Walk,0.0,0.0,0.0002901634688206216
C0206062,"Lung Diseases, Interstitial",DIAMOnD,0.0,0.1,0.00221855053430711
C0206062,"Lung Diseases, Interstitial",Neural Embeddings,0.0,0.0,0.00030068993792220776
C0206062,"Lung Diseases, Interstitial",Matrix Completion,0.15,0.15,0.05605566414041685
C0206686,Adrenocortical carcinoma,Neighborhood,0.0,0.0,0.0006580152399791388
C0206686,Adrenocortical carcinoma,Random Walk,0.05,0.2,0.012228642921774165
C0206686,Adrenocortical carcinoma,DIAMOnD,0.0,0.0,0.00010906499760705875
C0206686,Adrenocortical carcinoma,Neural Embeddings,0.1,0.15,0.010993846434591014
C0206686,Adrenocortical carcinoma,Matrix Completion,0.35,0.5,0.11904804153633523
C0206698,Cholangiocarcinoma,Neighborhood,0.0,0.0,0.0004337105795032042
C0206698,Cholangiocarcinoma,Random Walk,0.1,0.16666666666666666,0.008215110530711701
C0206698,Cholangiocarcinoma,DIAMOnD,0.0,0.0,0.00010018477804115455
C0206698,Cholangiocarcinoma,Neural Embeddings,0.1,0.13333333333333333,0.013583746170678947
C0206698,Cholangiocarcinoma,Matrix Completion,0.26666666666666666,0.45,0.1049661217441614
C0206726,gliosarcoma,Neighborhood,0.0,0.0,0.00020059091861343906
C0206726,gliosarcoma,Random Walk,0.0,0.15,0.0033028952753964766
C0206726,gliosarcoma,DIAMOnD,0.0,0.05,0.0005803129648037918
C0206726,gliosarcoma,Neural Embeddings,0.1,0.1,0.012403258542303156
C0206726,gliosarcoma,Matrix Completion,0.15,0.5,0.07799734513936994
C0206754,Neuroendocrine Tumors,Neighborhood,0.0,0.0,0.00098052844541782
C0206754,Neuroendocrine Tumors,Random Walk,0.1,0.4,0.011594757592748084
C0206754,Neuroendocrine Tumors,DIAMOnD,0.3,0.3,0.01939867694324037
C0206754,Neuroendocrine Tumors,Neural Embeddings,0.0,0.0,0.0005607834653546687
C0206754,Neuroendocrine Tumors,Matrix Completion,0.2,0.3,0.0177112527521283
C0206762,"Limb Deformities, Congenital",Neighborhood,0.0,0.0,0.000604918098364168
C0206762,"Limb Deformities, Congenital",Random Walk,0.0,0.0,0.0010976498990145959
C0206762,"Limb Deformities, Congenital",DIAMOnD,0.0,0.0,6.71951180980612e-05
C0206762,"Limb Deformities, Congenital",Neural Embeddings,0.0,0.0,0.0003758483053269671
C0206762,"Limb Deformities, Congenital",Matrix Completion,0.3,0.45,0.13085235155166547
C0235032,Neurotoxicity Syndromes,Neighborhood,0.0,0.0,0.0010712144392398858
C0235032,Neurotoxicity Syndromes,Random Walk,0.0,0.03333333333333333,0.001785175419622734
C0235032,Neurotoxicity Syndromes,DIAMOnD,0.0,0.0,0.00013509649230691005
C0235032,Neurotoxicity Syndromes,Neural Embeddings,0.0,0.03333333333333333,0.0010550139711611515
C0235032,Neurotoxicity Syndromes,Matrix Completion,0.03333333333333333,0.3,0.010927821568113246
C0235833,Congenital diaphragmatic hernia,Neighborhood,0.0,0.1,0.002889883464984519
C0235833,Congenital diaphragmatic hernia,Random Walk,0.0,0.05,0.003889870177837682
C0235833,Congenital diaphragmatic hernia,DIAMOnD,0.0,0.0,9.544108414965003e-05
C0235833,Congenital diaphragmatic hernia,Neural Embeddings,0.0,0.0,0.0005501131994700825
C0235833,Congenital diaphragmatic hernia,Matrix Completion,0.1,0.25,0.008614436048042833
C0236733,Amphetamine-Related Disorders,Neighborhood,0.0,0.0,0.0003750014119390102
C0236733,Amphetamine-Related Disorders,Random Walk,0.0,0.039285714285714285,0.0014393781851022667
C0236733,Amphetamine-Related Disorders,DIAMOnD,0.0125,0.0125,0.012660964375329644
C0236733,Amphetamine-Related Disorders,Neural Embeddings,0.014285714285714285,0.06964285714285715,0.003317820413248535
C0236733,Amphetamine-Related Disorders,Matrix Completion,0.2375,0.2928571428571428,0.057840157532254376
C0236736,Cocaine-Related Disorders,Neighborhood,0.0,0.0,0.0008059678267041898
C0236736,Cocaine-Related Disorders,Random Walk,0.034722222222222224,0.11805555555555555,0.005354004634497447
C0236736,Cocaine-Related Disorders,DIAMOnD,0.0,0.0,0.00010806330599514205
C0236736,Cocaine-Related Disorders,Neural Embeddings,0.04583333333333333,0.09166666666666666,0.00948722501529046
C0236736,Cocaine-Related Disorders,Matrix Completion,0.4611111111111111,0.7458333333333333,0.16232546112018217
C0236969,Substance-Related Disorders,Neighborhood,0.0,0.0,0.0005063983654740445
C0236969,Substance-Related Disorders,Random Walk,0.0,0.0,0.00043698025448576103
C0236969,Substance-Related Disorders,DIAMOnD,0.0,0.0,0.0003544076284079821
C0236969,Substance-Related Disorders,Neural Embeddings,0.0,0.00909090909090909,0.0005528399584749998
C0236969,Substance-Related Disorders,Matrix Completion,0.046363636363636364,0.09363636363636364,0.02483482355445643
C0238288,"Muscular Dystrophy, Facioscapulohumeral",Neighborhood,0.0,0.2,0.005048964879023515
C0238288,"Muscular Dystrophy, Facioscapulohumeral",Random Walk,0.1,0.4,0.039877568743605346
C0238288,"Muscular Dystrophy, Facioscapulohumeral",DIAMOnD,0.0,0.25,0.0036183767238639657
C0238288,"Muscular Dystrophy, Facioscapulohumeral",Neural Embeddings,0.0,0.0,0.0011046345528153993
C0238288,"Muscular Dystrophy, Facioscapulohumeral",Matrix Completion,0.0,0.25,0.007151074879793477
C0238463,Papillary thyroid carcinoma,Neighborhood,0.0,0.0,0.0006692039261396106
C0238463,Papillary thyroid carcinoma,Random Walk,0.03333333333333333,0.06666666666666667,0.035572598813847174
C0238463,Papillary thyroid carcinoma,DIAMOnD,0.0,0.03333333333333333,0.0005157940118256201
C0238463,Papillary thyroid carcinoma,Neural Embeddings,0.03333333333333333,0.03333333333333333,0.007745951166750778
C0238463,Papillary thyroid carcinoma,Matrix Completion,0.15,0.21666666666666665,0.04531034664487753
C0241910,"Hepatitis, Autoimmune",Neighborhood,0.0,0.05,0.0018231520057032553
C0241910,"Hepatitis, Autoimmune",Random Walk,0.0,0.05,0.0030683231092937303
C0241910,"Hepatitis, Autoimmune",DIAMOnD,0.0,0.15,0.003628328652563478
C0241910,"Hepatitis, Autoimmune",Neural Embeddings,0.05,0.2,0.008410998328164578
C0241910,"Hepatitis, Autoimmune",Matrix Completion,0.45,0.75,0.13291351062562468
C0242339,Dyslipidemias,Neighborhood,0.0,0.1,0.004202890320875436
C0242339,Dyslipidemias,Random Walk,0.05,0.1,0.006049095930669597
C0242339,Dyslipidemias,DIAMOnD,0.0,0.0,0.00014328445220346828
C0242339,Dyslipidemias,Neural Embeddings,0.0,0.0,0.0002651002405928447
C0242339,Dyslipidemias,Matrix Completion,0.25,0.55,0.05287499091835859
C0242350,Erectile dysfunction,Neighborhood,0.0,0.1,0.0033337501079649537
C0242350,Erectile dysfunction,Random Walk,0.0,0.2,0.007035800757791919
C0242350,Erectile dysfunction,DIAMOnD,0.0,0.2,0.00405498501283016
C0242350,Erectile dysfunction,Neural Embeddings,0.0,0.0,0.0005359207711434821
C0242350,Erectile dysfunction,Matrix Completion,0.4,0.7,0.22877363972714196
C0242379,Malignant neoplasm of lung,Neighborhood,0.0,0.0,0.0011291421182266627
C0242379,Malignant neoplasm of lung,Random Walk,0.0,0.0,0.0013199191590506666
C0242379,Malignant neoplasm of lung,DIAMOnD,0.0,0.0,0.00017612913250049944
C0242379,Malignant neoplasm of lung,Neural Embeddings,0.0,0.0,0.0006001498883617965
C0242379,Malignant neoplasm of lung,Matrix Completion,0.2,0.35,0.01742355547232164
C0242383,Age related macular degeneration,Neighborhood,0.0,0.03333333333333333,0.0016373248817031477
C0242383,Age related macular degeneration,Random Walk,0.05,0.08333333333333333,0.01235025869183053
C0242383,Age related macular degeneration,DIAMOnD,0.0,0.05833333333333333,0.0010926799960843526
C0242383,Age related macular degeneration,Neural Embeddings,0.0,0.0,0.00045679739164602144
C0242383,Age related macular degeneration,Matrix Completion,0.05833333333333333,0.09166666666666665,0.008594874177676555
C0242422,Parkinsonian Disorders,Neighborhood,0.0,0.0,0.0005731933056225848
C0242422,Parkinsonian Disorders,Random Walk,0.0,0.05,0.003283883321137096
C0242422,Parkinsonian Disorders,DIAMOnD,0.0,0.0,8.366103141472313e-05
C0242422,Parkinsonian Disorders,Neural Embeddings,0.05,0.05,0.0042167111768822655
C0242422,Parkinsonian Disorders,Matrix Completion,0.3,0.5666666666666667,0.08041611623256392
C0242488,Acute Lung Injury,Neighborhood,0.0,0.0,0.0002298918587086952
C0242488,Acute Lung Injury,Random Walk,0.0,0.0,0.0015261982389613068
C0242488,Acute Lung Injury,DIAMOnD,0.0,0.0,7.478083380044916e-05
C0242488,Acute Lung Injury,Neural Embeddings,0.0,0.0,0.0008177771824109939
C0242488,Acute Lung Injury,Matrix Completion,0.3,0.4,0.04972649712679205
C0242656,Disease Progression,Neighborhood,0.0,0.0,0.00034139578572282234
C0242656,Disease Progression,Random Walk,0.008333333333333333,0.03205128205128205,0.0022365520632177662
C0242656,Disease Progression,DIAMOnD,0.0,0.008333333333333333,0.00028578097582171956
C0242656,Disease Progression,Neural Embeddings,0.016666666666666666,0.04871794871794871,0.00227332378401903
C0242656,Disease Progression,Matrix Completion,0.6448717948717949,0.6448717948717949,0.219533399849197
C0242698,"Ventricular Dysfunction, Left",Neighborhood,0.0,0.0,0.0006415889762662718
C0242698,"Ventricular Dysfunction, Left",Random Walk,0.0,0.0,0.0011767680629760986
C0242698,"Ventricular Dysfunction, Left",DIAMOnD,0.0,0.0,8.636883003159905e-05
C0242698,"Ventricular Dysfunction, Left",Neural Embeddings,0.0,0.0,0.0008636340845825765
C0242698,"Ventricular Dysfunction, Left",Matrix Completion,0.3,0.6,0.0726410806417976
C0243026,Sepsis,Neighborhood,0.0,0.0,0.0011492706604116487
C0243026,Sepsis,Random Walk,0.05,0.05,0.008121277993794833
C0243026,Sepsis,DIAMOnD,0.0,0.0,7.579485629527653e-05
C0243026,Sepsis,Neural Embeddings,0.0,0.1,0.002131779262440935
C0243026,Sepsis,Matrix Completion,0.31666666666666665,0.65,0.11510737764194026
C0263454,Chloracne,Neighborhood,0.0,0.0,0.0010204463251574935
C0263454,Chloracne,Random Walk,0.03333333333333333,0.12499999999999997,0.005143496148528161
C0263454,Chloracne,DIAMOnD,0.0,0.0,0.0002080549356234755
C0263454,Chloracne,Neural Embeddings,0.03333333333333333,0.03333333333333333,0.0046442861106879675
C0263454,Chloracne,Matrix Completion,0.05833333333333333,0.09166666666666665,0.02074656291833864
C0265215,Meckel-Gruber syndrome,Neighborhood,0.0,0.05,0.004213060066443472
C0265215,Meckel-Gruber syndrome,Random Walk,0.5,0.6,0.1573593190888079
C0265215,Meckel-Gruber syndrome,DIAMOnD,0.1,0.35,0.018066008207877043
C0265215,Meckel-Gruber syndrome,Neural Embeddings,0.0,0.15,0.002605650008025858
C0265215,Meckel-Gruber syndrome,Matrix Completion,0.0,0.0,0.0002956979098131413
C0265221,Walker-Warburg congenital muscular dystrophy,Neighborhood,0.15,0.6,0.043251113030486975
C0265221,Walker-Warburg congenital muscular dystrophy,Random Walk,0.25,0.6,0.077707198811326
C0265221,Walker-Warburg congenital muscular dystrophy,DIAMOnD,0.45,0.65,0.0505049173784049
C0265221,Walker-Warburg congenital muscular dystrophy,Neural Embeddings,0.0,0.1,0.0027175543542485438
C0265221,Walker-Warburg congenital muscular dystrophy,Matrix Completion,0.0,0.0,0.0009934786318902514
C0265965,Dyskeratosis Congenita,Neighborhood,0.15,0.5,0.06126318670146225
C0265965,Dyskeratosis Congenita,Random Walk,0.4,0.5,0.28959858083855305
C0265965,Dyskeratosis Congenita,DIAMOnD,0.4,0.45,0.15075294615585086
C0265965,Dyskeratosis Congenita,Neural Embeddings,0.0,0.0,0.0006744282092467253
C0265965,Dyskeratosis Congenita,Matrix Completion,0.1,0.1,0.025643201411716082
C0268237,Cytochrome-c Oxidase Deficiency,Neighborhood,0.4,0.4,0.1401775267808956
C0268237,Cytochrome-c Oxidase Deficiency,Random Walk,0.15,0.2,0.022011119274531747
C0268237,Cytochrome-c Oxidase Deficiency,DIAMOnD,0.2,0.3,0.06893951136673167
C0268237,Cytochrome-c Oxidase Deficiency,Neural Embeddings,0.0,0.3,0.004524972124140094
C0268237,Cytochrome-c Oxidase Deficiency,Matrix Completion,0.1,0.1,0.006862541380061605
C0268362,Osteogenesis imperfecta type III (disorder),Neighborhood,0.0,0.0,0.0033931820161412925
C0268362,Osteogenesis imperfecta type III (disorder),Random Walk,0.2,0.2,0.02700366174748965
C0268362,Osteogenesis imperfecta type III (disorder),DIAMOnD,0.0,0.0,0.0001617495313279682
C0268362,Osteogenesis imperfecta type III (disorder),Neural Embeddings,0.1,0.1,0.005852951017383405
C0268362,Osteogenesis imperfecta type III (disorder),Matrix Completion,0.1,0.1,0.011179382497444402
C0268363,Osteogenesis imperfecta type IV (disorder),Neighborhood,0.1,0.3,0.009199059049466073
C0268363,Osteogenesis imperfecta type IV (disorder),Random Walk,0.0,0.3,0.007922325190691826
C0268363,Osteogenesis imperfecta type IV (disorder),DIAMOnD,0.0,0.3,0.00553783527412357
C0268363,Osteogenesis imperfecta type IV (disorder),Neural Embeddings,0.0,0.0,0.00033294149659471046
C0268363,Osteogenesis imperfecta type IV (disorder),Matrix Completion,0.2,0.2,0.01129281240520312
C0268583,Methylmalonic acidemia,Neighborhood,0.0,0.1,0.0027653378163222187
C0268583,Methylmalonic acidemia,Random Walk,0.0,0.2,0.005371700918754123
C0268583,Methylmalonic acidemia,DIAMOnD,0.0,0.3,0.003384333185106594
C0268583,Methylmalonic acidemia,Neural Embeddings,0.0,0.0,0.0007038363795103819
C0268583,Methylmalonic acidemia,Matrix Completion,0.1,0.2,0.10315277956532523
C0271650,Impaired glucose tolerance,Neighborhood,0.0,0.0,0.0014902248661467078
C0271650,Impaired glucose tolerance,Random Walk,0.0,0.1,0.003654865184002127
C0271650,Impaired glucose tolerance,DIAMOnD,0.0,0.0,0.00016124327141888296
C0271650,Impaired glucose tolerance,Neural Embeddings,0.0,0.0,0.0008826013672796146
C0271650,Impaired glucose tolerance,Matrix Completion,0.3,0.3,0.12889036802095766
C0273115,Lung Injury,Neighborhood,0.0,0.0,0.000809446031444072
C0273115,Lung Injury,Random Walk,0.1,0.2,0.0118862584692897
C0273115,Lung Injury,DIAMOnD,0.0,0.0,0.0003018268622226865
C0273115,Lung Injury,Neural Embeddings,0.1,0.3,0.00850502880433727
C0273115,Lung Injury,Matrix Completion,0.3,0.6,0.1474460935882288
C0279626,Squamous cell carcinoma of esophagus,Neighborhood,0.0,0.0,0.00048436909087578174
C0279626,Squamous cell carcinoma of esophagus,Random Walk,0.0125,0.07222222222222222,0.003547437602266143
C0279626,Squamous cell carcinoma of esophagus,DIAMOnD,0.0,0.061111111111111116,0.0008011158308848775
C0279626,Squamous cell carcinoma of esophagus,Neural Embeddings,0.04722222222222222,0.05972222222222222,0.004861569572831788
C0279626,Squamous cell carcinoma of esophagus,Matrix Completion,0.15694444444444444,0.21805555555555553,0.06923249384145538
C0279628,Adenocarcinoma Of Esophagus,Neighborhood,0.0,0.0,0.0012462061701413625
C0279628,Adenocarcinoma Of Esophagus,Random Walk,0.0,0.25,0.0057684285637033764
C0279628,Adenocarcinoma Of Esophagus,DIAMOnD,0.0,0.0,7.902308067777286e-05
C0279628,Adenocarcinoma Of Esophagus,Neural Embeddings,0.05,0.05,0.003631539948211291
C0279628,Adenocarcinoma Of Esophagus,Matrix Completion,0.35,0.35,0.11579286745976343
C0282525,"Adrenoleukodystrophy, Neonatal",Neighborhood,0.65,1.0,0.07680450079385846
C0282525,"Adrenoleukodystrophy, Neonatal",Random Walk,0.7,0.9,0.5890977867702877
C0282525,"Adrenoleukodystrophy, Neonatal",DIAMOnD,0.9,0.9,0.45105094667501167
C0282525,"Adrenoleukodystrophy, Neonatal",Neural Embeddings,0.0,0.0,0.0004734876543541811
C0282525,"Adrenoleukodystrophy, Neonatal",Matrix Completion,0.0,0.0,0.001505927214999472
C0282527,Infantile Refsum Disease (disorder),Neighborhood,0.65,1.0,0.07680450079385846
C0282527,Infantile Refsum Disease (disorder),Random Walk,0.7,0.9,0.5890977867702877
C0282527,Infantile Refsum Disease (disorder),DIAMOnD,0.9,0.9,0.45105094667501167
C0282527,Infantile Refsum Disease (disorder),Neural Embeddings,0.0,0.0,0.0004734876543541811
C0282527,Infantile Refsum Disease (disorder),Matrix Completion,0.0,0.0,0.001505927214999472
C0282612,Prostatic Intraepithelial Neoplasias,Neighborhood,0.0,0.0,0.0008322242498368787
C0282612,Prostatic Intraepithelial Neoplasias,Random Walk,0.1,0.1,0.009472992675050088
C0282612,Prostatic Intraepithelial Neoplasias,DIAMOnD,0.0,0.0,7.445115785582403e-05
C0282612,Prostatic Intraepithelial Neoplasias,Neural Embeddings,0.1,0.1,0.00865131143028075
C0282612,Prostatic Intraepithelial Neoplasias,Matrix Completion,0.45,0.8,0.05661216636369347
C0311375,Arsenic Poisoning,Neighborhood,0.0,0.016666666666666666,0.00046249500904947774
C0311375,Arsenic Poisoning,Random Walk,0.016666666666666666,0.016666666666666666,0.0020002754715226913
C0311375,Arsenic Poisoning,DIAMOnD,0.0,0.05333333333333333,0.001269014186697957
C0311375,Arsenic Poisoning,Neural Embeddings,0.0,0.016666666666666666,0.0006172127476165587
C0311375,Arsenic Poisoning,Matrix Completion,0.22000000000000003,0.22000000000000003,0.12396218596332198
C0333641,Atrophic,Neighborhood,0.0,0.0,0.0004325547822162085
C0333641,Atrophic,Random Walk,0.0,0.0,0.0010793851620950724
C0333641,Atrophic,DIAMOnD,0.0,0.0,0.00013190914552532528
C0333641,Atrophic,Neural Embeddings,0.0,0.0,0.00167664125230326
C0333641,Atrophic,Matrix Completion,0.4,0.5,0.07001817177556895
C0334588,Giant Cell Glioblastoma,Neighborhood,0.0,0.0,0.0002510216230054611
C0334588,Giant Cell Glioblastoma,Random Walk,0.0,0.25,0.006926061148816687
C0334588,Giant Cell Glioblastoma,DIAMOnD,0.0,0.1,0.001176419882390256
C0334588,Giant Cell Glioblastoma,Neural Embeddings,0.15,0.15,0.017302807249435233
C0334588,Giant Cell Glioblastoma,Matrix Completion,0.25,0.5,0.1280887240096094
C0334634,"Malignant lymphoma, lymphocytic, intermediate differentiation, diffuse",Neighborhood,0.0,0.0,0.0012018623602149286
C0334634,"Malignant lymphoma, lymphocytic, intermediate differentiation, diffuse",Random Walk,0.05,0.15,0.007823482799424106
C0334634,"Malignant lymphoma, lymphocytic, intermediate differentiation, diffuse",DIAMOnD,0.0,0.05,0.0010685932879876965
C0334634,"Malignant lymphoma, lymphocytic, intermediate differentiation, diffuse",Neural Embeddings,0.0,0.15,0.003079061897648686
C0334634,"Malignant lymphoma, lymphocytic, intermediate differentiation, diffuse",Matrix Completion,0.25,0.25,0.068973641811137
C0338480,Common Migraine,Neighborhood,0.0,0.0,0.00023786638040468143
C0338480,Common Migraine,Random Walk,0.0,0.0,0.00019597432143030635
C0338480,Common Migraine,DIAMOnD,0.0,0.0,0.00021460865790736642
C0338480,Common Migraine,Neural Embeddings,0.0,0.0,9.489108215199575e-05
C0338480,Common Migraine,Matrix Completion,0.0,0.15,0.006295146876880585
C0339527,Leber Congenital Amaurosis,Neighborhood,0.0,0.0,0.0003088243250557236
C0339527,Leber Congenital Amaurosis,Random Walk,0.0,0.0,0.0005716197348325529
C0339527,Leber Congenital Amaurosis,DIAMOnD,0.0,0.0,0.00045861735286748624
C0339527,Leber Congenital Amaurosis,Neural Embeddings,0.0,0.05,0.0014211143385393292
C0339527,Leber Congenital Amaurosis,Matrix Completion,0.0,0.0,0.0004154409272241593
C0339535,"Night blindness, congenital stationary",Neighborhood,0.4,0.4,0.1122368921429135
C0339535,"Night blindness, congenital stationary",Random Walk,0.25,0.4,0.11884876550937373
C0339535,"Night blindness, congenital stationary",DIAMOnD,0.35,0.35,0.12089507264783257
C0339535,"Night blindness, congenital stationary",Neural Embeddings,0.0,0.15,0.004210928937627418
C0339535,"Night blindness, congenital stationary",Matrix Completion,0.0,0.0,0.00034029344871835043
C0341106,Eosinophilic esophagitis,Neighborhood,0.0,0.0,0.00013112483864194014
C0341106,Eosinophilic esophagitis,Random Walk,0.0,0.0,0.00022943863240047326
C0341106,Eosinophilic esophagitis,DIAMOnD,0.0,0.0,0.00013703548807030794
C0341106,Eosinophilic esophagitis,Neural Embeddings,0.0,0.0,0.00016292361221041207
C0341106,Eosinophilic esophagitis,Matrix Completion,0.05,0.1,0.004022001421341126
C0344388,Platelet mean volume finding,Neighborhood,0.0,0.0,0.0003002115027881242
C0344388,Platelet mean volume finding,Random Walk,0.0,0.0,0.0002995765866957917
C0344388,Platelet mean volume finding,DIAMOnD,0.0,0.0,0.0003236953289506053
C0344388,Platelet mean volume finding,Neural Embeddings,0.0,0.0,0.000331805686148376
C0344388,Platelet mean volume finding,Matrix Completion,0.03333333333333333,0.1,0.0034641839549122643
C0346153,"Breast Cancer, Familial",Neighborhood,0.0,0.0,0.002198415704003986
C0346153,"Breast Cancer, Familial",Random Walk,0.5,0.75,0.17732000266409595
C0346153,"Breast Cancer, Familial",DIAMOnD,0.0,0.45,0.009501939988304012
C0346153,"Breast Cancer, Familial",Neural Embeddings,0.0,0.15,0.004352047381286892
C0346153,"Breast Cancer, Familial",Matrix Completion,0.35,0.5,0.07305921435629796
C0346647,Malignant neoplasm of pancreas,Neighborhood,0.0,0.0,0.0002929838219983363
C0346647,Malignant neoplasm of pancreas,Random Walk,0.0,0.0,0.00024237834064503046
C0346647,Malignant neoplasm of pancreas,DIAMOnD,0.0,0.0,0.00034474584312025333
C0346647,Malignant neoplasm of pancreas,Neural Embeddings,0.0,0.0,0.00034579814964459156
C0346647,Malignant neoplasm of pancreas,Matrix Completion,0.2,0.2,0.02517720863448537
C0349639,Juvenile Myelomonocytic Leukemia,Neighborhood,0.0,0.0,0.0006532684472951877
C0349639,Juvenile Myelomonocytic Leukemia,Random Walk,0.0,0.05,0.0019361593000692488
C0349639,Juvenile Myelomonocytic Leukemia,DIAMOnD,0.0,0.0,7.295206568944912e-05
C0349639,Juvenile Myelomonocytic Leukemia,Neural Embeddings,0.0,0.0,0.0009740179102573221
C0349639,Juvenile Myelomonocytic Leukemia,Matrix Completion,0.3,0.3,0.1051441877466214
C0349788,Arrhythmogenic Right Ventricular Dysplasia,Neighborhood,0.0,0.1,0.0023918810678771633
C0349788,Arrhythmogenic Right Ventricular Dysplasia,Random Walk,0.2,0.3,0.016792862072650926
C0349788,Arrhythmogenic Right Ventricular Dysplasia,DIAMOnD,0.0,0.2,0.0037946266931286046
C0349788,Arrhythmogenic Right Ventricular Dysplasia,Neural Embeddings,0.0,0.1,0.0020163496624474777
C0349788,Arrhythmogenic Right Ventricular Dysplasia,Matrix Completion,0.1,0.1,0.03447932896530274
C0376358,Malignant neoplasm of prostate,Neighborhood,0.0,0.0,0.0003748911588794019
C0376358,Malignant neoplasm of prostate,Random Walk,0.014285714285714285,0.014285714285714285,0.0011800908086699125
C0376358,Malignant neoplasm of prostate,DIAMOnD,0.0,0.0,0.0001982998211672892
C0376358,Malignant neoplasm of prostate,Neural Embeddings,0.0,0.02857142857142857,0.0011776369411014486
C0376358,Malignant neoplasm of prostate,Matrix Completion,0.05714285714285714,0.15714285714285714,0.030633937493628367
C0376634,Craniofacial Abnormalities,Neighborhood,0.0,0.013333333333333332,0.000865726267266678
C0376634,Craniofacial Abnormalities,Random Walk,0.035238095238095235,0.07047619047619047,0.0054971023111657896
C0376634,Craniofacial Abnormalities,DIAMOnD,0.0,0.02761904761904762,0.0005669098870003284
C0376634,Craniofacial Abnormalities,Neural Embeddings,0.014285714285714285,0.04952380952380951,0.0026854041424665053
C0376634,Craniofacial Abnormalities,Matrix Completion,1.0,1.0,0.22673485905628765
C0392557,Nuclear cataract,Neighborhood,0.45,0.45,0.05781689503349137
C0392557,Nuclear cataract,Random Walk,0.35,0.55,0.05435924803859128
C0392557,Nuclear cataract,DIAMOnD,0.55,0.65,0.11160167287516128
C0392557,Nuclear cataract,Neural Embeddings,0.0,0.0,0.0003898134606847265
C0392557,Nuclear cataract,Matrix Completion,0.0,0.0,0.0016421803327230072
C0393706,Early infantile epileptic encephalopathy with suppression bursts,Neighborhood,0.0,0.1,0.003964738658651622
C0393706,Early infantile epileptic encephalopathy with suppression bursts,Random Walk,0.05,0.05,0.004733712711258608
C0393706,Early infantile epileptic encephalopathy with suppression bursts,DIAMOnD,0.0,0.1,0.0026216690788901024
C0393706,Early infantile epileptic encephalopathy with suppression bursts,Neural Embeddings,0.0,0.05,0.0011585711077812598
C0393706,Early infantile epileptic encephalopathy with suppression bursts,Matrix Completion,0.0,0.15,0.003953407250692956
C0400966,Non-alcoholic Fatty Liver Disease,Neighborhood,0.0,0.0,0.0003203536216583135
C0400966,Non-alcoholic Fatty Liver Disease,Random Walk,0.0,0.0,0.0005257628871706964
C0400966,Non-alcoholic Fatty Liver Disease,DIAMOnD,0.0,0.0,0.00023435248620378495
C0400966,Non-alcoholic Fatty Liver Disease,Neural Embeddings,0.0,0.0,0.0004282951826433485
C0400966,Non-alcoholic Fatty Liver Disease,Matrix Completion,0.175,0.4,0.02311316467580869
C0403553,Renal dysplasia and retinal aplasia (disorder),Neighborhood,0.2,0.5,0.023459394871020833
C0403553,Renal dysplasia and retinal aplasia (disorder),Random Walk,0.3,0.5,0.07547489985530383
C0403553,Renal dysplasia and retinal aplasia (disorder),DIAMOnD,0.5,0.5,0.0519335254380953
C0403553,Renal dysplasia and retinal aplasia (disorder),Neural Embeddings,0.0,0.0,0.0004645277788815843
C0403553,Renal dysplasia and retinal aplasia (disorder),Matrix Completion,0.1,0.1,0.01174236662075877
C0424295,Hyperactive behavior,Neighborhood,0.0,0.03333333333333333,0.0020861895091156186
C0424295,Hyperactive behavior,Random Walk,0.0,0.03333333333333333,0.00271263595687084
C0424295,Hyperactive behavior,DIAMOnD,0.1,0.1,0.006436804820023194
C0424295,Hyperactive behavior,Neural Embeddings,0.06666666666666667,0.06666666666666667,0.007056409933937016
C0424295,Hyperactive behavior,Matrix Completion,0.33333333333333337,0.6333333333333333,0.0846655122204267
C0428977,Bradycardia,Neighborhood,0.0,0.13333333333333333,0.004156038450959623
C0428977,Bradycardia,Random Walk,0.08333333333333333,0.21666666666666665,0.010908658914724582
C0428977,Bradycardia,DIAMOnD,0.03333333333333333,0.3,0.008740605796248569
C0428977,Bradycardia,Neural Embeddings,0.0,0.0,0.0008060791775707406
C0428977,Bradycardia,Matrix Completion,0.4,0.65,0.1382904426854316
C0431362,Lobar Holoprosencephaly,Neighborhood,0.15,0.3,0.013272668334748544
C0431362,Lobar Holoprosencephaly,Random Walk,0.2,0.4,0.019107007200564373
C0431362,Lobar Holoprosencephaly,DIAMOnD,0.1,0.15,0.05168761792653427
C0431362,Lobar Holoprosencephaly,Neural Embeddings,0.0,0.0,0.00021372365485643083
C0431362,Lobar Holoprosencephaly,Matrix Completion,0.2,0.2,0.01026642297212853
C0431363,Alobar Holoprosencephaly,Neighborhood,0.15,0.3,0.013272668334748544
C0431363,Alobar Holoprosencephaly,Random Walk,0.2,0.4,0.019107007200564373
C0431363,Alobar Holoprosencephaly,DIAMOnD,0.1,0.15,0.05168761792653427
C0431363,Alobar Holoprosencephaly,Neural Embeddings,0.0,0.0,0.00021372365485643083
C0431363,Alobar Holoprosencephaly,Matrix Completion,0.2,0.2,0.01026642297212853
C0455806,Infant length,Neighborhood,0.0,0.0,0.00010245108831372963
C0455806,Infant length,Random Walk,0.0,0.0,0.00038777159579490866
C0455806,Infant length,DIAMOnD,0.0,0.0,0.00010171594621570018
C0455806,Infant length,Neural Embeddings,0.0,0.0,0.00016750437144243848
C0455806,Infant length,Matrix Completion,0.0,0.1,0.0037077239258252667
C0455988,"Hydrops Fetalis, Non-Immune",Neighborhood,0.1,0.25,0.008403465411492794
C0455988,"Hydrops Fetalis, Non-Immune",Random Walk,0.15,0.25,0.010921095907486725
C0455988,"Hydrops Fetalis, Non-Immune",DIAMOnD,0.25,0.25,0.0169548952005448
C0455988,"Hydrops Fetalis, Non-Immune",Neural Embeddings,0.0,0.0,0.0002686751646321141
C0455988,"Hydrops Fetalis, Non-Immune",Matrix Completion,0.1,0.1,0.017311802061533706
C0497327,Dementia,Neighborhood,0.0,0.0,0.00037448933813162436
C0497327,Dementia,Random Walk,0.1,0.1,0.004317353337278578
C0497327,Dementia,DIAMOnD,0.0,0.0,0.00014152917510232315
C0497327,Dementia,Neural Embeddings,0.0,0.1,0.0030377578938507953
C0497327,Dementia,Matrix Completion,0.2,0.4,0.021907832583712934
C0520459,Necrotizing Enterocolitis,Neighborhood,0.0,0.0,0.0014250496797074005
C0520459,Necrotizing Enterocolitis,Random Walk,0.0,0.1,0.003089255333605309
C0520459,Necrotizing Enterocolitis,DIAMOnD,0.0,0.0,7.037470379294246e-05
C0520459,Necrotizing Enterocolitis,Neural Embeddings,0.0,0.0,0.0012108157522465297
C0520459,Necrotizing Enterocolitis,Matrix Completion,0.2,0.3,0.0673714322752561
C0524620,Metabolic Syndrome X,Neighborhood,0.0,0.025,0.0011945133198935295
C0524620,Metabolic Syndrome X,Random Walk,0.0,0.025,0.0014340927500390986
C0524620,Metabolic Syndrome X,DIAMOnD,0.0,0.095,0.0015553391493660974
C0524620,Metabolic Syndrome X,Neural Embeddings,0.0,0.0,0.000500693286931055
C0524620,Metabolic Syndrome X,Matrix Completion,0.16999999999999998,0.29500000000000004,0.03398237879694268
C0524851,Neurodegenerative Disorders,Neighborhood,0.0,0.0,0.0005682902472273606
C0524851,Neurodegenerative Disorders,Random Walk,0.13333333333333333,0.13333333333333333,0.04064177440163912
C0524851,Neurodegenerative Disorders,DIAMOnD,0.025,0.025,0.025155706717515
C0524851,Neurodegenerative Disorders,Neural Embeddings,0.05833333333333333,0.05833333333333333,0.006638261683532871
C0524851,Neurodegenerative Disorders,Matrix Completion,0.10833333333333332,0.3,0.03501596517183067
C0524909,"Hepatitis B, Chronic",Neighborhood,0.0,0.0,0.0006809331455975238
C0524909,"Hepatitis B, Chronic",Random Walk,0.0,0.05,0.0010534718929871437
C0524909,"Hepatitis B, Chronic",DIAMOnD,0.0,0.0,6.815407214455129e-05
C0524909,"Hepatitis B, Chronic",Neural Embeddings,0.0,0.0,0.0005113506776375881
C0524909,"Hepatitis B, Chronic",Matrix Completion,0.0,0.35,0.010034243257103372
C0546837,Malignant neoplasm of esophagus,Neighborhood,0.0,0.0,0.0013069643335084148
C0546837,Malignant neoplasm of esophagus,Random Walk,0.0,0.05,0.0024907003718278907
C0546837,Malignant neoplasm of esophagus,DIAMOnD,0.0,0.0,0.00048518677518739027
C0546837,Malignant neoplasm of esophagus,Neural Embeddings,0.0,0.0,0.001516928391671369
C0546837,Malignant neoplasm of esophagus,Matrix Completion,0.0,0.2,0.007825714417180224
C0567312,Menopause present (finding),Neighborhood,0.0,0.0,0.0002423175215558753
C0567312,Menopause present (finding),Random Walk,0.0,0.0,0.00021633648582888295
C0567312,Menopause present (finding),DIAMOnD,0.0,0.0,0.0002606713886137876
C0567312,Menopause present (finding),Neural Embeddings,0.0,0.0,0.00020588036635496871
C0567312,Menopause present (finding),Matrix Completion,0.05,0.15,0.005314621105346025
C0598608,Hyperhomocysteinemia,Neighborhood,0.0,0.0,0.001366737516027744
C0598608,Hyperhomocysteinemia,Random Walk,0.0,0.1,0.002262298356454623
C0598608,Hyperhomocysteinemia,DIAMOnD,0.0,0.2,0.005230931737359651
C0598608,Hyperhomocysteinemia,Neural Embeddings,0.0,0.0,0.00036382363299476727
C0598608,Hyperhomocysteinemia,Matrix Completion,0.2,0.3,0.12888634346432676
C0600467,Neurogenic Inflammation,Neighborhood,0.0,0.0,0.000811846178084351
C0600467,Neurogenic Inflammation,Random Walk,0.3,0.3,0.0371967113577797
C0600467,Neurogenic Inflammation,DIAMOnD,0.0,0.0,0.00015129902066034342
C0600467,Neurogenic Inflammation,Neural Embeddings,0.0,0.1,0.0024001007368125702
C0600467,Neurogenic Inflammation,Matrix Completion,0.4,0.7,0.18379267005054317
C0677050,Manganese Poisoning,Neighborhood,0.0,0.0,0.0007343270865778552
C0677050,Manganese Poisoning,Random Walk,0.1,0.1,0.007451796452256719
C0677050,Manganese Poisoning,DIAMOnD,0.0,0.0,7.303318024281826e-05
C0677050,Manganese Poisoning,Neural Embeddings,0.0,0.1,0.003649816044727419
C0677050,Manganese Poisoning,Matrix Completion,0.35,0.35,0.21889404036419605
C0677776,Hereditary Breast and Ovarian Cancer Syndrome,Neighborhood,0.0,0.0,0.003228771475865615
C0677776,Hereditary Breast and Ovarian Cancer Syndrome,Random Walk,0.45,0.8,0.1937191516639804
C0677776,Hereditary Breast and Ovarian Cancer Syndrome,DIAMOnD,0.05,0.5,0.011560656827741983
C0677776,Hereditary Breast and Ovarian Cancer Syndrome,Neural Embeddings,0.05,0.15,0.011906602359693983
C0677776,Hereditary Breast and Ovarian Cancer Syndrome,Matrix Completion,0.2,0.5,0.08479948368409387
C0677886,Epithelial ovarian cancer,Neighborhood,0.0,0.0,0.0006576775837298778
C0677886,Epithelial ovarian cancer,Random Walk,0.0,0.05,0.0017618783333659786
C0677886,Epithelial ovarian cancer,DIAMOnD,0.0,0.0,0.00029263443051236063
C0677886,Epithelial ovarian cancer,Neural Embeddings,0.0,0.0,0.0005663301095065396
C0677886,Epithelial ovarian cancer,Matrix Completion,0.15,0.15,0.04428693998876887
C0699790,Colon Carcinoma,Neighborhood,0.0,0.0,0.0009500284361754774
C0699790,Colon Carcinoma,Random Walk,0.05,0.11666666666666665,0.008308498252765618
C0699790,Colon Carcinoma,DIAMOnD,0.0,0.0,7.486708241789366e-05
C0699790,Colon Carcinoma,Neural Embeddings,0.0,0.06666666666666667,0.002900302751976158
C0699790,Colon Carcinoma,Matrix Completion,0.4,0.6666666666666666,0.06020428916400707
C0740392,"Infarction, Middle Cerebral Artery",Neighborhood,0.0,0.0,0.0011722637607461165
C0740392,"Infarction, Middle Cerebral Artery",Random Walk,0.03333333333333333,0.1,0.004170403865093554
C0740392,"Infarction, Middle Cerebral Artery",DIAMOnD,0.0,0.0,7.889477204685624e-05
C0740392,"Infarction, Middle Cerebral Artery",Neural Embeddings,0.06666666666666667,0.06666666666666667,0.004027985034296785
C0740392,"Infarction, Middle Cerebral Artery",Matrix Completion,0.2833333333333333,0.55,0.07227073490531094
C0751617,Semilobar Holoprosencephaly,Neighborhood,0.15,0.3,0.013272668334748544
C0751617,Semilobar Holoprosencephaly,Random Walk,0.2,0.4,0.019107007200564373
C0751617,Semilobar Holoprosencephaly,DIAMOnD,0.1,0.15,0.05168761792653427
C0751617,Semilobar Holoprosencephaly,Neural Embeddings,0.0,0.0,0.00021372365485643083
C0751617,Semilobar Holoprosencephaly,Matrix Completion,0.2,0.2,0.01026642297212853
C0751778,"Myoclonic Epilepsies, Progressive",Neighborhood,0.0,0.2,0.002583426681903243
C0751778,"Myoclonic Epilepsies, Progressive",Random Walk,0.0,0.2,0.0038852199307671913
C0751778,"Myoclonic Epilepsies, Progressive",DIAMOnD,0.0,0.0,0.00011425757717459931
C0751778,"Myoclonic Epilepsies, Progressive",Neural Embeddings,0.0,0.0,0.00044972966627845337
C0751778,"Myoclonic Epilepsies, Progressive",Matrix Completion,0.1,0.1,0.007037780002369365
C0752166,Bardet-Biedl Syndrome,Neighborhood,0.6166666666666666,0.6166666666666666,0.18915923271975996
C0752166,Bardet-Biedl Syndrome,Random Walk,0.5666666666666667,0.6166666666666666,0.2895054794356747
C0752166,Bardet-Biedl Syndrome,DIAMOnD,0.6166666666666666,0.6166666666666666,0.3008401571557508
C0752166,Bardet-Biedl Syndrome,Neural Embeddings,0.0,0.0,0.00023815852468174592
C0752166,Bardet-Biedl Syndrome,Matrix Completion,0.05,0.05,0.005571915739944206
C0752347,Lewy Body Disease,Neighborhood,0.0,0.0,0.0008415141677396756
C0752347,Lewy Body Disease,Random Walk,0.25,0.25,0.029698413661105462
C0752347,Lewy Body Disease,DIAMOnD,0.0,0.0,7.166840245062719e-05
C0752347,Lewy Body Disease,Neural Embeddings,0.05,0.05,0.003974445411257278
C0752347,Lewy Body Disease,Matrix Completion,0.35,0.55,0.05350062583279356
C0848558,Hypospadias,Neighborhood,0.0,0.0,7.024155358099099e-05
C0848558,Hypospadias,Random Walk,0.0,0.0,0.0001726710728390782
C0848558,Hypospadias,DIAMOnD,0.0,0.0,7.110781692190113e-05
C0848558,Hypospadias,Neural Embeddings,0.0,0.0,0.00011528260620112746
C0848558,Hypospadias,Matrix Completion,0.0,0.15,0.004572112364275495
C0853897,Diabetic Cardiomyopathies,Neighborhood,0.0,0.0,0.0018216133249397228
C0853897,Diabetic Cardiomyopathies,Random Walk,0.0,0.0,0.002559814539570356
C0853897,Diabetic Cardiomyopathies,DIAMOnD,0.0,0.0,7.120319708616626e-05
C0853897,Diabetic Cardiomyopathies,Neural Embeddings,0.0,0.0,0.0005991189870196385
C0853897,Diabetic Cardiomyopathies,Matrix Completion,0.2,0.5,0.11705780135446667
C0860207,Drug-Induced Liver Injury,Neighborhood,0.0,0.016666666666666666,0.0009140304763828093
C0860207,Drug-Induced Liver Injury,Random Walk,0.025,0.05833333333333333,0.0032125798823100086
C0860207,Drug-Induced Liver Injury,DIAMOnD,0.008333333333333333,0.05909090909090908,0.009083419516120923
C0860207,Drug-Induced Liver Injury,Neural Embeddings,0.0,0.016666666666666666,0.0009392314045051104
C0860207,Drug-Induced Liver Injury,Matrix Completion,0.2015151515151515,0.5037878787878787,0.07567182218499757
C0878544,Cardiomyopathies,Neighborhood,0.0,0.0,0.0007086879330271707
C0878544,Cardiomyopathies,Random Walk,0.0,0.07777777777777777,0.002884484241105585
C0878544,Cardiomyopathies,DIAMOnD,0.0,0.01111111111111111,0.0003490937715646829
C0878544,Cardiomyopathies,Neural Embeddings,0.0,0.04444444444444444,0.0014141380894526793
C0878544,Cardiomyopathies,Matrix Completion,0.13333333333333333,0.24444444444444446,0.0739789768692714
C0887833,"Carcinoma, Pancreatic Ductal",Neighborhood,0.0,0.1,0.003944425918473667
C0887833,"Carcinoma, Pancreatic Ductal",Random Walk,0.1,0.2,0.015815585087569882
C0887833,"Carcinoma, Pancreatic Ductal",DIAMOnD,0.25,0.25,0.014468620902168236
C0887833,"Carcinoma, Pancreatic Ductal",Neural Embeddings,0.0,0.0,0.000767580674129305
C0887833,"Carcinoma, Pancreatic Ductal",Matrix Completion,0.2,0.45,0.03280789409412494
C0917796,"Optic Atrophy, Hereditary, Leber",Neighborhood,0.15,0.6,0.018623442641400704
C0917796,"Optic Atrophy, Hereditary, Leber",Random Walk,0.1,0.5,0.021578067066504128
C0917796,"Optic Atrophy, Hereditary, Leber",DIAMOnD,0.3,0.7,0.03270596503262707
C0917796,"Optic Atrophy, Hereditary, Leber",Neural Embeddings,0.4,0.7,0.13851348503463495
C0917796,"Optic Atrophy, Hereditary, Leber",Matrix Completion,0.1,0.1,0.0295860702203981
C0919267,ovarian neoplasm,Neighborhood,0.0,0.0,0.0006181147554426278
C0919267,ovarian neoplasm,Random Walk,0.02,0.09444444444444444,0.0068825124916672645
C0919267,ovarian neoplasm,DIAMOnD,0.0,0.0,0.0001332174278857527
C0919267,ovarian neoplasm,Neural Embeddings,0.03111111111111111,0.07333333333333333,0.004066560040100196
C0919267,ovarian neoplasm,Matrix Completion,0.2766666666666667,0.4855555555555555,0.053458915966974885
C0920269,Microsatellite Instability,Neighborhood,0.0,0.0,0.0015232757876451118
C0920269,Microsatellite Instability,Random Walk,0.0,0.1,0.0034110032050158876
C0920269,Microsatellite Instability,DIAMOnD,0.1,0.2,0.0074713108854102695
C0920269,Microsatellite Instability,Neural Embeddings,0.0,0.05,0.001088891679667757
C0920269,Microsatellite Instability,Matrix Completion,0.2,0.35,0.0593021894479553
C0948089,Acute Coronary Syndrome,Neighborhood,0.0,0.0,0.0010740555325601407
C0948089,Acute Coronary Syndrome,Random Walk,0.06666666666666667,0.13333333333333333,0.006999301093074968
C0948089,Acute Coronary Syndrome,DIAMOnD,0.0,0.06666666666666667,0.0010833927884614874
C0948089,Acute Coronary Syndrome,Neural Embeddings,0.03333333333333333,0.03333333333333333,0.002984742517090523
C0948089,Acute Coronary Syndrome,Matrix Completion,0.16666666666666666,0.23333333333333334,0.06857304494409962
C0949658,"Cardiomyopathy, Hypertrophic, Familial",Neighborhood,0.1,0.18333333333333332,0.021389862010832508
C0949658,"Cardiomyopathy, Hypertrophic, Familial",Random Walk,0.08333333333333333,0.18333333333333332,0.056531959897513605
C0949658,"Cardiomyopathy, Hypertrophic, Familial",DIAMOnD,0.15,0.45,0.04177530983893137
C0949658,"Cardiomyopathy, Hypertrophic, Familial",Neural Embeddings,0.0,0.0,0.00025534154619845167
C0949658,"Cardiomyopathy, Hypertrophic, Familial",Matrix Completion,0.0,0.08333333333333333,0.003595899098289361
C0993582,"Arthritis, Experimental",Neighborhood,0.0,0.0,0.000849540278745674
C0993582,"Arthritis, Experimental",Random Walk,0.025,0.08333333333333333,0.0034764100205291817
C0993582,"Arthritis, Experimental",DIAMOnD,0.0,0.025,0.0004336156600674607
C0993582,"Arthritis, Experimental",Neural Embeddings,0.0,0.03333333333333333,0.002340670822064608
C0993582,"Arthritis, Experimental",Matrix Completion,0.39166666666666666,0.5666666666666667,0.14256060256885034
C1112705,Nuclear non-senile cataract,Neighborhood,0.45,0.45,0.05781689503349137
C1112705,Nuclear non-senile cataract,Random Walk,0.35,0.55,0.05435924803859128
C1112705,Nuclear non-senile cataract,DIAMOnD,0.55,0.65,0.11160167287516128
C1112705,Nuclear non-senile cataract,Neural Embeddings,0.0,0.0,0.0003898134606847265
C1112705,Nuclear non-senile cataract,Matrix Completion,0.0,0.0,0.0016421803327230072
C1136249,"Mental Retardation, X-Linked",Neighborhood,0.0,0.0,0.00010625407730315115
C1136249,"Mental Retardation, X-Linked",Random Walk,0.0,0.0,0.00025809216394127746
C1136249,"Mental Retardation, X-Linked",DIAMOnD,0.0,0.05,0.000794850124654266
C1136249,"Mental Retardation, X-Linked",Neural Embeddings,0.0,0.0,0.00013990461867511065
C1136249,"Mental Retardation, X-Linked",Matrix Completion,0.05,0.25,0.0148701292104745
C1140680,Malignant neoplasm of ovary,Neighborhood,0.0,0.0,0.0017668528057360132
C1140680,Malignant neoplasm of ovary,Random Walk,0.05,0.2,0.006949903348836535
C1140680,Malignant neoplasm of ovary,DIAMOnD,0.0,0.1,0.0014458994987253762
C1140680,Malignant neoplasm of ovary,Neural Embeddings,0.0,0.1,0.0025108884981308852
C1140680,Malignant neoplasm of ovary,Matrix Completion,0.15,0.3,0.04342169248115151
C1142166,Brugada Syndrome (disorder),Neighborhood,0.05,0.1,0.003817294331582905
C1142166,Brugada Syndrome (disorder),Random Walk,0.0,0.05,0.002674886649963309
C1142166,Brugada Syndrome (disorder),DIAMOnD,0.0,0.15,0.0035865907824986143
C1142166,Brugada Syndrome (disorder),Neural Embeddings,0.0,0.0,0.0003612306706535084
C1142166,Brugada Syndrome (disorder),Matrix Completion,0.1,0.15,0.007390496563916717
C1168401,Squamous cell carcinoma of the head and neck,Neighborhood,0.0,0.0,0.00044474997103775724
C1168401,Squamous cell carcinoma of the head and neck,Random Walk,0.05,0.1,0.00466450292884882
C1168401,Squamous cell carcinoma of the head and neck,DIAMOnD,0.0,0.0,8.017329520231739e-05
C1168401,Squamous cell carcinoma of the head and neck,Neural Embeddings,0.1,0.1,0.009267826906589597
C1168401,Squamous cell carcinoma of the head and neck,Matrix Completion,0.26666666666666666,0.5,0.1782090700711893
C1260899,"Anemia, Diamond-Blackfan",Neighborhood,0.0,0.65,0.01393323536160917
C1260899,"Anemia, Diamond-Blackfan",Random Walk,0.2,0.9,0.08554084643982594
C1260899,"Anemia, Diamond-Blackfan",DIAMOnD,0.6,0.9,0.048329018987845675
C1260899,"Anemia, Diamond-Blackfan",Neural Embeddings,0.15,0.4,0.013084472264201147
C1260899,"Anemia, Diamond-Blackfan",Matrix Completion,0.15,0.15,0.010920189414442397
C1261473,Sarcoma,Neighborhood,0.0,0.0,0.001114168995155824
C1261473,Sarcoma,Random Walk,0.05,0.2,0.011203919173767922
C1261473,Sarcoma,DIAMOnD,0.0,0.0,9.823136588478082e-05
C1261473,Sarcoma,Neural Embeddings,0.1,0.1,0.011708858863969931
C1261473,Sarcoma,Matrix Completion,0.35,0.65,0.13808585390331754
C1261502,Finding of Mean Corpuscular Hemoglobin,Neighborhood,0.15,0.15,0.009719246209613192
C1261502,Finding of Mean Corpuscular Hemoglobin,Random Walk,0.05,0.05,0.010394563191015647
C1261502,Finding of Mean Corpuscular Hemoglobin,DIAMOnD,0.1,0.1,0.007254972324181172
C1261502,Finding of Mean Corpuscular Hemoglobin,Neural Embeddings,0.0,0.0,0.00017562133472836524
C1261502,Finding of Mean Corpuscular Hemoglobin,Matrix Completion,0.1,0.1,0.011390765269645197
C1262477,Weight decreased,Neighborhood,0.0,0.0,7.80009151932855e-05
C1262477,Weight decreased,Random Walk,0.0,0.0,0.00042048335148387367
C1262477,Weight decreased,DIAMOnD,0.0,0.0,8.262765589528584e-05
C1262477,Weight decreased,Neural Embeddings,0.0,0.0,0.0008648044252520737
C1262477,Weight decreased,Matrix Completion,0.4,0.6,0.05255045461632525
C1263846,Attention deficit hyperactivity disorder,Neighborhood,0.05833333333333333,0.14999999999999997,0.006163359684380793
C1263846,Attention deficit hyperactivity disorder,Random Walk,0.0,0.05833333333333333,0.002259867890730092
C1263846,Attention deficit hyperactivity disorder,DIAMOnD,0.03333333333333333,0.11666666666666665,0.005658102512794735
C1263846,Attention deficit hyperactivity disorder,Neural Embeddings,0.0,0.03333333333333333,0.0006700669736986805
C1263846,Attention deficit hyperactivity disorder,Matrix Completion,0.14166666666666666,0.26666666666666666,0.06002592940869768
C1269683,Major Depressive Disorder,Neighborhood,0.0,0.0,0.00028634749356797534
C1269683,Major Depressive Disorder,Random Walk,0.0,0.0,0.000306190087878753
C1269683,Major Depressive Disorder,DIAMOnD,0.0,0.0,0.0001244790934301294
C1269683,Major Depressive Disorder,Neural Embeddings,0.0,0.0,0.00041600313494880557
C1269683,Major Depressive Disorder,Matrix Completion,0.13333333333333333,0.325,0.028260032534616474
C1271104,Blood pressure finding,Neighborhood,0.0,0.0,0.0003660227294339934
C1271104,Blood pressure finding,Random Walk,0.0,0.0,0.000249974673230736
C1271104,Blood pressure finding,DIAMOnD,0.0,0.0,0.00019559105605371777
C1271104,Blood pressure finding,Neural Embeddings,0.0,0.02,0.000570718215993793
C1271104,Blood pressure finding,Matrix Completion,0.1,0.24,0.030206289538874154
C1272641,Systemic arterial pressure,Neighborhood,0.0,0.0,0.0003660227294339934
C1272641,Systemic arterial pressure,Random Walk,0.0,0.0,0.000249974673230736
C1272641,Systemic arterial pressure,DIAMOnD,0.0,0.0,0.00019559105605371777
C1272641,Systemic arterial pressure,Neural Embeddings,0.0,0.02,0.000570718215993793
C1272641,Systemic arterial pressure,Matrix Completion,0.1,0.24,0.030206289538874154
C1319853,"Asthma, Aspirin-Induced",Neighborhood,0.15,0.3,0.03165943402868158
C1319853,"Asthma, Aspirin-Induced",Random Walk,0.15,0.25,0.027012260155389718
C1319853,"Asthma, Aspirin-Induced",DIAMOnD,0.15,0.25,0.031117767424652852
C1319853,"Asthma, Aspirin-Induced",Neural Embeddings,0.0,0.1,0.0019758973061894196
C1319853,"Asthma, Aspirin-Induced",Matrix Completion,0.05,0.15,0.030296112469211506
C1333990,Hereditary Nonpolyposis Colorectal Cancer,Neighborhood,0.0,0.1,0.0044005162010139496
C1333990,Hereditary Nonpolyposis Colorectal Cancer,Random Walk,0.3,0.4,0.03262226286522697
C1333990,Hereditary Nonpolyposis Colorectal Cancer,DIAMOnD,0.3,0.4,0.017717779777229263
C1333990,Hereditary Nonpolyposis Colorectal Cancer,Neural Embeddings,0.0,0.0,0.0006177865063511647
C1333990,Hereditary Nonpolyposis Colorectal Cancer,Matrix Completion,0.1,0.45,0.028984067663081918
C1336708,Testicular Germ Cell Tumor,Neighborhood,0.0,0.0,0.0001337620404011396
C1336708,Testicular Germ Cell Tumor,Random Walk,0.0,0.0,0.0002463835620804454
C1336708,Testicular Germ Cell Tumor,DIAMOnD,0.0,0.0,0.00017791994663278994
C1336708,Testicular Germ Cell Tumor,Neural Embeddings,0.0,0.0,0.00045534155040805827
C1336708,Testicular Germ Cell Tumor,Matrix Completion,0.0,0.08333333333333333,0.003311109397118664
C1384666,hearing impairment,Neighborhood,0.0,0.0,8.956139876272642e-05
C1384666,hearing impairment,Random Walk,0.0,0.0,0.00026045142308589756
C1384666,hearing impairment,DIAMOnD,0.0,0.0,9.698760343753276e-05
C1384666,hearing impairment,Neural Embeddings,0.0,0.0,0.0008934609957608035
C1384666,hearing impairment,Matrix Completion,0.08333333333333333,0.10833333333333332,0.014206954997582802
C1449861,"Micronuclei, Chromosome-Defective",Neighborhood,0.0,0.0,0.0019443699918400667
C1449861,"Micronuclei, Chromosome-Defective",Random Walk,0.0,0.0,0.002336252232549773
C1449861,"Micronuclei, Chromosome-Defective",DIAMOnD,0.0,0.1,0.0014119611196662756
C1449861,"Micronuclei, Chromosome-Defective",Neural Embeddings,0.0,0.0,0.0005442098108979502
C1449861,"Micronuclei, Chromosome-Defective",Matrix Completion,0.15,0.35,0.030314240110724144
C1458155,Mammary Neoplasms,Neighborhood,0.0,0.0,0.00041607508444199204
C1458155,Mammary Neoplasms,Random Walk,0.022134146341463413,0.05414634146341464,0.003975369639775344
C1458155,Mammary Neoplasms,DIAMOnD,0.04445121951219512,0.08121951219512195,0.007740817368628196
C1458155,Mammary Neoplasms,Neural Embeddings,0.014756097560975612,0.04201219512195122,0.002464150276695438
C1458155,Mammary Neoplasms,Matrix Completion,0.6158536585365854,1.0,0.10575518574798057
C1527249,Colorectal Cancer,Neighborhood,0.0,0.0,0.001070772789295041
C1527249,Colorectal Cancer,Random Walk,0.0,0.05,0.0015846292811143923
C1527249,Colorectal Cancer,DIAMOnD,0.0,0.0,0.00033172082089340195
C1527249,Colorectal Cancer,Neural Embeddings,0.0,0.05,0.0013558298273554782
C1527249,Colorectal Cancer,Matrix Completion,0.18333333333333332,0.45,0.04455394001503229
C1527336,Sjogren's Syndrome,Neighborhood,0.0,0.0,0.0006277175639726849
C1527336,Sjogren's Syndrome,Random Walk,0.0,0.0,0.0017420864014603015
C1527336,Sjogren's Syndrome,DIAMOnD,0.2,0.2,0.00917246609001337
C1527336,Sjogren's Syndrome,Neural Embeddings,0.0,0.0,0.0003441407688829439
C1527336,Sjogren's Syndrome,Matrix Completion,0.15,0.3,0.01899578049655645
C1561643,Chronic Kidney Diseases,Neighborhood,0.0,0.0,0.0001563190281063862
C1561643,Chronic Kidney Diseases,Random Walk,0.0,0.0,0.00016770380759527877
C1561643,Chronic Kidney Diseases,DIAMOnD,0.0,0.0,0.00016589502969192754
C1561643,Chronic Kidney Diseases,Neural Embeddings,0.0,0.0,9.412066813237916e-05
C1561643,Chronic Kidney Diseases,Matrix Completion,0.0,0.05,0.0015098423852164897
C1561955,Fibrinogen Adverse Event,Neighborhood,0.0,0.1,0.0016215234806529588
C1561955,Fibrinogen Adverse Event,Random Walk,0.0,0.05,0.0009733469648943134
C1561955,Fibrinogen Adverse Event,DIAMOnD,0.1,0.15,0.015648844442750658
C1561955,Fibrinogen Adverse Event,Neural Embeddings,0.0,0.0,0.00011588963690418235
C1561955,Fibrinogen Adverse Event,Matrix Completion,0.1,0.15,0.010612868776972637
C1565489,Renal Insufficiency,Neighborhood,0.0,0.3,0.008882223746385965
C1565489,Renal Insufficiency,Random Walk,0.2,0.3,0.015474511903597166
C1565489,Renal Insufficiency,DIAMOnD,0.2,0.2,0.011986178761576776
C1565489,Renal Insufficiency,Neural Embeddings,0.0,0.0,0.00018188474387235062
C1565489,Renal Insufficiency,Matrix Completion,0.7,0.8,0.10241147957239563
C1720824,Sudden Cardiac Arrest,Neighborhood,0.0,0.0,0.0007491700477926528
C1720824,Sudden Cardiac Arrest,Random Walk,0.0,0.0,0.0009637372173890524
C1720824,Sudden Cardiac Arrest,DIAMOnD,0.0,0.0,0.00013571532490222867
C1720824,Sudden Cardiac Arrest,Neural Embeddings,0.0,0.0,0.00024502380435158287
C1720824,Sudden Cardiac Arrest,Matrix Completion,0.05,0.1,0.02672354879717908
C1720887,Female Urogenital Diseases,Neighborhood,0.0,0.15,0.0037107654095640307
C1720887,Female Urogenital Diseases,Random Walk,0.0,0.25,0.006266086727653211
C1720887,Female Urogenital Diseases,DIAMOnD,0.0,0.1,0.001876391065299745
C1720887,Female Urogenital Diseases,Neural Embeddings,0.0,0.0,0.00023278190673831664
C1720887,Female Urogenital Diseases,Matrix Completion,0.15,0.15,0.02235545945964163
C1800706,Idiopathic Pulmonary Fibrosis,Neighborhood,0.25,0.3,0.013913817192387531
C1800706,Idiopathic Pulmonary Fibrosis,Random Walk,0.25,0.3,0.02136128198323528
C1800706,Idiopathic Pulmonary Fibrosis,DIAMOnD,0.0,0.0,0.0002878676606315677
C1800706,Idiopathic Pulmonary Fibrosis,Neural Embeddings,0.0,0.0,0.0002055216121854055
C1800706,Idiopathic Pulmonary Fibrosis,Matrix Completion,0.1,0.1,0.009086218106790044
C1832200,Peroxisome biogenesis disorders,Neighborhood,0.9,1.0,0.11943613769271663
C1832200,Peroxisome biogenesis disorders,Random Walk,0.7,1.0,0.39022240679217424
C1832200,Peroxisome biogenesis disorders,DIAMOnD,1.0,1.0,0.5152777777777777
C1832200,Peroxisome biogenesis disorders,Neural Embeddings,0.0,0.0,0.00032169846475233393
C1832200,Peroxisome biogenesis disorders,Matrix Completion,0.0,0.0,0.001544671868600939
C1834752,"MYCOBACTERIUM TUBERCULOSIS, SUSCEPTIBILITY TO (finding)",Neighborhood,0.1,0.4,0.010680491939219898
C1834752,"MYCOBACTERIUM TUBERCULOSIS, SUSCEPTIBILITY TO (finding)",Random Walk,0.1,0.3,0.013367806681050597
C1834752,"MYCOBACTERIUM TUBERCULOSIS, SUSCEPTIBILITY TO (finding)",DIAMOnD,0.0,0.1,0.0016243050277776594
C1834752,"MYCOBACTERIUM TUBERCULOSIS, SUSCEPTIBILITY TO (finding)",Neural Embeddings,0.0,0.0,0.0010479831862386252
C1834752,"MYCOBACTERIUM TUBERCULOSIS, SUSCEPTIBILITY TO (finding)",Matrix Completion,0.2,0.3,0.05213340983752387
C1838951,LEIGH SYNDROME DUE TO MITOCHONDRIAL COMPLEX I DEFICIENCY,Neighborhood,0.15,0.65,0.02167542222455813
C1838951,LEIGH SYNDROME DUE TO MITOCHONDRIAL COMPLEX I DEFICIENCY,Random Walk,0.45,0.65,0.030669898907106575
C1838951,LEIGH SYNDROME DUE TO MITOCHONDRIAL COMPLEX I DEFICIENCY,DIAMOnD,0.25,0.75,0.03325617815922135
C1838951,LEIGH SYNDROME DUE TO MITOCHONDRIAL COMPLEX I DEFICIENCY,Neural Embeddings,0.25,0.75,0.030119235619882778
C1838951,LEIGH SYNDROME DUE TO MITOCHONDRIAL COMPLEX I DEFICIENCY,Matrix Completion,0.05,0.05,0.0029121648307257495
C1838979,MITOCHONDRIAL COMPLEX I DEFICIENCY,Neighborhood,0.35,0.8333333333333333,0.05747713643037526
C1838979,MITOCHONDRIAL COMPLEX I DEFICIENCY,Random Walk,0.45,0.8,0.05418937212296565
C1838979,MITOCHONDRIAL COMPLEX I DEFICIENCY,DIAMOnD,0.3833333333333333,0.8333333333333333,0.06797267924518183
C1838979,MITOCHONDRIAL COMPLEX I DEFICIENCY,Neural Embeddings,0.2833333333333333,0.8,0.03887364179557452
C1838979,MITOCHONDRIAL COMPLEX I DEFICIENCY,Matrix Completion,0.08333333333333333,0.08333333333333333,0.005264595512072224
C1840235,SOLITARY MEDIAN MAXILLARY CENTRAL INCISOR,Neighborhood,0.15,0.3,0.013272668334748544
C1840235,SOLITARY MEDIAN MAXILLARY CENTRAL INCISOR,Random Walk,0.2,0.4,0.019107007200564373
C1840235,SOLITARY MEDIAN MAXILLARY CENTRAL INCISOR,DIAMOnD,0.1,0.15,0.05168761792653427
C1840235,SOLITARY MEDIAN MAXILLARY CENTRAL INCISOR,Neural Embeddings,0.0,0.0,0.00021372365485643083
C1840235,SOLITARY MEDIAN MAXILLARY CENTRAL INCISOR,Matrix Completion,0.2,0.2,0.01026642297212853
C1843367,Poor school performance,Neighborhood,0.0,0.0,0.00022704732505035314
C1843367,Poor school performance,Random Walk,0.0,0.0,0.00019661225943998656
C1843367,Poor school performance,DIAMOnD,0.0,0.0,0.0002497898513944919
C1843367,Poor school performance,Neural Embeddings,0.0,0.0,0.0002656876462540319
C1843367,Poor school performance,Matrix Completion,0.1,0.1,0.011013086886977715
C1861063,"TOBACCO ADDICTION, SUSCEPTIBILITY TO (finding)",Neighborhood,0.0,0.0,0.00011364241086157413
C1861063,"TOBACCO ADDICTION, SUSCEPTIBILITY TO (finding)",Random Walk,0.1,0.3,0.014259306882775527
C1861063,"TOBACCO ADDICTION, SUSCEPTIBILITY TO (finding)",DIAMOnD,0.3,0.3,0.06009282789280225
C1861063,"TOBACCO ADDICTION, SUSCEPTIBILITY TO (finding)",Neural Embeddings,0.0,0.0,0.0003995352946543444
C1861063,"TOBACCO ADDICTION, SUSCEPTIBILITY TO (finding)",Matrix Completion,0.3,0.5,0.07085793772593582
C1861172,Venous Thromboembolism,Neighborhood,0.0,0.125,0.0037716535838634192
C1861172,Venous Thromboembolism,Random Walk,0.06666666666666667,0.12499999999999997,0.020505470705012102
C1861172,Venous Thromboembolism,DIAMOnD,0.1,0.31666666666666665,0.046180716886689115
C1861172,Venous Thromboembolism,Neural Embeddings,0.0,0.03333333333333333,0.0014420047941325394
C1861172,Venous Thromboembolism,Matrix Completion,0.05833333333333333,0.09166666666666666,0.03609766447550854
C1862939,AMYOTROPHIC LATERAL SCLEROSIS 1,Neighborhood,0.0,0.025,0.000959378531382692
C1862939,AMYOTROPHIC LATERAL SCLEROSIS 1,Random Walk,0.025,0.05,0.0053948097489004915
C1862939,AMYOTROPHIC LATERAL SCLEROSIS 1,DIAMOnD,0.0,0.0,7.469555129966314e-05
C1862939,AMYOTROPHIC LATERAL SCLEROSIS 1,Neural Embeddings,0.025,0.045,0.002497284750180931
C1862939,AMYOTROPHIC LATERAL SCLEROSIS 1,Matrix Completion,0.04,0.085,0.025749149538814447
C1876165,Copper-Overload Cirrhosis,Neighborhood,0.0,0.0,0.0008673575475368614
C1876165,Copper-Overload Cirrhosis,Random Walk,0.1,0.1,0.011765971188108218
C1876165,Copper-Overload Cirrhosis,DIAMOnD,0.0,0.0,7.766510060774003e-05
C1876165,Copper-Overload Cirrhosis,Neural Embeddings,0.0,0.1,0.0024987246294976453
C1876165,Copper-Overload Cirrhosis,Matrix Completion,0.35,0.35,0.056726655775452176
C1955869,Malformations of Cortical Development,Neighborhood,0.0,0.0,0.0013159327866002607
C1955869,Malformations of Cortical Development,Random Walk,0.0,0.1,0.002774040446988232
C1955869,Malformations of Cortical Development,DIAMOnD,0.0,0.0,7.860918379595515e-05
C1955869,Malformations of Cortical Development,Neural Embeddings,0.0,0.0,0.0008918744768217845
C1955869,Malformations of Cortical Development,Matrix Completion,0.1,0.3,0.02598160923688162
C1956346,Coronary Artery Disease,Neighborhood,0.0,0.014285714285714285,0.0007112219207832091
C1956346,Coronary Artery Disease,Random Walk,0.0,0.030952380952380953,0.0012941448094097537
C1956346,Coronary Artery Disease,DIAMOnD,0.0,0.0,0.0001822809835253004
C1956346,Coronary Artery Disease,Neural Embeddings,0.0,0.014285714285714285,0.0008447736426365658
C1956346,Coronary Artery Disease,Matrix Completion,0.1261904761904762,0.2523809523809523,0.03601693528157883
C1959629,Seizure Adverse Event,Neighborhood,0.0,0.0,0.00016296534652867733
C1959629,Seizure Adverse Event,Random Walk,0.0,0.0,0.00015861427994456022
C1959629,Seizure Adverse Event,DIAMOnD,0.0,0.0,0.00018093029478226808
C1959629,Seizure Adverse Event,Neural Embeddings,0.0,0.0,0.000182240589087095
C1959629,Seizure Adverse Event,Matrix Completion,0.05,0.05,0.004336682860583486
C1960469,Left ventricular noncompaction,Neighborhood,0.0,0.1,0.003077818879958056
C1960469,Left ventricular noncompaction,Random Walk,0.1,0.1,0.03438633142449662
C1960469,Left ventricular noncompaction,DIAMOnD,0.2,0.25,0.011185676401224904
C1960469,Left ventricular noncompaction,Neural Embeddings,0.0,0.0,0.0004815086283712425
C1960469,Left ventricular noncompaction,Matrix Completion,0.0,0.15,0.006206977296484821
C1961099,Precursor T-Cell Lymphoblastic Leukemia-Lymphoma,Neighborhood,0.0,0.05,0.0018173243388485943
C1961099,Precursor T-Cell Lymphoblastic Leukemia-Lymphoma,Random Walk,0.05,0.15,0.006151128392574142
C1961099,Precursor T-Cell Lymphoblastic Leukemia-Lymphoma,DIAMOnD,0.05,0.05,0.002608358921854179
C1961099,Precursor T-Cell Lymphoblastic Leukemia-Lymphoma,Neural Embeddings,0.0,0.0,0.0008856831380976635
C1961099,Precursor T-Cell Lymphoblastic Leukemia-Lymphoma,Matrix Completion,0.05,0.2,0.008995113265275093
C1961102,Precursor Cell Lymphoblastic Leukemia Lymphoma,Neighborhood,0.0,0.0,0.0008007435145010417
C1961102,Precursor Cell Lymphoblastic Leukemia Lymphoma,Random Walk,0.06999999999999999,0.095,0.00609658635376995
C1961102,Precursor Cell Lymphoblastic Leukemia Lymphoma,DIAMOnD,0.0,0.05,0.0005996376299987965
C1961102,Precursor Cell Lymphoblastic Leukemia Lymphoma,Neural Embeddings,0.0,0.05,0.0016015835276865435
C1961102,Precursor Cell Lymphoblastic Leukemia Lymphoma,Matrix Completion,0.16999999999999998,0.24500000000000002,0.0672332518781495
C2239176,Liver carcinoma,Neighborhood,0.0,0.0,0.00042550818452797136
C2239176,Liver carcinoma,Random Walk,0.022943722943722943,0.06926406926406928,0.0035803951211923904
C2239176,Liver carcinoma,DIAMOnD,0.013636363636363636,0.0647186147186147,0.0020655218353700924
C2239176,Liver carcinoma,Neural Embeddings,0.013852813852813853,0.046320346320346324,0.002903803989516078
C2239176,Liver carcinoma,Matrix Completion,1.0,1.0,0.1695115199775497
C2607914,Allergic rhinitis (disorder),Neighborhood,0.0,0.0,0.00021097657727820162
C2607914,Allergic rhinitis (disorder),Random Walk,0.0,0.0,0.0001328268048788412
C2607914,Allergic rhinitis (disorder),DIAMOnD,0.0,0.0,0.00018140114112418166
C2607914,Allergic rhinitis (disorder),Neural Embeddings,0.0,0.0,7.332351931762939e-05
C2607914,Allergic rhinitis (disorder),Matrix Completion,0.0,0.05,0.0034345357923998288
C2609414,Acute kidney injury,Neighborhood,0.0,0.0,0.0006221639068354811
C2609414,Acute kidney injury,Random Walk,0.016666666666666666,0.09285714285714285,0.0031307923566905567
C2609414,Acute kidney injury,DIAMOnD,0.0,0.0,0.00010818000109099487
C2609414,Acute kidney injury,Neural Embeddings,0.016666666666666666,0.03333333333333333,0.002969120508148273
C2609414,Acute kidney injury,Matrix Completion,0.2928571428571428,0.5095238095238096,0.06795402545908005
C2931456,"Prostate cancer, familial",Neighborhood,0.0,0.0,0.0011613411436109376
C2931456,"Prostate cancer, familial",Random Walk,0.0,0.1,0.0027783317624751266
C2931456,"Prostate cancer, familial",DIAMOnD,0.0,0.2,0.0023561224643817782
C2931456,"Prostate cancer, familial",Neural Embeddings,0.0,0.1,0.002153765468891032
C2931456,"Prostate cancer, familial",Matrix Completion,0.3,0.4,0.08860998739470652
C2931673,"Ceroid lipofuscinosis, neuronal 1, infantile",Neighborhood,0.0,0.0,0.0008490122802561686
C2931673,"Ceroid lipofuscinosis, neuronal 1, infantile",Random Walk,0.0,0.0,0.0013647035362010997
C2931673,"Ceroid lipofuscinosis, neuronal 1, infantile",DIAMOnD,0.0,0.0,9.15770177899878e-05
C2931673,"Ceroid lipofuscinosis, neuronal 1, infantile",Neural Embeddings,0.0,0.0,0.0010631306363468678
C2931673,"Ceroid lipofuscinosis, neuronal 1, infantile",Matrix Completion,0.2,0.3,0.02773406657441575
C2931822,Nasopharyngeal carcinoma,Neighborhood,0.0,0.0,0.0006633062227991282
C2931822,Nasopharyngeal carcinoma,Random Walk,0.05,0.1,0.005188557484528662
C2931822,Nasopharyngeal carcinoma,DIAMOnD,0.0,0.0,8.72928261670024e-05
C2931822,Nasopharyngeal carcinoma,Neural Embeddings,0.05,0.05,0.004332292902678161
C2931822,Nasopharyngeal carcinoma,Matrix Completion,0.4,0.55,0.18172826342686926
C2936907,NADH:Q(1) Oxidoreductase deficiency,Neighborhood,0.35,0.85,0.05349410366403192
C2936907,NADH:Q(1) Oxidoreductase deficiency,Random Walk,0.45,0.8,0.08683352782709822
C2936907,NADH:Q(1) Oxidoreductase deficiency,DIAMOnD,0.2,0.8,0.08714276042073807
C2936907,NADH:Q(1) Oxidoreductase deficiency,Neural Embeddings,0.2,0.75,0.03285542710540869
C2936907,NADH:Q(1) Oxidoreductase deficiency,Matrix Completion,0.1,0.1,0.005445388672932
C2937358,Cerebral Hemorrhage,Neighborhood,0.0,0.0,0.0018511708665105697
C2937358,Cerebral Hemorrhage,Random Walk,0.0,0.2,0.005291921660103509
C2937358,Cerebral Hemorrhage,DIAMOnD,0.0,0.03333333333333333,0.0005182604325211722
C2937358,Cerebral Hemorrhage,Neural Embeddings,0.0,0.0,0.0010300438051637658
C2937358,Cerebral Hemorrhage,Matrix Completion,0.2833333333333333,0.55,0.029875568927522834
C3160718,"PARKINSON DISEASE, LATE-ONSET",Neighborhood,0.0,0.0,0.0013648131085574663
C3160718,"PARKINSON DISEASE, LATE-ONSET",Random Walk,0.05,0.05,0.009219996794494477
C3160718,"PARKINSON DISEASE, LATE-ONSET",DIAMOnD,0.0,0.0,7.450061341450365e-05
C3160718,"PARKINSON DISEASE, LATE-ONSET",Neural Embeddings,0.0,0.15,0.0045864351212211215
C3160718,"PARKINSON DISEASE, LATE-ONSET",Matrix Completion,0.0,0.05,0.002979989006517663
C3160731,Pulmonary function (finding),Neighborhood,0.03333333333333333,0.03333333333333333,0.0032673204083994273
C3160731,Pulmonary function (finding),Random Walk,0.03333333333333333,0.03333333333333333,0.0039043796050430867
C3160731,Pulmonary function (finding),DIAMOnD,0.03333333333333333,0.03333333333333333,0.005897052233911238
C3160731,Pulmonary function (finding),Neural Embeddings,0.0,0.0,0.00016465149685413393
C3160731,Pulmonary function (finding),Matrix Completion,0.06666666666666667,0.1,0.004755751627543048
C3463824,MYELODYSPLASTIC SYNDROME,Neighborhood,0.0,0.05,0.0011984618052939319
C3463824,MYELODYSPLASTIC SYNDROME,Random Walk,0.0,0.05,0.002774421469811315
C3463824,MYELODYSPLASTIC SYNDROME,DIAMOnD,0.0,0.0,8.664222370880357e-05
C3463824,MYELODYSPLASTIC SYNDROME,Neural Embeddings,0.0,0.0,0.0009330195166781527
C3463824,MYELODYSPLASTIC SYNDROME,Matrix Completion,0.2,0.35,0.06966362499694392
C3495498,"Cardiomyopathy, Familial Hypertrophic, 1 (disorder)",Neighborhood,0.2,0.2,0.012237760514654857
C3495498,"Cardiomyopathy, Familial Hypertrophic, 1 (disorder)",Random Walk,0.2,0.2,0.012712169524046857
C3495498,"Cardiomyopathy, Familial Hypertrophic, 1 (disorder)",DIAMOnD,0.3,0.6,0.03456933083115552
C3495498,"Cardiomyopathy, Familial Hypertrophic, 1 (disorder)",Neural Embeddings,0.0,0.0,0.0002203092107104941
C3495498,"Cardiomyopathy, Familial Hypertrophic, 1 (disorder)",Matrix Completion,0.1,0.1,0.007690710806532547
C3495559,Juvenile arthritis,Neighborhood,0.0,0.015384615384615385,0.0005396939123323296
C3495559,Juvenile arthritis,Random Walk,0.008333333333333333,0.03269230769230769,0.001913011272264735
C3495559,Juvenile arthritis,DIAMOnD,0.0,0.06666666666666668,0.0013030426366837432
C3495559,Juvenile arthritis,Neural Embeddings,0.0,0.025,0.0010543905793917734
C3495559,Juvenile arthritis,Matrix Completion,1.0,1.0,0.2558058465750773
C3714756,Intellectual Disability,Neighborhood,0.0,0.007692307692307693,0.0008018293573656811
C3714756,Intellectual Disability,Random Walk,0.008333333333333333,0.016025641025641024,0.001140804290111776
C3714756,Intellectual Disability,DIAMOnD,0.0,0.015384615384615385,0.0005533074746520241
C3714756,Intellectual Disability,Neural Embeddings,0.0,0.0,0.0005311530360930618
C3714756,Intellectual Disability,Matrix Completion,0.14102564102564102,0.14102564102564102,0.09019796508719093
C3809874,"LEUKEMIA, ACUTE LYMPHOBLASTIC, SUSCEPTIBILITY TO, 3",Neighborhood,0.0,0.0,0.0005825559449919801
C3809874,"LEUKEMIA, ACUTE LYMPHOBLASTIC, SUSCEPTIBILITY TO, 3",Random Walk,0.05,0.05,0.00492472010625457
C3809874,"LEUKEMIA, ACUTE LYMPHOBLASTIC, SUSCEPTIBILITY TO, 3",DIAMOnD,0.0,0.0,7.144692518007854e-05
C3809874,"LEUKEMIA, ACUTE LYMPHOBLASTIC, SUSCEPTIBILITY TO, 3",Neural Embeddings,0.0,0.1,0.0029455776031091065
C3809874,"LEUKEMIA, ACUTE LYMPHOBLASTIC, SUSCEPTIBILITY TO, 3",Matrix Completion,0.16666666666666666,0.21666666666666665,0.07964486192566807
C3875321,Inflammatory dermatosis,Neighborhood,0.0,0.0,0.00023556603877978978
C3875321,Inflammatory dermatosis,Random Walk,0.0,0.0,0.0003462881132564311
C3875321,Inflammatory dermatosis,DIAMOnD,0.0,0.0,0.00021477630404902193
C3875321,Inflammatory dermatosis,Neural Embeddings,0.0,0.03333333333333333,0.0005594453318837785
C3875321,Inflammatory dermatosis,Matrix Completion,0.03333333333333333,0.09166666666666665,0.006502513461917178
